2026-06-05T10:55:55.129-03:00  INFO 15136 --- [libraryapi] [main] c.g.iuryrayam.libraryapi.Application     : Starting Application using Java 21.0.8 with PID 15136 (C:\Users\Iury Rayam\OneDrive\Documentos\projetos de tecnologias\projetos java\spring-boot-expert\libraryapi\target\classes started by Iury Rayam in C:\Users\Iury Rayam\OneDrive\Documentos\projetos de tecnologias\projetos java\spring-boot-expert\libraryapi)
2026-06-05T10:55:55.137-03:00  INFO 15136 --- [libraryapi] [main] c.g.iuryrayam.libraryapi.Application     : No active profile set, falling back to 1 default profile: "default"
2026-06-05T10:55:56.944-03:00  INFO 15136 --- [libraryapi] [main] .s.d.r.c.RepositoryConfigurationDelegate : Bootstrapping Spring Data JPA repositories in DEFAULT mode.
2026-06-05T10:55:57.061-03:00  INFO 15136 --- [libraryapi] [main] .s.d.r.c.RepositoryConfigurationDelegate : Finished Spring Data repository scanning in 104 ms. Found 4 JPA repository interfaces.
2026-06-05T10:55:58.366-03:00  INFO 15136 --- [libraryapi] [main] o.s.b.w.embedded.tomcat.TomcatWebServer  : Tomcat initialized with port 8080 (http)
2026-06-05T10:55:58.396-03:00  INFO 15136 --- [libraryapi] [main] o.apache.catalina.core.StandardService   : Starting service [Tomcat]
2026-06-05T10:55:58.396-03:00  INFO 15136 --- [libraryapi] [main] o.apache.catalina.core.StandardEngine    : Starting Servlet engine: [Apache Tomcat/10.1.30]
2026-06-05T10:55:58.527-03:00  INFO 15136 --- [libraryapi] [main] o.a.c.c.C.[Tomcat].[localhost].[/]       : Initializing Spring embedded WebApplicationContext
2026-06-05T10:55:58.527-03:00  INFO 15136 --- [libraryapi] [main] w.s.c.ServletWebServerApplicationContext : Root WebApplicationContext: initialization completed in 3311 ms
2026-06-05T10:55:58.625-03:00  WARN 15136 --- [libraryapi] [main] com.zaxxer.hikari.HikariConfig           : library-db-pool - idleTimeout is close to or more than maxLifetime, disabling it.
2026-06-05T10:55:58.645-03:00  INFO 15136 --- [libraryapi] [main] com.zaxxer.hikari.HikariDataSource       : library-db-pool - Starting...
2026-06-05T10:55:59.017-03:00  INFO 15136 --- [libraryapi] [main] com.zaxxer.hikari.pool.HikariPool        : library-db-pool - Added connection org.postgresql.jdbc.PgConnection@10131289
2026-06-05T10:55:59.019-03:00  INFO 15136 --- [libraryapi] [main] com.zaxxer.hikari.HikariDataSource       : library-db-pool - Start completed.
2026-06-05T10:55:59.193-03:00  INFO 15136 --- [libraryapi] [main] o.hibernate.jpa.internal.util.LogHelper  : HHH000204: Processing PersistenceUnitInfo [name: default]
2026-06-05T10:55:59.362-03:00  INFO 15136 --- [libraryapi] [main] org.hibernate.Version                    : HHH000412: Hibernate ORM core version 6.5.3.Final
2026-06-05T10:55:59.436-03:00  INFO 15136 --- [libraryapi] [main] o.h.c.internal.RegionFactoryInitiator    : HHH000026: Second-level cache disabled
2026-06-05T10:56:00.040-03:00  INFO 15136 --- [libraryapi] [main] o.s.o.j.p.SpringPersistenceUnitInfo      : No LoadTimeWeaver setup: ignoring JPA class transformer
2026-06-05T10:56:01.071-03:00  INFO 15136 --- [libraryapi] [main] o.h.e.t.j.p.i.JtaPlatformInitiator       : HHH000489: No JTA platform available (set 'hibernate.transaction.jta.platform' to enable JTA platform integration)
2026-06-05T10:56:01.074-03:00  INFO 15136 --- [libraryapi] [main] j.LocalContainerEntityManagerFactoryBean : Initialized JPA EntityManagerFactory for persistence unit 'default'
2026-06-05T10:56:01.622-03:00  INFO 15136 --- [libraryapi] [main] o.s.d.j.r.query.QueryEnhancerFactory     : Hibernate is in classpath; If applicable, HQL parser will be used.
2026-06-05T10:56:02.711-03:00  WARN 15136 --- [libraryapi] [main] JpaBaseConfiguration$JpaWebConfiguration : spring.jpa.open-in-view is enabled by default. Therefore, database queries may be performed during view rendering. Explicitly configure spring.jpa.open-in-view to disable this warning
2026-06-05T10:56:02.737-03:00  INFO 15136 --- [libraryapi] [main] eAuthenticationProviderManagerConfigurer : Global AuthenticationManager configured with AuthenticationProvider bean with name customAuthenticationProvider
2026-06-05T10:56:03.846-03:00  WARN 15136 --- [libraryapi] [main] o.s.s.c.a.web.builders.WebSecurity       : You are asking Spring Security to ignore Deferred [Mvc [pattern='/v2/api-docs/**'], Ant [pattern='/v2/api-docs/**']]. This is not recommended -- please use permitAll via HttpSecurity#authorizeHttpRequests instead.
2026-06-05T10:56:03.846-03:00  WARN 15136 --- [libraryapi] [main] o.s.s.c.a.web.builders.WebSecurity       : You are asking Spring Security to ignore Deferred [Mvc [pattern='v3/api-docs/**'], Ant [pattern='v3/api-docs/**']]. This is not recommended -- please use permitAll via HttpSecurity#authorizeHttpRequests instead.
2026-06-05T10:56:03.846-03:00  WARN 15136 --- [libraryapi] [main] o.s.s.c.a.web.builders.WebSecurity       : You are asking Spring Security to ignore Deferred [Mvc [pattern='/swagger-resource/**'], Ant [pattern='/swagger-resource/**']]. This is not recommended -- please use permitAll via HttpSecurity#authorizeHttpRequests instead.
2026-06-05T10:56:03.846-03:00  WARN 15136 --- [libraryapi] [main] o.s.s.c.a.web.builders.WebSecurity       : You are asking Spring Security to ignore Deferred [Mvc [pattern='/swagger-ui.html'], Ant [pattern='/swagger-ui.html']]. This is not recommended -- please use permitAll via HttpSecurity#authorizeHttpRequests instead.
2026-06-05T10:56:03.846-03:00  WARN 15136 --- [libraryapi] [main] o.s.s.c.a.web.builders.WebSecurity       : You are asking Spring Security to ignore Deferred [Mvc [pattern='/swagger-ui/**'], Ant [pattern='/swagger-ui/**']]. This is not recommended -- please use permitAll via HttpSecurity#authorizeHttpRequests instead.
2026-06-05T10:56:03.846-03:00  WARN 15136 --- [libraryapi] [main] o.s.s.c.a.web.builders.WebSecurity       : You are asking Spring Security to ignore Deferred [Mvc [pattern='/webjars/**'], Ant [pattern='/webjars/**']]. This is not recommended -- please use permitAll via HttpSecurity#authorizeHttpRequests instead.
2026-06-05T10:56:04.429-03:00  INFO 15136 --- [libraryapi] [main] o.s.b.w.embedded.tomcat.TomcatWebServer  : Tomcat started on port 8080 (http) with context path '/'
2026-06-05T10:56:04.438-03:00  INFO 15136 --- [libraryapi] [main] c.g.iuryrayam.libraryapi.Application     : Started Application in 10.044 seconds (process running for 11.201)
2026-06-05T11:03:44.272-03:00  INFO 15136 --- [libraryapi] [SpringApplicationShutdownHook] j.LocalContainerEntityManagerFactoryBean : Closing JPA EntityManagerFactory for persistence unit 'default'
2026-06-05T11:03:44.275-03:00  INFO 15136 --- [libraryapi] [SpringApplicationShutdownHook] com.zaxxer.hikari.HikariDataSource       : library-db-pool - Shutdown initiated...
2026-06-05T11:03:44.280-03:00  INFO 15136 --- [libraryapi] [SpringApplicationShutdownHook] com.zaxxer.hikari.HikariDataSource       : library-db-pool - Shutdown completed.
2026-06-05T11:19:02.744-03:00  WARN 27184 --- [libraryapi] [main] com.zaxxer.hikari.HikariConfig           : library-db-pool - idleTimeout is close to or more than maxLifetime, disabling it.
2026-06-05T11:19:06.381-03:00  WARN 27184 --- [libraryapi] [main] JpaBaseConfiguration$JpaWebConfiguration : spring.jpa.open-in-view is enabled by default. Therefore, database queries may be performed during view rendering. Explicitly configure spring.jpa.open-in-view to disable this warning
2026-06-05T11:19:06.398-03:00 TRACE 27184 --- [libraryapi] [main] eGlobalAuthenticationAutowiredConfigurer : Eagerly initializing {authorizationServerConfiguration=com.github.iuryrayam.libraryapi.config.AuthorizationServerConfiguration$$SpringCGLIB$$0@4c5e123d, securityConfiguration=com.github.iuryrayam.libraryapi.config.SecurityConfiguration$$SpringCGLIB$$0@44bb6856}
2026-06-05T11:19:06.402-03:00  INFO 27184 --- [libraryapi] [main] eAuthenticationProviderManagerConfigurer : Global AuthenticationManager configured with AuthenticationProvider bean with name customAuthenticationProvider
2026-06-05T11:19:06.718-03:00 DEBUG 27184 --- [libraryapi] [main] s.w.s.m.m.a.RequestMappingHandlerMapping : 21 mappings in 'requestMappingHandlerMapping'
2026-06-05T11:19:06.739-03:00 DEBUG 27184 --- [libraryapi] [main] o.s.w.s.handler.SimpleUrlHandlerMapping  : Patterns [/login] in 'viewControllerHandlerMapping'
2026-06-05T11:19:06.785-03:00 DEBUG 27184 --- [libraryapi] [main] o.s.w.s.handler.SimpleUrlHandlerMapping  : Patterns [/swagger-ui*/*swagger-initializer.js, /swagger-ui*/**] in 'resourceHandlerMapping'
2026-06-05T11:19:07.372-03:00 DEBUG 27184 --- [libraryapi] [main] o.s.s.web.DefaultSecurityFilterChain     : Will secure org.springframework.security.oauth2.server.authorization.config.annotation.web.configurers.OAuth2AuthorizationServerConfigurer$$Lambda/0x0000022e04a76c20@69cd4267 with filters: DisableEncodeUrlFilter, WebAsyncManagerIntegrationFilter, SecurityContextHolderFilter, AuthorizationServerContextFilter, HeaderWriterFilter, CsrfFilter, OidcLogoutEndpointFilter, LogoutFilter, OAuth2AuthorizationServerMetadataEndpointFilter, OAuth2AuthorizationEndpointFilter, OAuth2DeviceVerificationEndpointFilter, OidcProviderConfigurationEndpointFilter, NimbusJwkSetEndpointFilter, OAuth2ClientAuthenticationFilter, UsernamePasswordAuthenticationFilter, BearerTokenAuthenticationFilter, RequestCacheAwareFilter, SecurityContextHolderAwareRequestFilter, AnonymousAuthenticationFilter, ExceptionTranslationFilter, AuthorizationFilter, OAuth2TokenEndpointFilter, OAuth2TokenIntrospectionEndpointFilter, OAuth2TokenRevocationEndpointFilter, OAuth2DeviceAuthorizationEndpointFilter, OidcUserInfoEndpointFilter
2026-06-05T11:19:07.436-03:00 DEBUG 27184 --- [libraryapi] [main] o.s.s.web.DefaultSecurityFilterChain     : Will secure any request with filters: DisableEncodeUrlFilter, WebAsyncManagerIntegrationFilter, SecurityContextHolderFilter, HeaderWriterFilter, LogoutFilter, OAuth2AuthorizationRequestRedirectFilter, OAuth2LoginAuthenticationFilter, UsernamePasswordAuthenticationFilter, BearerTokenAuthenticationFilter, JwtCustomAuthenticationFilter, RequestCacheAwareFilter, SecurityContextHolderAwareRequestFilter, AnonymousAuthenticationFilter, ExceptionTranslationFilter, AuthorizationFilter
2026-06-05T11:19:07.443-03:00  WARN 27184 --- [libraryapi] [main] o.s.s.c.a.web.builders.WebSecurity       : You are asking Spring Security to ignore Deferred [Mvc [pattern='/v2/api-docs/**'], Ant [pattern='/v2/api-docs/**']]. This is not recommended -- please use permitAll via HttpSecurity#authorizeHttpRequests instead.
2026-06-05T11:19:07.443-03:00 DEBUG 27184 --- [libraryapi] [main] o.s.s.web.DefaultSecurityFilterChain     : Will not secure Deferred [Mvc [pattern='/v2/api-docs/**'], Ant [pattern='/v2/api-docs/**']]
2026-06-05T11:19:07.445-03:00  WARN 27184 --- [libraryapi] [main] o.s.s.c.a.web.builders.WebSecurity       : You are asking Spring Security to ignore Deferred [Mvc [pattern='v3/api-docs/**'], Ant [pattern='v3/api-docs/**']]. This is not recommended -- please use permitAll via HttpSecurity#authorizeHttpRequests instead.
2026-06-05T11:19:07.446-03:00 DEBUG 27184 --- [libraryapi] [main] o.s.s.web.DefaultSecurityFilterChain     : Will not secure Deferred [Mvc [pattern='v3/api-docs/**'], Ant [pattern='v3/api-docs/**']]
2026-06-05T11:19:07.446-03:00  WARN 27184 --- [libraryapi] [main] o.s.s.c.a.web.builders.WebSecurity       : You are asking Spring Security to ignore Deferred [Mvc [pattern='/swagger-resource/**'], Ant [pattern='/swagger-resource/**']]. This is not recommended -- please use permitAll via HttpSecurity#authorizeHttpRequests instead.
2026-06-05T11:19:07.446-03:00 DEBUG 27184 --- [libraryapi] [main] o.s.s.web.DefaultSecurityFilterChain     : Will not secure Deferred [Mvc [pattern='/swagger-resource/**'], Ant [pattern='/swagger-resource/**']]
2026-06-05T11:19:07.446-03:00  WARN 27184 --- [libraryapi] [main] o.s.s.c.a.web.builders.WebSecurity       : You are asking Spring Security to ignore Deferred [Mvc [pattern='/swagger-ui.html'], Ant [pattern='/swagger-ui.html']]. This is not recommended -- please use permitAll via HttpSecurity#authorizeHttpRequests instead.
2026-06-05T11:19:07.446-03:00 DEBUG 27184 --- [libraryapi] [main] o.s.s.web.DefaultSecurityFilterChain     : Will not secure Deferred [Mvc [pattern='/swagger-ui.html'], Ant [pattern='/swagger-ui.html']]
2026-06-05T11:19:07.446-03:00  WARN 27184 --- [libraryapi] [main] o.s.s.c.a.web.builders.WebSecurity       : You are asking Spring Security to ignore Deferred [Mvc [pattern='/swagger-ui/**'], Ant [pattern='/swagger-ui/**']]. This is not recommended -- please use permitAll via HttpSecurity#authorizeHttpRequests instead.
2026-06-05T11:19:07.446-03:00 DEBUG 27184 --- [libraryapi] [main] o.s.s.web.DefaultSecurityFilterChain     : Will not secure Deferred [Mvc [pattern='/swagger-ui/**'], Ant [pattern='/swagger-ui/**']]
2026-06-05T11:19:07.446-03:00  WARN 27184 --- [libraryapi] [main] o.s.s.c.a.web.builders.WebSecurity       : You are asking Spring Security to ignore Deferred [Mvc [pattern='/webjars/**'], Ant [pattern='/webjars/**']]. This is not recommended -- please use permitAll via HttpSecurity#authorizeHttpRequests instead.
2026-06-05T11:19:07.447-03:00 DEBUG 27184 --- [libraryapi] [main] o.s.s.web.DefaultSecurityFilterChain     : Will not secure Deferred [Mvc [pattern='/webjars/**'], Ant [pattern='/webjars/**']]
2026-06-05T11:19:07.527-03:00 DEBUG 27184 --- [libraryapi] [main] s.w.s.m.m.a.RequestMappingHandlerAdapter : ControllerAdvice beans: 0 @ModelAttribute, 0 @InitBinder, 1 RequestBodyAdvice, 1 ResponseBodyAdvice
2026-06-05T11:19:07.562-03:00 DEBUG 27184 --- [libraryapi] [main] .m.m.a.ExceptionHandlerExceptionResolver : ControllerAdvice beans: 2 @ExceptionHandler, 1 ResponseBodyAdvice
2026-06-05T11:21:13.868-03:00  INFO 27184 --- [libraryapi] [http-nio-8080-exec-1] o.s.web.servlet.DispatcherServlet        : Initializing Servlet 'dispatcherServlet'
2026-06-05T11:21:13.868-03:00 DEBUG 27184 --- [libraryapi] [http-nio-8080-exec-1] o.s.web.servlet.DispatcherServlet        : Detected StandardServletMultipartResolver
2026-06-05T11:21:13.870-03:00 DEBUG 27184 --- [libraryapi] [http-nio-8080-exec-1] o.s.web.servlet.DispatcherServlet        : Detected AcceptHeaderLocaleResolver
2026-06-05T11:21:13.870-03:00 DEBUG 27184 --- [libraryapi] [http-nio-8080-exec-1] o.s.web.servlet.DispatcherServlet        : Detected FixedThemeResolver
2026-06-05T11:21:13.872-03:00 DEBUG 27184 --- [libraryapi] [http-nio-8080-exec-1] o.s.web.servlet.DispatcherServlet        : Detected org.springframework.web.servlet.view.DefaultRequestToViewNameTranslator@6a28f67a
2026-06-05T11:21:13.873-03:00 DEBUG 27184 --- [libraryapi] [http-nio-8080-exec-1] o.s.web.servlet.DispatcherServlet        : Detected org.springframework.web.servlet.support.SessionFlashMapManager@5fcc792f
2026-06-05T11:21:13.874-03:00 DEBUG 27184 --- [libraryapi] [http-nio-8080-exec-1] o.s.web.servlet.DispatcherServlet        : enableLoggingRequestDetails='false': request parameters and headers will be masked to prevent unsafe logging of potentially sensitive data
2026-06-05T11:21:13.874-03:00  INFO 27184 --- [libraryapi] [http-nio-8080-exec-1] o.s.web.servlet.DispatcherServlet        : Completed initialization in 6 ms
2026-06-05T11:21:13.893-03:00 TRACE 27184 --- [libraryapi] [http-nio-8080-exec-1] o.s.security.web.FilterChainProxy        : Trying to match request against DefaultSecurityFilterChain [RequestMatcher=Deferred [Mvc [pattern='/v2/api-docs/**'], Ant [pattern='/v2/api-docs/**']], Filters=[]] (1/8)
2026-06-05T11:21:13.895-03:00 TRACE 27184 --- [libraryapi] [http-nio-8080-exec-1] o.s.security.web.FilterChainProxy        : Trying to match request against DefaultSecurityFilterChain [RequestMatcher=Deferred [Mvc [pattern='v3/api-docs/**'], Ant [pattern='v3/api-docs/**']], Filters=[]] (2/8)
2026-06-05T11:21:13.895-03:00 TRACE 27184 --- [libraryapi] [http-nio-8080-exec-1] o.s.security.web.FilterChainProxy        : Trying to match request against DefaultSecurityFilterChain [RequestMatcher=Deferred [Mvc [pattern='/swagger-resource/**'], Ant [pattern='/swagger-resource/**']], Filters=[]] (3/8)
2026-06-05T11:21:13.895-03:00 TRACE 27184 --- [libraryapi] [http-nio-8080-exec-1] o.s.security.web.FilterChainProxy        : Trying to match request against DefaultSecurityFilterChain [RequestMatcher=Deferred [Mvc [pattern='/swagger-ui.html'], Ant [pattern='/swagger-ui.html']], Filters=[]] (4/8)
2026-06-05T11:21:13.896-03:00 TRACE 27184 --- [libraryapi] [http-nio-8080-exec-1] o.s.security.web.FilterChainProxy        : Trying to match request against DefaultSecurityFilterChain [RequestMatcher=Deferred [Mvc [pattern='/swagger-ui/**'], Ant [pattern='/swagger-ui/**']], Filters=[]] (5/8)
2026-06-05T11:21:13.896-03:00 TRACE 27184 --- [libraryapi] [http-nio-8080-exec-1] o.s.security.web.FilterChainProxy        : Trying to match request against DefaultSecurityFilterChain [RequestMatcher=Deferred [Mvc [pattern='/webjars/**'], Ant [pattern='/webjars/**']], Filters=[]] (6/8)
2026-06-05T11:21:13.896-03:00 TRACE 27184 --- [libraryapi] [http-nio-8080-exec-1] o.s.security.web.FilterChainProxy        : Trying to match request against DefaultSecurityFilterChain [RequestMatcher=org.springframework.security.oauth2.server.authorization.config.annotation.web.configurers.OAuth2AuthorizationServerConfigurer$$Lambda/0x0000022e04a76c20@69cd4267, Filters=[org.springframework.security.web.session.DisableEncodeUrlFilter@1db0edb8, org.springframework.security.web.context.request.async.WebAsyncManagerIntegrationFilter@118abc35, org.springframework.security.web.context.SecurityContextHolderFilter@7d0ae3d1, org.springframework.security.oauth2.server.authorization.config.annotation.web.configurers.AuthorizationServerContextFilter@751df26c, org.springframework.security.web.header.HeaderWriterFilter@2cde0397, org.springframework.security.web.csrf.CsrfFilter@438f205c, org.springframework.security.oauth2.server.authorization.oidc.web.OidcLogoutEndpointFilter@42be0eca, org.springframework.security.web.authentication.logout.LogoutFilter@65263248, org.springframework.security.oauth2.server.authorization.web.OAuth2AuthorizationServerMetadataEndpointFilter@61cf810c, org.springframework.security.oauth2.server.authorization.web.OAuth2AuthorizationEndpointFilter@2c1c3c13, org.springframework.security.oauth2.server.authorization.web.OAuth2DeviceVerificationEndpointFilter@1aacde34, org.springframework.security.oauth2.server.authorization.oidc.web.OidcProviderConfigurationEndpointFilter@a6017f9, org.springframework.security.oauth2.server.authorization.web.NimbusJwkSetEndpointFilter@7fec198a, org.springframework.security.oauth2.server.authorization.web.OAuth2ClientAuthenticationFilter@294c1b45, org.springframework.security.web.authentication.UsernamePasswordAuthenticationFilter@20bd3082, org.springframework.security.oauth2.server.resource.web.authentication.BearerTokenAuthenticationFilter@2dad7323, org.springframework.security.web.savedrequest.RequestCacheAwareFilter@1362f4, org.springframework.security.web.servletapi.SecurityContextHolderAwareRequestFilter@33b3e47, org.springframework.security.web.authentication.AnonymousAuthenticationFilter@56b0f28f, org.springframework.security.web.access.ExceptionTranslationFilter@5be17e53, org.springframework.security.web.access.intercept.AuthorizationFilter@4b27a3fc, org.springframework.security.oauth2.server.authorization.web.OAuth2TokenEndpointFilter@7ca29492, org.springframework.security.oauth2.server.authorization.web.OAuth2TokenIntrospectionEndpointFilter@689afbb0, org.springframework.security.oauth2.server.authorization.web.OAuth2TokenRevocationEndpointFilter@7ee45cbe, org.springframework.security.oauth2.server.authorization.web.OAuth2DeviceAuthorizationEndpointFilter@b6c290a, org.springframework.security.oauth2.server.authorization.oidc.web.OidcUserInfoEndpointFilter@2108d503]] (7/8)
2026-06-05T11:21:13.897-03:00 DEBUG 27184 --- [libraryapi] [http-nio-8080-exec-1] o.s.security.web.FilterChainProxy        : Securing GET /oauth2/authorize?response_type=code&client_id=meu-client&redirect_uri=http%3A%2F%2Flocalhost%3A8080%2Fauthorized
2026-06-05T11:21:13.899-03:00 TRACE 27184 --- [libraryapi] [http-nio-8080-exec-1] o.s.security.web.FilterChainProxy        : Invoking DisableEncodeUrlFilter (1/26)
2026-06-05T11:21:13.900-03:00 TRACE 27184 --- [libraryapi] [http-nio-8080-exec-1] o.s.security.web.FilterChainProxy        : Invoking WebAsyncManagerIntegrationFilter (2/26)
2026-06-05T11:21:13.905-03:00 TRACE 27184 --- [libraryapi] [http-nio-8080-exec-1] o.s.security.web.FilterChainProxy        : Invoking SecurityContextHolderFilter (3/26)
2026-06-05T11:21:13.906-03:00 TRACE 27184 --- [libraryapi] [http-nio-8080-exec-1] o.s.security.web.FilterChainProxy        : Invoking AuthorizationServerContextFilter (4/26)
2026-06-05T11:21:13.915-03:00 TRACE 27184 --- [libraryapi] [http-nio-8080-exec-1] o.s.security.web.FilterChainProxy        : Invoking HeaderWriterFilter (5/26)
2026-06-05T11:21:13.917-03:00 TRACE 27184 --- [libraryapi] [http-nio-8080-exec-1] o.s.security.web.FilterChainProxy        : Invoking CsrfFilter (6/26)
2026-06-05T11:21:13.921-03:00 TRACE 27184 --- [libraryapi] [http-nio-8080-exec-1] o.s.security.web.csrf.CsrfFilter         : Did not protect against CSRF since request did not match And [CsrfNotRequired [TRACE, HEAD, GET, OPTIONS], Not [Or [org.springframework.security.oauth2.server.authorization.config.annotation.web.configurers.OAuth2AuthorizationServerConfigurer$$Lambda/0x0000022e04a76c20@69cd4267, org.springframework.security.config.annotation.web.configurers.oauth2.server.resource.OAuth2ResourceServerConfigurer$BearerTokenRequestMatcher@784fb189]]]
2026-06-05T11:21:13.921-03:00 TRACE 27184 --- [libraryapi] [http-nio-8080-exec-1] o.s.security.web.FilterChainProxy        : Invoking OidcLogoutEndpointFilter (7/26)
2026-06-05T11:21:13.922-03:00 TRACE 27184 --- [libraryapi] [http-nio-8080-exec-1] o.s.security.web.FilterChainProxy        : Invoking LogoutFilter (8/26)
2026-06-05T11:21:13.922-03:00 TRACE 27184 --- [libraryapi] [http-nio-8080-exec-1] o.s.s.w.a.logout.LogoutFilter            : Did not match request to Ant [pattern='/logout', POST]
2026-06-05T11:21:13.922-03:00 TRACE 27184 --- [libraryapi] [http-nio-8080-exec-1] o.s.security.web.FilterChainProxy        : Invoking OAuth2AuthorizationServerMetadataEndpointFilter (9/26)
2026-06-05T11:21:13.922-03:00 TRACE 27184 --- [libraryapi] [http-nio-8080-exec-1] o.s.security.web.FilterChainProxy        : Invoking OAuth2AuthorizationEndpointFilter (10/26)
2026-06-05T11:21:13.925-03:00 TRACE 27184 --- [libraryapi] [http-nio-8080-exec-1] w.c.HttpSessionSecurityContextRepository : No HttpSession currently exists
2026-06-05T11:21:13.926-03:00 TRACE 27184 --- [libraryapi] [http-nio-8080-exec-1] .s.s.w.c.SupplierDeferredSecurityContext : Created SecurityContextImpl [Null authentication]
2026-06-05T11:21:13.926-03:00 TRACE 27184 --- [libraryapi] [http-nio-8080-exec-1] .s.s.w.c.SupplierDeferredSecurityContext : Created SecurityContextImpl [Null authentication]
2026-06-05T11:21:13.927-03:00 TRACE 27184 --- [libraryapi] [http-nio-8080-exec-1] o.s.s.authentication.ProviderManager     : Authenticating request with OAuth2AuthorizationCodeRequestAuthenticationProvider (1/20)
2026-06-05T11:21:14.137-03:00 TRACE 27184 --- [libraryapi] [http-nio-8080-exec-1] izationCodeRequestAuthenticationProvider : Retrieved registered client
2026-06-05T11:21:14.140-03:00 TRACE 27184 --- [libraryapi] [http-nio-8080-exec-1] izationCodeRequestAuthenticationProvider : Validated authorization code request parameters
2026-06-05T11:21:14.140-03:00 TRACE 27184 --- [libraryapi] [http-nio-8080-exec-1] izationCodeRequestAuthenticationProvider : Did not authenticate authorization code request since principal not authenticated
2026-06-05T11:21:14.141-03:00 TRACE 27184 --- [libraryapi] [http-nio-8080-exec-1] o.s.security.web.FilterChainProxy        : Invoking OAuth2DeviceVerificationEndpointFilter (11/26)
2026-06-05T11:21:14.141-03:00 TRACE 27184 --- [libraryapi] [http-nio-8080-exec-1] o.s.security.web.FilterChainProxy        : Invoking OidcProviderConfigurationEndpointFilter (12/26)
2026-06-05T11:21:14.141-03:00 TRACE 27184 --- [libraryapi] [http-nio-8080-exec-1] o.s.security.web.FilterChainProxy        : Invoking NimbusJwkSetEndpointFilter (13/26)
2026-06-05T11:21:14.141-03:00 TRACE 27184 --- [libraryapi] [http-nio-8080-exec-1] o.s.security.web.FilterChainProxy        : Invoking OAuth2ClientAuthenticationFilter (14/26)
2026-06-05T11:21:14.142-03:00 TRACE 27184 --- [libraryapi] [http-nio-8080-exec-1] o.s.security.web.FilterChainProxy        : Invoking UsernamePasswordAuthenticationFilter (15/26)
2026-06-05T11:21:14.142-03:00 TRACE 27184 --- [libraryapi] [http-nio-8080-exec-1] w.a.UsernamePasswordAuthenticationFilter : Did not match request to Ant [pattern='/login', POST]
2026-06-05T11:21:14.142-03:00 TRACE 27184 --- [libraryapi] [http-nio-8080-exec-1] o.s.security.web.FilterChainProxy        : Invoking BearerTokenAuthenticationFilter (16/26)
2026-06-05T11:21:14.142-03:00 TRACE 27184 --- [libraryapi] [http-nio-8080-exec-1] .s.r.w.a.BearerTokenAuthenticationFilter : Did not process request since did not find bearer token
2026-06-05T11:21:14.143-03:00 TRACE 27184 --- [libraryapi] [http-nio-8080-exec-1] o.s.security.web.FilterChainProxy        : Invoking RequestCacheAwareFilter (17/26)
2026-06-05T11:21:14.143-03:00 TRACE 27184 --- [libraryapi] [http-nio-8080-exec-1] o.s.s.w.s.HttpSessionRequestCache        : matchingRequestParameterName is required for getMatchingRequest to lookup a value, but not provided
2026-06-05T11:21:14.143-03:00 TRACE 27184 --- [libraryapi] [http-nio-8080-exec-1] o.s.security.web.FilterChainProxy        : Invoking SecurityContextHolderAwareRequestFilter (18/26)
2026-06-05T11:21:14.145-03:00 TRACE 27184 --- [libraryapi] [http-nio-8080-exec-1] o.s.security.web.FilterChainProxy        : Invoking AnonymousAuthenticationFilter (19/26)
2026-06-05T11:21:14.145-03:00 TRACE 27184 --- [libraryapi] [http-nio-8080-exec-1] o.s.security.web.FilterChainProxy        : Invoking ExceptionTranslationFilter (20/26)
2026-06-05T11:21:14.145-03:00 TRACE 27184 --- [libraryapi] [http-nio-8080-exec-1] o.s.security.web.FilterChainProxy        : Invoking AuthorizationFilter (21/26)
2026-06-05T11:21:14.146-03:00 TRACE 27184 --- [libraryapi] [http-nio-8080-exec-1] estMatcherDelegatingAuthorizationManager : Authorizing GET /oauth2/authorize?response_type=code&client_id=meu-client&redirect_uri=http%3A%2F%2Flocalhost%3A8080%2Fauthorized
2026-06-05T11:21:14.146-03:00 TRACE 27184 --- [libraryapi] [http-nio-8080-exec-1] estMatcherDelegatingAuthorizationManager : Checking authorization on GET /oauth2/authorize?response_type=code&client_id=meu-client&redirect_uri=http%3A%2F%2Flocalhost%3A8080%2Fauthorized using org.springframework.security.authorization.AuthenticatedAuthorizationManager@44986ead
2026-06-05T11:21:14.147-03:00 TRACE 27184 --- [libraryapi] [http-nio-8080-exec-1] o.s.s.w.a.AnonymousAuthenticationFilter  : Set SecurityContextHolder to AnonymousAuthenticationToken [Principal=anonymousUser, Credentials=[PROTECTED], Authenticated=true, Details=WebAuthenticationDetails [RemoteIpAddress=0:0:0:0:0:0:0:1, SessionId=null], Granted Authorities=[ROLE_ANONYMOUS]]
2026-06-05T11:21:14.148-03:00 TRACE 27184 --- [libraryapi] [http-nio-8080-exec-1] o.s.s.w.a.ExceptionTranslationFilter     : Sending AnonymousAuthenticationToken [Principal=anonymousUser, Credentials=[PROTECTED], Authenticated=true, Details=WebAuthenticationDetails [RemoteIpAddress=0:0:0:0:0:0:0:1, SessionId=null], Granted Authorities=[ROLE_ANONYMOUS]] to authentication entry point since access is denied

org.springframework.security.access.AccessDeniedException: Access Denied
	at org.springframework.security.web.access.intercept.AuthorizationFilter.doFilter(AuthorizationFilter.java:98) ~[spring-security-web-6.3.3.jar:6.3.3]
	at org.springframework.security.web.FilterChainProxy$VirtualFilterChain.doFilter(FilterChainProxy.java:374) ~[spring-security-web-6.3.3.jar:6.3.3]
	at org.springframework.security.web.access.ExceptionTranslationFilter.doFilter(ExceptionTranslationFilter.java:126) ~[spring-security-web-6.3.3.jar:6.3.3]
	at org.springframework.security.web.access.ExceptionTranslationFilter.doFilter(ExceptionTranslationFilter.java:120) ~[spring-security-web-6.3.3.jar:6.3.3]
	at org.springframework.security.web.FilterChainProxy$VirtualFilterChain.doFilter(FilterChainProxy.java:374) ~[spring-security-web-6.3.3.jar:6.3.3]
	at org.springframework.security.web.authentication.AnonymousAuthenticationFilter.doFilter(AnonymousAuthenticationFilter.java:100) ~[spring-security-web-6.3.3.jar:6.3.3]
	at org.springframework.security.web.FilterChainProxy$VirtualFilterChain.doFilter(FilterChainProxy.java:374) ~[spring-security-web-6.3.3.jar:6.3.3]
	at org.springframework.security.web.servletapi.SecurityContextHolderAwareRequestFilter.doFilter(SecurityContextHolderAwareRequestFilter.java:179) ~[spring-security-web-6.3.3.jar:6.3.3]
	at org.springframework.security.web.FilterChainProxy$VirtualFilterChain.doFilter(FilterChainProxy.java:374) ~[spring-security-web-6.3.3.jar:6.3.3]
	at org.springframework.security.web.savedrequest.RequestCacheAwareFilter.doFilter(RequestCacheAwareFilter.java:63) ~[spring-security-web-6.3.3.jar:6.3.3]
	at org.springframework.security.web.FilterChainProxy$VirtualFilterChain.doFilter(FilterChainProxy.java:374) ~[spring-security-web-6.3.3.jar:6.3.3]
	at org.springframework.security.oauth2.server.resource.web.authentication.BearerTokenAuthenticationFilter.doFilterInternal(BearerTokenAuthenticationFilter.java:128) ~[spring-security-oauth2-resource-server-6.3.3.jar:6.3.3]
	at org.springframework.web.filter.OncePerRequestFilter.doFilter(OncePerRequestFilter.java:116) ~[spring-web-6.1.13.jar:6.1.13]
	at org.springframework.security.web.FilterChainProxy$VirtualFilterChain.doFilter(FilterChainProxy.java:374) ~[spring-security-web-6.3.3.jar:6.3.3]
	at org.springframework.security.web.authentication.AbstractAuthenticationProcessingFilter.doFilter(AbstractAuthenticationProcessingFilter.java:227) ~[spring-security-web-6.3.3.jar:6.3.3]
	at org.springframework.security.web.authentication.AbstractAuthenticationProcessingFilter.doFilter(AbstractAuthenticationProcessingFilter.java:221) ~[spring-security-web-6.3.3.jar:6.3.3]
	at org.springframework.security.web.FilterChainProxy$VirtualFilterChain.doFilter(FilterChainProxy.java:374) ~[spring-security-web-6.3.3.jar:6.3.3]
	at org.springframework.security.oauth2.server.authorization.web.OAuth2ClientAuthenticationFilter.doFilterInternal(OAuth2ClientAuthenticationFilter.java:129) ~[spring-security-oauth2-authorization-server-1.3.2.jar:1.3.2]
	at org.springframework.web.filter.OncePerRequestFilter.doFilter(OncePerRequestFilter.java:116) ~[spring-web-6.1.13.jar:6.1.13]
	at org.springframework.security.web.FilterChainProxy$VirtualFilterChain.doFilter(FilterChainProxy.java:374) ~[spring-security-web-6.3.3.jar:6.3.3]
	at org.springframework.security.oauth2.server.authorization.web.NimbusJwkSetEndpointFilter.doFilterInternal(NimbusJwkSetEndpointFilter.java:88) ~[spring-security-oauth2-authorization-server-1.3.2.jar:1.3.2]
	at org.springframework.web.filter.OncePerRequestFilter.doFilter(OncePerRequestFilter.java:116) ~[spring-web-6.1.13.jar:6.1.13]
	at org.springframework.security.web.FilterChainProxy$VirtualFilterChain.doFilter(FilterChainProxy.java:374) ~[spring-security-web-6.3.3.jar:6.3.3]
	at org.springframework.security.oauth2.server.authorization.oidc.web.OidcProviderConfigurationEndpointFilter.doFilterInternal(OidcProviderConfigurationEndpointFilter.java:91) ~[spring-security-oauth2-authorization-server-1.3.2.jar:1.3.2]
	at org.springframework.web.filter.OncePerRequestFilter.doFilter(OncePerRequestFilter.java:116) ~[spring-web-6.1.13.jar:6.1.13]
	at org.springframework.security.web.FilterChainProxy$VirtualFilterChain.doFilter(FilterChainProxy.java:374) ~[spring-security-web-6.3.3.jar:6.3.3]
	at org.springframework.security.oauth2.server.authorization.web.OAuth2DeviceVerificationEndpointFilter.doFilterInternal(OAuth2DeviceVerificationEndpointFilter.java:152) ~[spring-security-oauth2-authorization-server-1.3.2.jar:1.3.2]
	at org.springframework.web.filter.OncePerRequestFilter.doFilter(OncePerRequestFilter.java:116) ~[spring-web-6.1.13.jar:6.1.13]
	at org.springframework.security.web.FilterChainProxy$VirtualFilterChain.doFilter(FilterChainProxy.java:374) ~[spring-security-web-6.3.3.jar:6.3.3]
	at org.springframework.security.oauth2.server.authorization.web.OAuth2AuthorizationEndpointFilter.doFilterInternal(OAuth2AuthorizationEndpointFilter.java:192) ~[spring-security-oauth2-authorization-server-1.3.2.jar:1.3.2]
	at org.springframework.web.filter.OncePerRequestFilter.doFilter(OncePerRequestFilter.java:116) ~[spring-web-6.1.13.jar:6.1.13]
	at org.springframework.security.web.FilterChainProxy$VirtualFilterChain.doFilter(FilterChainProxy.java:374) ~[spring-security-web-6.3.3.jar:6.3.3]
	at org.springframework.security.oauth2.server.authorization.web.OAuth2AuthorizationServerMetadataEndpointFilter.doFilterInternal(OAuth2AuthorizationServerMetadataEndpointFilter.java:90) ~[spring-security-oauth2-authorization-server-1.3.2.jar:1.3.2]
	at org.springframework.web.filter.OncePerRequestFilter.doFilter(OncePerRequestFilter.java:116) ~[spring-web-6.1.13.jar:6.1.13]
	at org.springframework.security.web.FilterChainProxy$VirtualFilterChain.doFilter(FilterChainProxy.java:374) ~[spring-security-web-6.3.3.jar:6.3.3]
	at org.springframework.security.web.authentication.logout.LogoutFilter.doFilter(LogoutFilter.java:107) ~[spring-security-web-6.3.3.jar:6.3.3]
	at org.springframework.security.web.authentication.logout.LogoutFilter.doFilter(LogoutFilter.java:93) ~[spring-security-web-6.3.3.jar:6.3.3]
	at org.springframework.security.web.FilterChainProxy$VirtualFilterChain.doFilter(FilterChainProxy.java:374) ~[spring-security-web-6.3.3.jar:6.3.3]
	at org.springframework.security.oauth2.server.authorization.oidc.web.OidcLogoutEndpointFilter.doFilterInternal(OidcLogoutEndpointFilter.java:124) ~[spring-security-oauth2-authorization-server-1.3.2.jar:1.3.2]
	at org.springframework.web.filter.OncePerRequestFilter.doFilter(OncePerRequestFilter.java:116) ~[spring-web-6.1.13.jar:6.1.13]
	at org.springframework.security.web.FilterChainProxy$VirtualFilterChain.doFilter(FilterChainProxy.java:374) ~[spring-security-web-6.3.3.jar:6.3.3]
	at org.springframework.security.web.csrf.CsrfFilter.doFilterInternal(CsrfFilter.java:117) ~[spring-security-web-6.3.3.jar:6.3.3]
	at org.springframework.web.filter.OncePerRequestFilter.doFilter(OncePerRequestFilter.java:116) ~[spring-web-6.1.13.jar:6.1.13]
	at org.springframework.security.web.FilterChainProxy$VirtualFilterChain.doFilter(FilterChainProxy.java:374) ~[spring-security-web-6.3.3.jar:6.3.3]
	at org.springframework.security.web.header.HeaderWriterFilter.doHeadersAfter(HeaderWriterFilter.java:90) ~[spring-security-web-6.3.3.jar:6.3.3]
	at org.springframework.security.web.header.HeaderWriterFilter.doFilterInternal(HeaderWriterFilter.java:75) ~[spring-security-web-6.3.3.jar:6.3.3]
	at org.springframework.web.filter.OncePerRequestFilter.doFilter(OncePerRequestFilter.java:116) ~[spring-web-6.1.13.jar:6.1.13]
	at org.springframework.security.web.FilterChainProxy$VirtualFilterChain.doFilter(FilterChainProxy.java:374) ~[spring-security-web-6.3.3.jar:6.3.3]
	at org.springframework.security.oauth2.server.authorization.config.annotation.web.configurers.AuthorizationServerContextFilter.doFilterInternal(AuthorizationServerContextFilter.java:69) ~[spring-security-oauth2-authorization-server-1.3.2.jar:1.3.2]
	at org.springframework.web.filter.OncePerRequestFilter.doFilter(OncePerRequestFilter.java:116) ~[spring-web-6.1.13.jar:6.1.13]
	at org.springframework.security.web.FilterChainProxy$VirtualFilterChain.doFilter(FilterChainProxy.java:374) ~[spring-security-web-6.3.3.jar:6.3.3]
	at org.springframework.security.web.context.SecurityContextHolderFilter.doFilter(SecurityContextHolderFilter.java:82) ~[spring-security-web-6.3.3.jar:6.3.3]
	at org.springframework.security.web.context.SecurityContextHolderFilter.doFilter(SecurityContextHolderFilter.java:69) ~[spring-security-web-6.3.3.jar:6.3.3]
	at org.springframework.security.web.FilterChainProxy$VirtualFilterChain.doFilter(FilterChainProxy.java:374) ~[spring-security-web-6.3.3.jar:6.3.3]
	at org.springframework.security.web.context.request.async.WebAsyncManagerIntegrationFilter.doFilterInternal(WebAsyncManagerIntegrationFilter.java:62) ~[spring-security-web-6.3.3.jar:6.3.3]
	at org.springframework.web.filter.OncePerRequestFilter.doFilter(OncePerRequestFilter.java:116) ~[spring-web-6.1.13.jar:6.1.13]
	at org.springframework.security.web.FilterChainProxy$VirtualFilterChain.doFilter(FilterChainProxy.java:374) ~[spring-security-web-6.3.3.jar:6.3.3]
	at org.springframework.security.web.session.DisableEncodeUrlFilter.doFilterInternal(DisableEncodeUrlFilter.java:42) ~[spring-security-web-6.3.3.jar:6.3.3]
	at org.springframework.web.filter.OncePerRequestFilter.doFilter(OncePerRequestFilter.java:116) ~[spring-web-6.1.13.jar:6.1.13]
	at org.springframework.security.web.FilterChainProxy$VirtualFilterChain.doFilter(FilterChainProxy.java:374) ~[spring-security-web-6.3.3.jar:6.3.3]
	at org.springframework.security.web.FilterChainProxy.doFilterInternal(FilterChainProxy.java:233) ~[spring-security-web-6.3.3.jar:6.3.3]
	at org.springframework.security.web.FilterChainProxy.doFilter(FilterChainProxy.java:191) ~[spring-security-web-6.3.3.jar:6.3.3]
	at org.springframework.web.filter.CompositeFilter$VirtualFilterChain.doFilter(CompositeFilter.java:113) ~[spring-web-6.1.13.jar:6.1.13]
	at org.springframework.web.servlet.handler.HandlerMappingIntrospector.lambda$createCacheFilter$3(HandlerMappingIntrospector.java:195) ~[spring-webmvc-6.1.13.jar:6.1.13]
	at org.springframework.web.filter.CompositeFilter$VirtualFilterChain.doFilter(CompositeFilter.java:113) ~[spring-web-6.1.13.jar:6.1.13]
	at org.springframework.web.filter.CompositeFilter.doFilter(CompositeFilter.java:74) ~[spring-web-6.1.13.jar:6.1.13]
	at org.springframework.security.config.annotation.web.configuration.WebMvcSecurityConfiguration$CompositeFilterChainProxy.doFilter(WebMvcSecurityConfiguration.java:230) ~[spring-security-config-6.3.3.jar:6.3.3]
	at org.springframework.web.filter.DelegatingFilterProxy.invokeDelegate(DelegatingFilterProxy.java:352) ~[spring-web-6.1.13.jar:6.1.13]
	at org.springframework.web.filter.DelegatingFilterProxy.doFilter(DelegatingFilterProxy.java:268) ~[spring-web-6.1.13.jar:6.1.13]
	at org.apache.catalina.core.ApplicationFilterChain.internalDoFilter(ApplicationFilterChain.java:164) ~[tomcat-embed-core-10.1.30.jar:10.1.30]
	at org.apache.catalina.core.ApplicationFilterChain.doFilter(ApplicationFilterChain.java:140) ~[tomcat-embed-core-10.1.30.jar:10.1.30]
	at org.springframework.web.filter.CharacterEncodingFilter.doFilterInternal(CharacterEncodingFilter.java:201) ~[spring-web-6.1.13.jar:6.1.13]
	at org.springframework.web.filter.OncePerRequestFilter.doFilter(OncePerRequestFilter.java:116) ~[spring-web-6.1.13.jar:6.1.13]
	at org.apache.catalina.core.ApplicationFilterChain.internalDoFilter(ApplicationFilterChain.java:164) ~[tomcat-embed-core-10.1.30.jar:10.1.30]
	at org.apache.catalina.core.ApplicationFilterChain.doFilter(ApplicationFilterChain.java:140) ~[tomcat-embed-core-10.1.30.jar:10.1.30]
	at org.apache.catalina.core.StandardWrapperValve.invoke(StandardWrapperValve.java:167) ~[tomcat-embed-core-10.1.30.jar:10.1.30]
	at org.apache.catalina.core.StandardContextValve.invoke(StandardContextValve.java:90) ~[tomcat-embed-core-10.1.30.jar:10.1.30]
	at org.apache.catalina.authenticator.AuthenticatorBase.invoke(AuthenticatorBase.java:483) ~[tomcat-embed-core-10.1.30.jar:10.1.30]
	at org.apache.catalina.core.StandardHostValve.invoke(StandardHostValve.java:115) ~[tomcat-embed-core-10.1.30.jar:10.1.30]
	at org.apache.catalina.valves.ErrorReportValve.invoke(ErrorReportValve.java:93) ~[tomcat-embed-core-10.1.30.jar:10.1.30]
	at org.apache.catalina.core.StandardEngineValve.invoke(StandardEngineValve.java:74) ~[tomcat-embed-core-10.1.30.jar:10.1.30]
	at org.apache.catalina.connector.CoyoteAdapter.service(CoyoteAdapter.java:344) ~[tomcat-embed-core-10.1.30.jar:10.1.30]
	at org.apache.coyote.http11.Http11Processor.service(Http11Processor.java:384) ~[tomcat-embed-core-10.1.30.jar:10.1.30]
	at org.apache.coyote.AbstractProcessorLight.process(AbstractProcessorLight.java:63) ~[tomcat-embed-core-10.1.30.jar:10.1.30]
	at org.apache.coyote.AbstractProtocol$ConnectionHandler.process(AbstractProtocol.java:905) ~[tomcat-embed-core-10.1.30.jar:10.1.30]
	at org.apache.tomcat.util.net.NioEndpoint$SocketProcessor.doRun(NioEndpoint.java:1741) ~[tomcat-embed-core-10.1.30.jar:10.1.30]
	at org.apache.tomcat.util.net.SocketProcessorBase.run(SocketProcessorBase.java:52) ~[tomcat-embed-core-10.1.30.jar:10.1.30]
	at org.apache.tomcat.util.threads.ThreadPoolExecutor.runWorker(ThreadPoolExecutor.java:1190) ~[tomcat-embed-core-10.1.30.jar:10.1.30]
	at org.apache.tomcat.util.threads.ThreadPoolExecutor$Worker.run(ThreadPoolExecutor.java:659) ~[tomcat-embed-core-10.1.30.jar:10.1.30]
	at org.apache.tomcat.util.threads.TaskThread$WrappingRunnable.run(TaskThread.java:63) ~[tomcat-embed-core-10.1.30.jar:10.1.30]
	at java.base/java.lang.Thread.run(Thread.java:1583) ~[na:na]

2026-06-05T11:21:14.195-03:00 DEBUG 27184 --- [libraryapi] [http-nio-8080-exec-1] o.s.s.w.s.HttpSessionRequestCache        : Saved request http://localhost:8080/oauth2/authorize?response_type=code&client_id=meu-client&redirect_uri=http%3A%2F%2Flocalhost%3A8080%2Fauthorized&continue to session
2026-06-05T11:21:14.196-03:00 DEBUG 27184 --- [libraryapi] [http-nio-8080-exec-1] s.w.a.DelegatingAuthenticationEntryPoint : Trying to match using Or [Ant [pattern='/oauth2/token', POST], Ant [pattern='/oauth2/introspect', POST], Ant [pattern='/oauth2/revoke', POST], Ant [pattern='/oauth2/device_authorization', POST]]
2026-06-05T11:21:14.201-03:00 DEBUG 27184 --- [libraryapi] [http-nio-8080-exec-1] s.w.a.DelegatingAuthenticationEntryPoint : Trying to match using Or [org.springframework.security.config.annotation.web.configurers.oauth2.server.resource.OAuth2ResourceServerConfigurer$BearerTokenRequestMatcher@784fb189, RequestHeaderRequestMatcher [expectedHeaderName=X-Requested-With, expectedHeaderValue=XMLHttpRequest], And [Not [MediaTypeRequestMatcher [contentNegotiationStrategy=org.springframework.web.accept.ContentNegotiationManager@14574cdf, matchingMediaTypes=[text/html], useEquals=false, ignoredMediaTypes=[]]], MediaTypeRequestMatcher [contentNegotiationStrategy=org.springframework.web.accept.ContentNegotiationManager@14574cdf, matchingMediaTypes=[application/atom+xml, application/x-www-form-urlencoded, application/json, application/octet-stream, application/xml, multipart/form-data, text/xml], useEquals=false, ignoredMediaTypes=[*/*]]], MediaTypeRequestMatcher [contentNegotiationStrategy=org.springframework.web.accept.ContentNegotiationManager@14574cdf, matchingMediaTypes=[*/*], useEquals=true, ignoredMediaTypes=[]]]
2026-06-05T11:21:14.202-03:00 DEBUG 27184 --- [libraryapi] [http-nio-8080-exec-1] s.w.a.DelegatingAuthenticationEntryPoint : Trying to match using And [Not [RequestHeaderRequestMatcher [expectedHeaderName=X-Requested-With, expectedHeaderValue=XMLHttpRequest]], MediaTypeRequestMatcher [contentNegotiationStrategy=org.springframework.web.accept.ContentNegotiationManager@14574cdf, matchingMediaTypes=[application/xhtml+xml, image/*, text/html, text/plain], useEquals=false, ignoredMediaTypes=[*/*]]]
2026-06-05T11:21:14.202-03:00 DEBUG 27184 --- [libraryapi] [http-nio-8080-exec-1] s.w.a.DelegatingAuthenticationEntryPoint : Match found! Executing org.springframework.security.web.authentication.LoginUrlAuthenticationEntryPoint@735ed1d2
2026-06-05T11:21:14.204-03:00 DEBUG 27184 --- [libraryapi] [http-nio-8080-exec-1] o.s.s.web.DefaultRedirectStrategy        : Redirecting to http://localhost:8080/login
2026-06-05T11:21:14.205-03:00 TRACE 27184 --- [libraryapi] [http-nio-8080-exec-1] o.s.s.w.header.writers.HstsHeaderWriter  : Not injecting HSTS header since it did not match request to [Is Secure]
2026-06-05T11:21:14.223-03:00 TRACE 27184 --- [libraryapi] [http-nio-8080-exec-3] o.s.security.web.FilterChainProxy        : Trying to match request against DefaultSecurityFilterChain [RequestMatcher=Deferred [Mvc [pattern='/v2/api-docs/**'], Ant [pattern='/v2/api-docs/**']], Filters=[]] (1/8)
2026-06-05T11:21:14.224-03:00 TRACE 27184 --- [libraryapi] [http-nio-8080-exec-3] o.s.security.web.FilterChainProxy        : Trying to match request against DefaultSecurityFilterChain [RequestMatcher=Deferred [Mvc [pattern='v3/api-docs/**'], Ant [pattern='v3/api-docs/**']], Filters=[]] (2/8)
2026-06-05T11:21:14.224-03:00 TRACE 27184 --- [libraryapi] [http-nio-8080-exec-3] o.s.security.web.FilterChainProxy        : Trying to match request against DefaultSecurityFilterChain [RequestMatcher=Deferred [Mvc [pattern='/swagger-resource/**'], Ant [pattern='/swagger-resource/**']], Filters=[]] (3/8)
2026-06-05T11:21:14.224-03:00 TRACE 27184 --- [libraryapi] [http-nio-8080-exec-3] o.s.security.web.FilterChainProxy        : Trying to match request against DefaultSecurityFilterChain [RequestMatcher=Deferred [Mvc [pattern='/swagger-ui.html'], Ant [pattern='/swagger-ui.html']], Filters=[]] (4/8)
2026-06-05T11:21:14.224-03:00 TRACE 27184 --- [libraryapi] [http-nio-8080-exec-3] o.s.security.web.FilterChainProxy        : Trying to match request against DefaultSecurityFilterChain [RequestMatcher=Deferred [Mvc [pattern='/swagger-ui/**'], Ant [pattern='/swagger-ui/**']], Filters=[]] (5/8)
2026-06-05T11:21:14.224-03:00 TRACE 27184 --- [libraryapi] [http-nio-8080-exec-3] o.s.security.web.FilterChainProxy        : Trying to match request against DefaultSecurityFilterChain [RequestMatcher=Deferred [Mvc [pattern='/webjars/**'], Ant [pattern='/webjars/**']], Filters=[]] (6/8)
2026-06-05T11:21:14.225-03:00 TRACE 27184 --- [libraryapi] [http-nio-8080-exec-3] o.s.security.web.FilterChainProxy        : Trying to match request against DefaultSecurityFilterChain [RequestMatcher=org.springframework.security.oauth2.server.authorization.config.annotation.web.configurers.OAuth2AuthorizationServerConfigurer$$Lambda/0x0000022e04a76c20@69cd4267, Filters=[org.springframework.security.web.session.DisableEncodeUrlFilter@1db0edb8, org.springframework.security.web.context.request.async.WebAsyncManagerIntegrationFilter@118abc35, org.springframework.security.web.context.SecurityContextHolderFilter@7d0ae3d1, org.springframework.security.oauth2.server.authorization.config.annotation.web.configurers.AuthorizationServerContextFilter@751df26c, org.springframework.security.web.header.HeaderWriterFilter@2cde0397, org.springframework.security.web.csrf.CsrfFilter@438f205c, org.springframework.security.oauth2.server.authorization.oidc.web.OidcLogoutEndpointFilter@42be0eca, org.springframework.security.web.authentication.logout.LogoutFilter@65263248, org.springframework.security.oauth2.server.authorization.web.OAuth2AuthorizationServerMetadataEndpointFilter@61cf810c, org.springframework.security.oauth2.server.authorization.web.OAuth2AuthorizationEndpointFilter@2c1c3c13, org.springframework.security.oauth2.server.authorization.web.OAuth2DeviceVerificationEndpointFilter@1aacde34, org.springframework.security.oauth2.server.authorization.oidc.web.OidcProviderConfigurationEndpointFilter@a6017f9, org.springframework.security.oauth2.server.authorization.web.NimbusJwkSetEndpointFilter@7fec198a, org.springframework.security.oauth2.server.authorization.web.OAuth2ClientAuthenticationFilter@294c1b45, org.springframework.security.web.authentication.UsernamePasswordAuthenticationFilter@20bd3082, org.springframework.security.oauth2.server.resource.web.authentication.BearerTokenAuthenticationFilter@2dad7323, org.springframework.security.web.savedrequest.RequestCacheAwareFilter@1362f4, org.springframework.security.web.servletapi.SecurityContextHolderAwareRequestFilter@33b3e47, org.springframework.security.web.authentication.AnonymousAuthenticationFilter@56b0f28f, org.springframework.security.web.access.ExceptionTranslationFilter@5be17e53, org.springframework.security.web.access.intercept.AuthorizationFilter@4b27a3fc, org.springframework.security.oauth2.server.authorization.web.OAuth2TokenEndpointFilter@7ca29492, org.springframework.security.oauth2.server.authorization.web.OAuth2TokenIntrospectionEndpointFilter@689afbb0, org.springframework.security.oauth2.server.authorization.web.OAuth2TokenRevocationEndpointFilter@7ee45cbe, org.springframework.security.oauth2.server.authorization.web.OAuth2DeviceAuthorizationEndpointFilter@b6c290a, org.springframework.security.oauth2.server.authorization.oidc.web.OidcUserInfoEndpointFilter@2108d503]] (7/8)
2026-06-05T11:21:14.226-03:00 TRACE 27184 --- [libraryapi] [http-nio-8080-exec-3] o.s.security.web.FilterChainProxy        : Trying to match request against DefaultSecurityFilterChain [RequestMatcher=any request, Filters=[org.springframework.security.web.session.DisableEncodeUrlFilter@e3a2376, org.springframework.security.web.context.request.async.WebAsyncManagerIntegrationFilter@7763168c, org.springframework.security.web.context.SecurityContextHolderFilter@716205f9, org.springframework.security.web.header.HeaderWriterFilter@2324e26c, org.springframework.security.web.authentication.logout.LogoutFilter@4655e059, org.springframework.security.oauth2.client.web.OAuth2AuthorizationRequestRedirectFilter@70bca957, org.springframework.security.oauth2.client.web.OAuth2LoginAuthenticationFilter@519e110b, org.springframework.security.web.authentication.UsernamePasswordAuthenticationFilter@2765c3fc, org.springframework.security.oauth2.server.resource.web.authentication.BearerTokenAuthenticationFilter@447dec7e, com.github.iuryrayam.libraryapi.security.JwtCustomAuthenticationFilter@518ed9b4, org.springframework.security.web.savedrequest.RequestCacheAwareFilter@6fc1d215, org.springframework.security.web.servletapi.SecurityContextHolderAwareRequestFilter@234ad505, org.springframework.security.web.authentication.AnonymousAuthenticationFilter@a413461, org.springframework.security.web.access.ExceptionTranslationFilter@3beee525, org.springframework.security.web.access.intercept.AuthorizationFilter@3e43fb40]] (8/8)
2026-06-05T11:21:14.226-03:00 DEBUG 27184 --- [libraryapi] [http-nio-8080-exec-3] o.s.security.web.FilterChainProxy        : Securing GET /login
2026-06-05T11:21:14.226-03:00 TRACE 27184 --- [libraryapi] [http-nio-8080-exec-3] o.s.security.web.FilterChainProxy        : Invoking DisableEncodeUrlFilter (1/15)
2026-06-05T11:21:14.226-03:00 TRACE 27184 --- [libraryapi] [http-nio-8080-exec-3] o.s.security.web.FilterChainProxy        : Invoking WebAsyncManagerIntegrationFilter (2/15)
2026-06-05T11:21:14.226-03:00 TRACE 27184 --- [libraryapi] [http-nio-8080-exec-3] o.s.security.web.FilterChainProxy        : Invoking SecurityContextHolderFilter (3/15)
2026-06-05T11:21:14.226-03:00 TRACE 27184 --- [libraryapi] [http-nio-8080-exec-3] o.s.security.web.FilterChainProxy        : Invoking HeaderWriterFilter (4/15)
2026-06-05T11:21:14.226-03:00 TRACE 27184 --- [libraryapi] [http-nio-8080-exec-3] o.s.security.web.FilterChainProxy        : Invoking LogoutFilter (5/15)
2026-06-05T11:21:14.227-03:00 TRACE 27184 --- [libraryapi] [http-nio-8080-exec-3] o.s.s.w.a.logout.LogoutFilter            : Did not match request to Or [Ant [pattern='/logout', GET], Ant [pattern='/logout', POST], Ant [pattern='/logout', PUT], Ant [pattern='/logout', DELETE]]
2026-06-05T11:21:14.227-03:00 TRACE 27184 --- [libraryapi] [http-nio-8080-exec-3] o.s.security.web.FilterChainProxy        : Invoking OAuth2AuthorizationRequestRedirectFilter (6/15)
2026-06-05T11:21:14.227-03:00 TRACE 27184 --- [libraryapi] [http-nio-8080-exec-3] o.s.security.web.FilterChainProxy        : Invoking OAuth2LoginAuthenticationFilter (7/15)
2026-06-05T11:21:14.227-03:00 TRACE 27184 --- [libraryapi] [http-nio-8080-exec-3] .s.o.c.w.OAuth2LoginAuthenticationFilter : Did not match request to Ant [pattern='/login/oauth2/code/*']
2026-06-05T11:21:14.227-03:00 TRACE 27184 --- [libraryapi] [http-nio-8080-exec-3] o.s.security.web.FilterChainProxy        : Invoking UsernamePasswordAuthenticationFilter (8/15)
2026-06-05T11:21:14.227-03:00 TRACE 27184 --- [libraryapi] [http-nio-8080-exec-3] w.a.UsernamePasswordAuthenticationFilter : Did not match request to Ant [pattern='/login', POST]
2026-06-05T11:21:14.227-03:00 TRACE 27184 --- [libraryapi] [http-nio-8080-exec-3] o.s.security.web.FilterChainProxy        : Invoking BearerTokenAuthenticationFilter (9/15)
2026-06-05T11:21:14.227-03:00 TRACE 27184 --- [libraryapi] [http-nio-8080-exec-3] .s.r.w.a.BearerTokenAuthenticationFilter : Did not process request since did not find bearer token
2026-06-05T11:21:14.228-03:00 TRACE 27184 --- [libraryapi] [http-nio-8080-exec-3] o.s.security.web.FilterChainProxy        : Invoking JwtCustomAuthenticationFilter (10/15)
2026-06-05T11:21:14.228-03:00 TRACE 27184 --- [libraryapi] [http-nio-8080-exec-3] w.c.HttpSessionSecurityContextRepository : Did not find SecurityContext in HttpSession 3CEB31D2EC5A17A73EC4623A75D0FC5E using the SPRING_SECURITY_CONTEXT session attribute
2026-06-05T11:21:14.228-03:00 TRACE 27184 --- [libraryapi] [http-nio-8080-exec-3] .s.s.w.c.SupplierDeferredSecurityContext : Created SecurityContextImpl [Null authentication]
2026-06-05T11:21:14.228-03:00 TRACE 27184 --- [libraryapi] [http-nio-8080-exec-3] .s.s.w.c.SupplierDeferredSecurityContext : Created SecurityContextImpl [Null authentication]
2026-06-05T11:21:14.228-03:00 TRACE 27184 --- [libraryapi] [http-nio-8080-exec-3] o.s.security.web.FilterChainProxy        : Invoking RequestCacheAwareFilter (11/15)
2026-06-05T11:21:14.228-03:00 TRACE 27184 --- [libraryapi] [http-nio-8080-exec-3] o.s.s.w.s.HttpSessionRequestCache        : matchingRequestParameterName is required for getMatchingRequest to lookup a value, but not provided
2026-06-05T11:21:14.228-03:00 TRACE 27184 --- [libraryapi] [http-nio-8080-exec-3] o.s.security.web.FilterChainProxy        : Invoking SecurityContextHolderAwareRequestFilter (12/15)
2026-06-05T11:21:14.228-03:00 TRACE 27184 --- [libraryapi] [http-nio-8080-exec-3] o.s.security.web.FilterChainProxy        : Invoking AnonymousAuthenticationFilter (13/15)
2026-06-05T11:21:14.228-03:00 TRACE 27184 --- [libraryapi] [http-nio-8080-exec-3] o.s.security.web.FilterChainProxy        : Invoking ExceptionTranslationFilter (14/15)
2026-06-05T11:21:14.228-03:00 TRACE 27184 --- [libraryapi] [http-nio-8080-exec-3] o.s.security.web.FilterChainProxy        : Invoking AuthorizationFilter (15/15)
2026-06-05T11:21:14.228-03:00 TRACE 27184 --- [libraryapi] [http-nio-8080-exec-3] estMatcherDelegatingAuthorizationManager : Authorizing GET /login
2026-06-05T11:21:14.229-03:00 TRACE 27184 --- [libraryapi] [http-nio-8080-exec-3] estMatcherDelegatingAuthorizationManager : Checking authorization on GET /login using org.springframework.security.config.annotation.web.configurers.AuthorizeHttpRequestsConfigurer$$Lambda/0x0000022e04a77258@8d6555a
2026-06-05T11:21:14.229-03:00 DEBUG 27184 --- [libraryapi] [http-nio-8080-exec-3] o.s.security.web.FilterChainProxy        : Secured GET /login
2026-06-05T11:21:14.234-03:00 DEBUG 27184 --- [libraryapi] [http-nio-8080-exec-3] o.s.web.servlet.DispatcherServlet        : GET "/login", parameters={}
2026-06-05T11:21:14.236-03:00 DEBUG 27184 --- [libraryapi] [http-nio-8080-exec-3] o.s.w.s.handler.SimpleUrlHandlerMapping  : Mapped to ParameterizableViewController [view="login"]
2026-06-05T11:21:14.648-03:00 TRACE 27184 --- [libraryapi] [http-nio-8080-exec-3] o.s.s.w.header.writers.HstsHeaderWriter  : Not injecting HSTS header since it did not match request to [Is Secure]
2026-06-05T11:21:14.653-03:00 DEBUG 27184 --- [libraryapi] [http-nio-8080-exec-3] o.s.web.servlet.DispatcherServlet        : Completed 200 OK
2026-06-05T11:21:14.653-03:00 TRACE 27184 --- [libraryapi] [http-nio-8080-exec-3] o.s.s.w.a.AnonymousAuthenticationFilter  : Set SecurityContextHolder to AnonymousAuthenticationToken [Principal=anonymousUser, Credentials=[PROTECTED], Authenticated=true, Details=WebAuthenticationDetails [RemoteIpAddress=0:0:0:0:0:0:0:1, SessionId=3CEB31D2EC5A17A73EC4623A75D0FC5E], Granted Authorities=[ROLE_ANONYMOUS]]
2026-06-05T11:21:19.943-03:00 TRACE 27184 --- [libraryapi] [http-nio-8080-exec-2] o.s.security.web.FilterChainProxy        : Trying to match request against DefaultSecurityFilterChain [RequestMatcher=Deferred [Mvc [pattern='/v2/api-docs/**'], Ant [pattern='/v2/api-docs/**']], Filters=[]] (1/8)
2026-06-05T11:21:19.943-03:00 TRACE 27184 --- [libraryapi] [http-nio-8080-exec-2] o.s.security.web.FilterChainProxy        : Trying to match request against DefaultSecurityFilterChain [RequestMatcher=Deferred [Mvc [pattern='v3/api-docs/**'], Ant [pattern='v3/api-docs/**']], Filters=[]] (2/8)
2026-06-05T11:21:19.943-03:00 TRACE 27184 --- [libraryapi] [http-nio-8080-exec-2] o.s.security.web.FilterChainProxy        : Trying to match request against DefaultSecurityFilterChain [RequestMatcher=Deferred [Mvc [pattern='/swagger-resource/**'], Ant [pattern='/swagger-resource/**']], Filters=[]] (3/8)
2026-06-05T11:21:19.944-03:00 TRACE 27184 --- [libraryapi] [http-nio-8080-exec-2] o.s.security.web.FilterChainProxy        : Trying to match request against DefaultSecurityFilterChain [RequestMatcher=Deferred [Mvc [pattern='/swagger-ui.html'], Ant [pattern='/swagger-ui.html']], Filters=[]] (4/8)
2026-06-05T11:21:19.944-03:00 TRACE 27184 --- [libraryapi] [http-nio-8080-exec-2] o.s.security.web.FilterChainProxy        : Trying to match request against DefaultSecurityFilterChain [RequestMatcher=Deferred [Mvc [pattern='/swagger-ui/**'], Ant [pattern='/swagger-ui/**']], Filters=[]] (5/8)
2026-06-05T11:21:19.944-03:00 TRACE 27184 --- [libraryapi] [http-nio-8080-exec-2] o.s.security.web.FilterChainProxy        : Trying to match request against DefaultSecurityFilterChain [RequestMatcher=Deferred [Mvc [pattern='/webjars/**'], Ant [pattern='/webjars/**']], Filters=[]] (6/8)
2026-06-05T11:21:19.945-03:00 TRACE 27184 --- [libraryapi] [http-nio-8080-exec-2] o.s.security.web.FilterChainProxy        : Trying to match request against DefaultSecurityFilterChain [RequestMatcher=org.springframework.security.oauth2.server.authorization.config.annotation.web.configurers.OAuth2AuthorizationServerConfigurer$$Lambda/0x0000022e04a76c20@69cd4267, Filters=[org.springframework.security.web.session.DisableEncodeUrlFilter@1db0edb8, org.springframework.security.web.context.request.async.WebAsyncManagerIntegrationFilter@118abc35, org.springframework.security.web.context.SecurityContextHolderFilter@7d0ae3d1, org.springframework.security.oauth2.server.authorization.config.annotation.web.configurers.AuthorizationServerContextFilter@751df26c, org.springframework.security.web.header.HeaderWriterFilter@2cde0397, org.springframework.security.web.csrf.CsrfFilter@438f205c, org.springframework.security.oauth2.server.authorization.oidc.web.OidcLogoutEndpointFilter@42be0eca, org.springframework.security.web.authentication.logout.LogoutFilter@65263248, org.springframework.security.oauth2.server.authorization.web.OAuth2AuthorizationServerMetadataEndpointFilter@61cf810c, org.springframework.security.oauth2.server.authorization.web.OAuth2AuthorizationEndpointFilter@2c1c3c13, org.springframework.security.oauth2.server.authorization.web.OAuth2DeviceVerificationEndpointFilter@1aacde34, org.springframework.security.oauth2.server.authorization.oidc.web.OidcProviderConfigurationEndpointFilter@a6017f9, org.springframework.security.oauth2.server.authorization.web.NimbusJwkSetEndpointFilter@7fec198a, org.springframework.security.oauth2.server.authorization.web.OAuth2ClientAuthenticationFilter@294c1b45, org.springframework.security.web.authentication.UsernamePasswordAuthenticationFilter@20bd3082, org.springframework.security.oauth2.server.resource.web.authentication.BearerTokenAuthenticationFilter@2dad7323, org.springframework.security.web.savedrequest.RequestCacheAwareFilter@1362f4, org.springframework.security.web.servletapi.SecurityContextHolderAwareRequestFilter@33b3e47, org.springframework.security.web.authentication.AnonymousAuthenticationFilter@56b0f28f, org.springframework.security.web.access.ExceptionTranslationFilter@5be17e53, org.springframework.security.web.access.intercept.AuthorizationFilter@4b27a3fc, org.springframework.security.oauth2.server.authorization.web.OAuth2TokenEndpointFilter@7ca29492, org.springframework.security.oauth2.server.authorization.web.OAuth2TokenIntrospectionEndpointFilter@689afbb0, org.springframework.security.oauth2.server.authorization.web.OAuth2TokenRevocationEndpointFilter@7ee45cbe, org.springframework.security.oauth2.server.authorization.web.OAuth2DeviceAuthorizationEndpointFilter@b6c290a, org.springframework.security.oauth2.server.authorization.oidc.web.OidcUserInfoEndpointFilter@2108d503]] (7/8)
2026-06-05T11:21:19.945-03:00 TRACE 27184 --- [libraryapi] [http-nio-8080-exec-2] o.s.security.web.FilterChainProxy        : Trying to match request against DefaultSecurityFilterChain [RequestMatcher=any request, Filters=[org.springframework.security.web.session.DisableEncodeUrlFilter@e3a2376, org.springframework.security.web.context.request.async.WebAsyncManagerIntegrationFilter@7763168c, org.springframework.security.web.context.SecurityContextHolderFilter@716205f9, org.springframework.security.web.header.HeaderWriterFilter@2324e26c, org.springframework.security.web.authentication.logout.LogoutFilter@4655e059, org.springframework.security.oauth2.client.web.OAuth2AuthorizationRequestRedirectFilter@70bca957, org.springframework.security.oauth2.client.web.OAuth2LoginAuthenticationFilter@519e110b, org.springframework.security.web.authentication.UsernamePasswordAuthenticationFilter@2765c3fc, org.springframework.security.oauth2.server.resource.web.authentication.BearerTokenAuthenticationFilter@447dec7e, com.github.iuryrayam.libraryapi.security.JwtCustomAuthenticationFilter@518ed9b4, org.springframework.security.web.savedrequest.RequestCacheAwareFilter@6fc1d215, org.springframework.security.web.servletapi.SecurityContextHolderAwareRequestFilter@234ad505, org.springframework.security.web.authentication.AnonymousAuthenticationFilter@a413461, org.springframework.security.web.access.ExceptionTranslationFilter@3beee525, org.springframework.security.web.access.intercept.AuthorizationFilter@3e43fb40]] (8/8)
2026-06-05T11:21:19.946-03:00 DEBUG 27184 --- [libraryapi] [http-nio-8080-exec-2] o.s.security.web.FilterChainProxy        : Securing POST /login
2026-06-05T11:21:19.946-03:00 TRACE 27184 --- [libraryapi] [http-nio-8080-exec-2] o.s.security.web.FilterChainProxy        : Invoking DisableEncodeUrlFilter (1/15)
2026-06-05T11:21:19.946-03:00 TRACE 27184 --- [libraryapi] [http-nio-8080-exec-2] o.s.security.web.FilterChainProxy        : Invoking WebAsyncManagerIntegrationFilter (2/15)
2026-06-05T11:21:19.946-03:00 TRACE 27184 --- [libraryapi] [http-nio-8080-exec-2] o.s.security.web.FilterChainProxy        : Invoking SecurityContextHolderFilter (3/15)
2026-06-05T11:21:19.946-03:00 TRACE 27184 --- [libraryapi] [http-nio-8080-exec-2] o.s.security.web.FilterChainProxy        : Invoking HeaderWriterFilter (4/15)
2026-06-05T11:21:19.946-03:00 TRACE 27184 --- [libraryapi] [http-nio-8080-exec-2] o.s.security.web.FilterChainProxy        : Invoking LogoutFilter (5/15)
2026-06-05T11:21:19.946-03:00 TRACE 27184 --- [libraryapi] [http-nio-8080-exec-2] o.s.s.w.a.logout.LogoutFilter            : Did not match request to Or [Ant [pattern='/logout', GET], Ant [pattern='/logout', POST], Ant [pattern='/logout', PUT], Ant [pattern='/logout', DELETE]]
2026-06-05T11:21:19.946-03:00 TRACE 27184 --- [libraryapi] [http-nio-8080-exec-2] o.s.security.web.FilterChainProxy        : Invoking OAuth2AuthorizationRequestRedirectFilter (6/15)
2026-06-05T11:21:19.946-03:00 TRACE 27184 --- [libraryapi] [http-nio-8080-exec-2] o.s.security.web.FilterChainProxy        : Invoking OAuth2LoginAuthenticationFilter (7/15)
2026-06-05T11:21:19.946-03:00 TRACE 27184 --- [libraryapi] [http-nio-8080-exec-2] .s.o.c.w.OAuth2LoginAuthenticationFilter : Did not match request to Ant [pattern='/login/oauth2/code/*']
2026-06-05T11:21:19.946-03:00 TRACE 27184 --- [libraryapi] [http-nio-8080-exec-2] o.s.security.web.FilterChainProxy        : Invoking UsernamePasswordAuthenticationFilter (8/15)
2026-06-05T11:21:19.947-03:00 TRACE 27184 --- [libraryapi] [http-nio-8080-exec-2] o.s.s.authentication.ProviderManager     : Authenticating request with CustomAuthenticationProvider (1/1)
2026-06-05T11:21:20.060-03:00 TRACE 27184 --- [libraryapi] [http-nio-8080-exec-2] s.CompositeSessionAuthenticationStrategy : Preparing session with ChangeSessionIdAuthenticationStrategy (1/1)
2026-06-05T11:21:20.061-03:00 DEBUG 27184 --- [libraryapi] [http-nio-8080-exec-2] .s.ChangeSessionIdAuthenticationStrategy : Changed session id from 3CEB31D2EC5A17A73EC4623A75D0FC5E
2026-06-05T11:21:20.062-03:00 DEBUG 27184 --- [libraryapi] [http-nio-8080-exec-2] w.c.HttpSessionSecurityContextRepository : Stored SecurityContextImpl [Authentication=com.github.iuryrayam.libraryapi.security.CustomAuthentication@62614a1c] to HttpSession [org.apache.catalina.session.StandardSessionFacade@7d25c6f0]
2026-06-05T11:21:20.062-03:00 DEBUG 27184 --- [libraryapi] [http-nio-8080-exec-2] w.a.UsernamePasswordAuthenticationFilter : Set SecurityContextHolder to com.github.iuryrayam.libraryapi.security.CustomAuthentication@62614a1c
2026-06-05T11:21:20.062-03:00 DEBUG 27184 --- [libraryapi] [http-nio-8080-exec-2] o.s.s.web.DefaultRedirectStrategy        : Redirecting to http://localhost:8080/oauth2/authorize?response_type=code&client_id=meu-client&redirect_uri=http%3A%2F%2Flocalhost%3A8080%2Fauthorized&continue
2026-06-05T11:21:20.063-03:00 TRACE 27184 --- [libraryapi] [http-nio-8080-exec-2] o.s.s.w.header.writers.HstsHeaderWriter  : Not injecting HSTS header since it did not match request to [Is Secure]
2026-06-05T11:21:20.072-03:00 TRACE 27184 --- [libraryapi] [http-nio-8080-exec-4] o.s.security.web.FilterChainProxy        : Trying to match request against DefaultSecurityFilterChain [RequestMatcher=Deferred [Mvc [pattern='/v2/api-docs/**'], Ant [pattern='/v2/api-docs/**']], Filters=[]] (1/8)
2026-06-05T11:21:20.073-03:00 TRACE 27184 --- [libraryapi] [http-nio-8080-exec-4] o.s.security.web.FilterChainProxy        : Trying to match request against DefaultSecurityFilterChain [RequestMatcher=Deferred [Mvc [pattern='v3/api-docs/**'], Ant [pattern='v3/api-docs/**']], Filters=[]] (2/8)
2026-06-05T11:21:20.073-03:00 TRACE 27184 --- [libraryapi] [http-nio-8080-exec-4] o.s.security.web.FilterChainProxy        : Trying to match request against DefaultSecurityFilterChain [RequestMatcher=Deferred [Mvc [pattern='/swagger-resource/**'], Ant [pattern='/swagger-resource/**']], Filters=[]] (3/8)
2026-06-05T11:21:20.073-03:00 TRACE 27184 --- [libraryapi] [http-nio-8080-exec-4] o.s.security.web.FilterChainProxy        : Trying to match request against DefaultSecurityFilterChain [RequestMatcher=Deferred [Mvc [pattern='/swagger-ui.html'], Ant [pattern='/swagger-ui.html']], Filters=[]] (4/8)
2026-06-05T11:21:20.073-03:00 TRACE 27184 --- [libraryapi] [http-nio-8080-exec-4] o.s.security.web.FilterChainProxy        : Trying to match request against DefaultSecurityFilterChain [RequestMatcher=Deferred [Mvc [pattern='/swagger-ui/**'], Ant [pattern='/swagger-ui/**']], Filters=[]] (5/8)
2026-06-05T11:21:20.073-03:00 TRACE 27184 --- [libraryapi] [http-nio-8080-exec-4] o.s.security.web.FilterChainProxy        : Trying to match request against DefaultSecurityFilterChain [RequestMatcher=Deferred [Mvc [pattern='/webjars/**'], Ant [pattern='/webjars/**']], Filters=[]] (6/8)
2026-06-05T11:21:20.074-03:00 TRACE 27184 --- [libraryapi] [http-nio-8080-exec-4] o.s.security.web.FilterChainProxy        : Trying to match request against DefaultSecurityFilterChain [RequestMatcher=org.springframework.security.oauth2.server.authorization.config.annotation.web.configurers.OAuth2AuthorizationServerConfigurer$$Lambda/0x0000022e04a76c20@69cd4267, Filters=[org.springframework.security.web.session.DisableEncodeUrlFilter@1db0edb8, org.springframework.security.web.context.request.async.WebAsyncManagerIntegrationFilter@118abc35, org.springframework.security.web.context.SecurityContextHolderFilter@7d0ae3d1, org.springframework.security.oauth2.server.authorization.config.annotation.web.configurers.AuthorizationServerContextFilter@751df26c, org.springframework.security.web.header.HeaderWriterFilter@2cde0397, org.springframework.security.web.csrf.CsrfFilter@438f205c, org.springframework.security.oauth2.server.authorization.oidc.web.OidcLogoutEndpointFilter@42be0eca, org.springframework.security.web.authentication.logout.LogoutFilter@65263248, org.springframework.security.oauth2.server.authorization.web.OAuth2AuthorizationServerMetadataEndpointFilter@61cf810c, org.springframework.security.oauth2.server.authorization.web.OAuth2AuthorizationEndpointFilter@2c1c3c13, org.springframework.security.oauth2.server.authorization.web.OAuth2DeviceVerificationEndpointFilter@1aacde34, org.springframework.security.oauth2.server.authorization.oidc.web.OidcProviderConfigurationEndpointFilter@a6017f9, org.springframework.security.oauth2.server.authorization.web.NimbusJwkSetEndpointFilter@7fec198a, org.springframework.security.oauth2.server.authorization.web.OAuth2ClientAuthenticationFilter@294c1b45, org.springframework.security.web.authentication.UsernamePasswordAuthenticationFilter@20bd3082, org.springframework.security.oauth2.server.resource.web.authentication.BearerTokenAuthenticationFilter@2dad7323, org.springframework.security.web.savedrequest.RequestCacheAwareFilter@1362f4, org.springframework.security.web.servletapi.SecurityContextHolderAwareRequestFilter@33b3e47, org.springframework.security.web.authentication.AnonymousAuthenticationFilter@56b0f28f, org.springframework.security.web.access.ExceptionTranslationFilter@5be17e53, org.springframework.security.web.access.intercept.AuthorizationFilter@4b27a3fc, org.springframework.security.oauth2.server.authorization.web.OAuth2TokenEndpointFilter@7ca29492, org.springframework.security.oauth2.server.authorization.web.OAuth2TokenIntrospectionEndpointFilter@689afbb0, org.springframework.security.oauth2.server.authorization.web.OAuth2TokenRevocationEndpointFilter@7ee45cbe, org.springframework.security.oauth2.server.authorization.web.OAuth2DeviceAuthorizationEndpointFilter@b6c290a, org.springframework.security.oauth2.server.authorization.oidc.web.OidcUserInfoEndpointFilter@2108d503]] (7/8)
2026-06-05T11:21:20.074-03:00 DEBUG 27184 --- [libraryapi] [http-nio-8080-exec-4] o.s.security.web.FilterChainProxy        : Securing GET /oauth2/authorize?response_type=code&client_id=meu-client&redirect_uri=http%3A%2F%2Flocalhost%3A8080%2Fauthorized&continue
2026-06-05T11:21:20.075-03:00 TRACE 27184 --- [libraryapi] [http-nio-8080-exec-4] o.s.security.web.FilterChainProxy        : Invoking DisableEncodeUrlFilter (1/26)
2026-06-05T11:21:20.075-03:00 TRACE 27184 --- [libraryapi] [http-nio-8080-exec-4] o.s.security.web.FilterChainProxy        : Invoking WebAsyncManagerIntegrationFilter (2/26)
2026-06-05T11:21:20.075-03:00 TRACE 27184 --- [libraryapi] [http-nio-8080-exec-4] o.s.security.web.FilterChainProxy        : Invoking SecurityContextHolderFilter (3/26)
2026-06-05T11:21:20.075-03:00 TRACE 27184 --- [libraryapi] [http-nio-8080-exec-4] o.s.security.web.FilterChainProxy        : Invoking AuthorizationServerContextFilter (4/26)
2026-06-05T11:21:20.076-03:00 TRACE 27184 --- [libraryapi] [http-nio-8080-exec-4] o.s.security.web.FilterChainProxy        : Invoking HeaderWriterFilter (5/26)
2026-06-05T11:21:20.076-03:00 TRACE 27184 --- [libraryapi] [http-nio-8080-exec-4] o.s.security.web.FilterChainProxy        : Invoking CsrfFilter (6/26)
2026-06-05T11:21:20.076-03:00 TRACE 27184 --- [libraryapi] [http-nio-8080-exec-4] o.s.security.web.csrf.CsrfFilter         : Did not protect against CSRF since request did not match And [CsrfNotRequired [TRACE, HEAD, GET, OPTIONS], Not [Or [org.springframework.security.oauth2.server.authorization.config.annotation.web.configurers.OAuth2AuthorizationServerConfigurer$$Lambda/0x0000022e04a76c20@69cd4267, org.springframework.security.config.annotation.web.configurers.oauth2.server.resource.OAuth2ResourceServerConfigurer$BearerTokenRequestMatcher@784fb189]]]
2026-06-05T11:21:20.076-03:00 TRACE 27184 --- [libraryapi] [http-nio-8080-exec-4] o.s.security.web.FilterChainProxy        : Invoking OidcLogoutEndpointFilter (7/26)
2026-06-05T11:21:20.076-03:00 TRACE 27184 --- [libraryapi] [http-nio-8080-exec-4] o.s.security.web.FilterChainProxy        : Invoking LogoutFilter (8/26)
2026-06-05T11:21:20.077-03:00 TRACE 27184 --- [libraryapi] [http-nio-8080-exec-4] o.s.s.w.a.logout.LogoutFilter            : Did not match request to Ant [pattern='/logout', POST]
2026-06-05T11:21:20.077-03:00 TRACE 27184 --- [libraryapi] [http-nio-8080-exec-4] o.s.security.web.FilterChainProxy        : Invoking OAuth2AuthorizationServerMetadataEndpointFilter (9/26)
2026-06-05T11:21:20.077-03:00 TRACE 27184 --- [libraryapi] [http-nio-8080-exec-4] o.s.security.web.FilterChainProxy        : Invoking OAuth2AuthorizationEndpointFilter (10/26)
2026-06-05T11:21:20.078-03:00 TRACE 27184 --- [libraryapi] [http-nio-8080-exec-4] w.c.HttpSessionSecurityContextRepository : Retrieved SecurityContextImpl [Authentication=com.github.iuryrayam.libraryapi.security.CustomAuthentication@62614a1c] from SPRING_SECURITY_CONTEXT
2026-06-05T11:21:20.078-03:00 TRACE 27184 --- [libraryapi] [http-nio-8080-exec-4] o.s.s.authentication.ProviderManager     : Authenticating request with OAuth2AuthorizationCodeRequestAuthenticationProvider (1/20)
2026-06-05T11:21:20.084-03:00 TRACE 27184 --- [libraryapi] [http-nio-8080-exec-4] izationCodeRequestAuthenticationProvider : Retrieved registered client
2026-06-05T11:21:20.084-03:00 TRACE 27184 --- [libraryapi] [http-nio-8080-exec-4] izationCodeRequestAuthenticationProvider : Validated authorization code request parameters
2026-06-05T11:21:20.096-03:00 TRACE 27184 --- [libraryapi] [http-nio-8080-exec-4] izationCodeRequestAuthenticationProvider : Generated authorization code
2026-06-05T11:21:20.097-03:00 TRACE 27184 --- [libraryapi] [http-nio-8080-exec-4] izationCodeRequestAuthenticationProvider : Saved authorization
2026-06-05T11:21:20.097-03:00 TRACE 27184 --- [libraryapi] [http-nio-8080-exec-4] izationCodeRequestAuthenticationProvider : Authenticated authorization code request
2026-06-05T11:21:20.097-03:00 DEBUG 27184 --- [libraryapi] [http-nio-8080-exec-4] o.s.s.web.DefaultRedirectStrategy        : Redirecting to http://localhost:8080/authorized?code=UmcCUe7-oM6xrCHLsmUnPOBlmaWaSIx3ubvHUxCLi3Z8GNUgeMzqDMZ84eTF9NVPEQuJlZUcwrQX4KPZG5ZBg4Up1xANW2vryYk6dhk2BV6TvfSH8KA66lE67Iz6vReJ
2026-06-05T11:21:20.097-03:00 TRACE 27184 --- [libraryapi] [http-nio-8080-exec-4] o.s.s.w.header.writers.HstsHeaderWriter  : Not injecting HSTS header since it did not match request to [Is Secure]
2026-06-05T11:21:20.135-03:00 TRACE 27184 --- [libraryapi] [http-nio-8080-exec-6] o.s.security.web.FilterChainProxy        : Trying to match request against DefaultSecurityFilterChain [RequestMatcher=Deferred [Mvc [pattern='/v2/api-docs/**'], Ant [pattern='/v2/api-docs/**']], Filters=[]] (1/8)
2026-06-05T11:21:20.136-03:00 TRACE 27184 --- [libraryapi] [http-nio-8080-exec-6] o.s.security.web.FilterChainProxy        : Trying to match request against DefaultSecurityFilterChain [RequestMatcher=Deferred [Mvc [pattern='v3/api-docs/**'], Ant [pattern='v3/api-docs/**']], Filters=[]] (2/8)
2026-06-05T11:21:20.136-03:00 TRACE 27184 --- [libraryapi] [http-nio-8080-exec-6] o.s.security.web.FilterChainProxy        : Trying to match request against DefaultSecurityFilterChain [RequestMatcher=Deferred [Mvc [pattern='/swagger-resource/**'], Ant [pattern='/swagger-resource/**']], Filters=[]] (3/8)
2026-06-05T11:21:20.137-03:00 TRACE 27184 --- [libraryapi] [http-nio-8080-exec-6] o.s.security.web.FilterChainProxy        : Trying to match request against DefaultSecurityFilterChain [RequestMatcher=Deferred [Mvc [pattern='/swagger-ui.html'], Ant [pattern='/swagger-ui.html']], Filters=[]] (4/8)
2026-06-05T11:21:20.137-03:00 TRACE 27184 --- [libraryapi] [http-nio-8080-exec-6] o.s.security.web.FilterChainProxy        : Trying to match request against DefaultSecurityFilterChain [RequestMatcher=Deferred [Mvc [pattern='/swagger-ui/**'], Ant [pattern='/swagger-ui/**']], Filters=[]] (5/8)
2026-06-05T11:21:20.137-03:00 TRACE 27184 --- [libraryapi] [http-nio-8080-exec-6] o.s.security.web.FilterChainProxy        : Trying to match request against DefaultSecurityFilterChain [RequestMatcher=Deferred [Mvc [pattern='/webjars/**'], Ant [pattern='/webjars/**']], Filters=[]] (6/8)
2026-06-05T11:21:20.137-03:00 TRACE 27184 --- [libraryapi] [http-nio-8080-exec-6] o.s.security.web.FilterChainProxy        : Trying to match request against DefaultSecurityFilterChain [RequestMatcher=org.springframework.security.oauth2.server.authorization.config.annotation.web.configurers.OAuth2AuthorizationServerConfigurer$$Lambda/0x0000022e04a76c20@69cd4267, Filters=[org.springframework.security.web.session.DisableEncodeUrlFilter@1db0edb8, org.springframework.security.web.context.request.async.WebAsyncManagerIntegrationFilter@118abc35, org.springframework.security.web.context.SecurityContextHolderFilter@7d0ae3d1, org.springframework.security.oauth2.server.authorization.config.annotation.web.configurers.AuthorizationServerContextFilter@751df26c, org.springframework.security.web.header.HeaderWriterFilter@2cde0397, org.springframework.security.web.csrf.CsrfFilter@438f205c, org.springframework.security.oauth2.server.authorization.oidc.web.OidcLogoutEndpointFilter@42be0eca, org.springframework.security.web.authentication.logout.LogoutFilter@65263248, org.springframework.security.oauth2.server.authorization.web.OAuth2AuthorizationServerMetadataEndpointFilter@61cf810c, org.springframework.security.oauth2.server.authorization.web.OAuth2AuthorizationEndpointFilter@2c1c3c13, org.springframework.security.oauth2.server.authorization.web.OAuth2DeviceVerificationEndpointFilter@1aacde34, org.springframework.security.oauth2.server.authorization.oidc.web.OidcProviderConfigurationEndpointFilter@a6017f9, org.springframework.security.oauth2.server.authorization.web.NimbusJwkSetEndpointFilter@7fec198a, org.springframework.security.oauth2.server.authorization.web.OAuth2ClientAuthenticationFilter@294c1b45, org.springframework.security.web.authentication.UsernamePasswordAuthenticationFilter@20bd3082, org.springframework.security.oauth2.server.resource.web.authentication.BearerTokenAuthenticationFilter@2dad7323, org.springframework.security.web.savedrequest.RequestCacheAwareFilter@1362f4, org.springframework.security.web.servletapi.SecurityContextHolderAwareRequestFilter@33b3e47, org.springframework.security.web.authentication.AnonymousAuthenticationFilter@56b0f28f, org.springframework.security.web.access.ExceptionTranslationFilter@5be17e53, org.springframework.security.web.access.intercept.AuthorizationFilter@4b27a3fc, org.springframework.security.oauth2.server.authorization.web.OAuth2TokenEndpointFilter@7ca29492, org.springframework.security.oauth2.server.authorization.web.OAuth2TokenIntrospectionEndpointFilter@689afbb0, org.springframework.security.oauth2.server.authorization.web.OAuth2TokenRevocationEndpointFilter@7ee45cbe, org.springframework.security.oauth2.server.authorization.web.OAuth2DeviceAuthorizationEndpointFilter@b6c290a, org.springframework.security.oauth2.server.authorization.oidc.web.OidcUserInfoEndpointFilter@2108d503]] (7/8)
2026-06-05T11:21:20.139-03:00 TRACE 27184 --- [libraryapi] [http-nio-8080-exec-6] o.s.security.web.FilterChainProxy        : Trying to match request against DefaultSecurityFilterChain [RequestMatcher=any request, Filters=[org.springframework.security.web.session.DisableEncodeUrlFilter@e3a2376, org.springframework.security.web.context.request.async.WebAsyncManagerIntegrationFilter@7763168c, org.springframework.security.web.context.SecurityContextHolderFilter@716205f9, org.springframework.security.web.header.HeaderWriterFilter@2324e26c, org.springframework.security.web.authentication.logout.LogoutFilter@4655e059, org.springframework.security.oauth2.client.web.OAuth2AuthorizationRequestRedirectFilter@70bca957, org.springframework.security.oauth2.client.web.OAuth2LoginAuthenticationFilter@519e110b, org.springframework.security.web.authentication.UsernamePasswordAuthenticationFilter@2765c3fc, org.springframework.security.oauth2.server.resource.web.authentication.BearerTokenAuthenticationFilter@447dec7e, com.github.iuryrayam.libraryapi.security.JwtCustomAuthenticationFilter@518ed9b4, org.springframework.security.web.savedrequest.RequestCacheAwareFilter@6fc1d215, org.springframework.security.web.servletapi.SecurityContextHolderAwareRequestFilter@234ad505, org.springframework.security.web.authentication.AnonymousAuthenticationFilter@a413461, org.springframework.security.web.access.ExceptionTranslationFilter@3beee525, org.springframework.security.web.access.intercept.AuthorizationFilter@3e43fb40]] (8/8)
2026-06-05T11:21:20.140-03:00 DEBUG 27184 --- [libraryapi] [http-nio-8080-exec-6] o.s.security.web.FilterChainProxy        : Securing GET /authorized?code=UmcCUe7-oM6xrCHLsmUnPOBlmaWaSIx3ubvHUxCLi3Z8GNUgeMzqDMZ84eTF9NVPEQuJlZUcwrQX4KPZG5ZBg4Up1xANW2vryYk6dhk2BV6TvfSH8KA66lE67Iz6vReJ
2026-06-05T11:21:20.140-03:00 TRACE 27184 --- [libraryapi] [http-nio-8080-exec-6] o.s.security.web.FilterChainProxy        : Invoking DisableEncodeUrlFilter (1/15)
2026-06-05T11:21:20.141-03:00 TRACE 27184 --- [libraryapi] [http-nio-8080-exec-6] o.s.security.web.FilterChainProxy        : Invoking WebAsyncManagerIntegrationFilter (2/15)
2026-06-05T11:21:20.142-03:00 TRACE 27184 --- [libraryapi] [http-nio-8080-exec-6] o.s.security.web.FilterChainProxy        : Invoking SecurityContextHolderFilter (3/15)
2026-06-05T11:21:20.143-03:00 TRACE 27184 --- [libraryapi] [http-nio-8080-exec-6] o.s.security.web.FilterChainProxy        : Invoking HeaderWriterFilter (4/15)
2026-06-05T11:21:20.144-03:00 TRACE 27184 --- [libraryapi] [http-nio-8080-exec-6] o.s.security.web.FilterChainProxy        : Invoking LogoutFilter (5/15)
2026-06-05T11:21:20.144-03:00 TRACE 27184 --- [libraryapi] [http-nio-8080-exec-6] o.s.s.w.a.logout.LogoutFilter            : Did not match request to Or [Ant [pattern='/logout', GET], Ant [pattern='/logout', POST], Ant [pattern='/logout', PUT], Ant [pattern='/logout', DELETE]]
2026-06-05T11:21:20.144-03:00 TRACE 27184 --- [libraryapi] [http-nio-8080-exec-6] o.s.security.web.FilterChainProxy        : Invoking OAuth2AuthorizationRequestRedirectFilter (6/15)
2026-06-05T11:21:20.145-03:00 TRACE 27184 --- [libraryapi] [http-nio-8080-exec-6] o.s.security.web.FilterChainProxy        : Invoking OAuth2LoginAuthenticationFilter (7/15)
2026-06-05T11:21:20.145-03:00 TRACE 27184 --- [libraryapi] [http-nio-8080-exec-6] .s.o.c.w.OAuth2LoginAuthenticationFilter : Did not match request to Ant [pattern='/login/oauth2/code/*']
2026-06-05T11:21:20.145-03:00 TRACE 27184 --- [libraryapi] [http-nio-8080-exec-6] o.s.security.web.FilterChainProxy        : Invoking UsernamePasswordAuthenticationFilter (8/15)
2026-06-05T11:21:20.146-03:00 TRACE 27184 --- [libraryapi] [http-nio-8080-exec-6] w.a.UsernamePasswordAuthenticationFilter : Did not match request to Ant [pattern='/login', POST]
2026-06-05T11:21:20.147-03:00 TRACE 27184 --- [libraryapi] [http-nio-8080-exec-6] o.s.security.web.FilterChainProxy        : Invoking BearerTokenAuthenticationFilter (9/15)
2026-06-05T11:21:20.148-03:00 TRACE 27184 --- [libraryapi] [http-nio-8080-exec-6] .s.r.w.a.BearerTokenAuthenticationFilter : Did not process request since did not find bearer token
2026-06-05T11:21:20.148-03:00 TRACE 27184 --- [libraryapi] [http-nio-8080-exec-6] o.s.security.web.FilterChainProxy        : Invoking JwtCustomAuthenticationFilter (10/15)
2026-06-05T11:21:20.149-03:00 TRACE 27184 --- [libraryapi] [http-nio-8080-exec-6] w.c.HttpSessionSecurityContextRepository : Retrieved SecurityContextImpl [Authentication=com.github.iuryrayam.libraryapi.security.CustomAuthentication@62614a1c] from SPRING_SECURITY_CONTEXT
2026-06-05T11:21:20.149-03:00 TRACE 27184 --- [libraryapi] [http-nio-8080-exec-6] o.s.security.web.FilterChainProxy        : Invoking RequestCacheAwareFilter (11/15)
2026-06-05T11:21:20.150-03:00 TRACE 27184 --- [libraryapi] [http-nio-8080-exec-6] o.s.s.w.s.HttpSessionRequestCache        : matchingRequestParameterName is required for getMatchingRequest to lookup a value, but not provided
2026-06-05T11:21:20.150-03:00 TRACE 27184 --- [libraryapi] [http-nio-8080-exec-6] o.s.security.web.FilterChainProxy        : Invoking SecurityContextHolderAwareRequestFilter (12/15)
2026-06-05T11:21:20.150-03:00 TRACE 27184 --- [libraryapi] [http-nio-8080-exec-6] o.s.security.web.FilterChainProxy        : Invoking AnonymousAuthenticationFilter (13/15)
2026-06-05T11:21:20.151-03:00 TRACE 27184 --- [libraryapi] [http-nio-8080-exec-6] o.s.security.web.FilterChainProxy        : Invoking ExceptionTranslationFilter (14/15)
2026-06-05T11:21:20.151-03:00 TRACE 27184 --- [libraryapi] [http-nio-8080-exec-6] o.s.security.web.FilterChainProxy        : Invoking AuthorizationFilter (15/15)
2026-06-05T11:21:20.151-03:00 TRACE 27184 --- [libraryapi] [http-nio-8080-exec-6] estMatcherDelegatingAuthorizationManager : Authorizing GET /authorized?code=UmcCUe7-oM6xrCHLsmUnPOBlmaWaSIx3ubvHUxCLi3Z8GNUgeMzqDMZ84eTF9NVPEQuJlZUcwrQX4KPZG5ZBg4Up1xANW2vryYk6dhk2BV6TvfSH8KA66lE67Iz6vReJ
2026-06-05T11:21:20.152-03:00 TRACE 27184 --- [libraryapi] [http-nio-8080-exec-6] estMatcherDelegatingAuthorizationManager : Checking authorization on GET /authorized?code=UmcCUe7-oM6xrCHLsmUnPOBlmaWaSIx3ubvHUxCLi3Z8GNUgeMzqDMZ84eTF9NVPEQuJlZUcwrQX4KPZG5ZBg4Up1xANW2vryYk6dhk2BV6TvfSH8KA66lE67Iz6vReJ using org.springframework.security.authorization.AuthenticatedAuthorizationManager@6576a77f
2026-06-05T11:21:20.153-03:00 TRACE 27184 --- [libraryapi] [http-nio-8080-exec-6] o.s.s.w.a.AnonymousAuthenticationFilter  : Did not set SecurityContextHolder since already authenticated com.github.iuryrayam.libraryapi.security.CustomAuthentication@62614a1c
2026-06-05T11:21:20.154-03:00 DEBUG 27184 --- [libraryapi] [http-nio-8080-exec-6] o.s.security.web.FilterChainProxy        : Secured GET /authorized?code=UmcCUe7-oM6xrCHLsmUnPOBlmaWaSIx3ubvHUxCLi3Z8GNUgeMzqDMZ84eTF9NVPEQuJlZUcwrQX4KPZG5ZBg4Up1xANW2vryYk6dhk2BV6TvfSH8KA66lE67Iz6vReJ
2026-06-05T11:21:20.155-03:00 DEBUG 27184 --- [libraryapi] [http-nio-8080-exec-6] o.s.web.servlet.DispatcherServlet        : GET "/authorized?code=UmcCUe7-oM6xrCHLsmUnPOBlmaWaSIx3ubvHUxCLi3Z8GNUgeMzqDMZ84eTF9NVPEQuJlZUcwrQX4KPZG5ZBg4Up1xANW2vryYk6dhk2BV6TvfSH8KA66lE67Iz6vReJ", parameters={masked}
2026-06-05T11:21:20.157-03:00 DEBUG 27184 --- [libraryapi] [http-nio-8080-exec-6] s.w.s.m.m.a.RequestMappingHandlerMapping : Mapped to com.github.iuryrayam.libraryapi.controller.LoginViewController#getAuthorizationCode(String)
2026-06-05T11:21:20.239-03:00 DEBUG 27184 --- [libraryapi] [http-nio-8080-exec-6] m.m.a.RequestResponseBodyMethodProcessor : Using 'text/html', given [text/html, application/xhtml+xml, image/avif, image/webp, image/apng, application/xml;q=0.9, */*;q=0.8, application/signed-exchange;v=b3;q=0.7] and supported [text/plain, */*, application/json, application/*+json]
2026-06-05T11:21:20.241-03:00 DEBUG 27184 --- [libraryapi] [http-nio-8080-exec-6] m.m.a.RequestResponseBodyMethodProcessor : Writing ["Seu authorization code: UmcCUe7-oM6xrCHLsmUnPOBlmaWaSIx3ubvHUxCLi3Z8GNUgeMzqDMZ84eTF9NVPEQuJlZUcwrQX (truncated)..."]
2026-06-05T11:21:20.248-03:00 TRACE 27184 --- [libraryapi] [http-nio-8080-exec-6] o.s.s.w.header.writers.HstsHeaderWriter  : Not injecting HSTS header since it did not match request to [Is Secure]
2026-06-05T11:21:20.250-03:00 DEBUG 27184 --- [libraryapi] [http-nio-8080-exec-6] o.s.web.servlet.DispatcherServlet        : Completed 200 OK
2026-06-05T11:21:20.502-03:00 TRACE 27184 --- [libraryapi] [http-nio-8080-exec-8] o.s.security.web.FilterChainProxy        : Trying to match request against DefaultSecurityFilterChain [RequestMatcher=Deferred [Mvc [pattern='/v2/api-docs/**'], Ant [pattern='/v2/api-docs/**']], Filters=[]] (1/8)
2026-06-05T11:21:20.503-03:00 TRACE 27184 --- [libraryapi] [http-nio-8080-exec-8] o.s.security.web.FilterChainProxy        : Trying to match request against DefaultSecurityFilterChain [RequestMatcher=Deferred [Mvc [pattern='v3/api-docs/**'], Ant [pattern='v3/api-docs/**']], Filters=[]] (2/8)
2026-06-05T11:21:20.503-03:00 TRACE 27184 --- [libraryapi] [http-nio-8080-exec-8] o.s.security.web.FilterChainProxy        : Trying to match request against DefaultSecurityFilterChain [RequestMatcher=Deferred [Mvc [pattern='/swagger-resource/**'], Ant [pattern='/swagger-resource/**']], Filters=[]] (3/8)
2026-06-05T11:21:20.503-03:00 TRACE 27184 --- [libraryapi] [http-nio-8080-exec-8] o.s.security.web.FilterChainProxy        : Trying to match request against DefaultSecurityFilterChain [RequestMatcher=Deferred [Mvc [pattern='/swagger-ui.html'], Ant [pattern='/swagger-ui.html']], Filters=[]] (4/8)
2026-06-05T11:21:20.503-03:00 TRACE 27184 --- [libraryapi] [http-nio-8080-exec-8] o.s.security.web.FilterChainProxy        : Trying to match request against DefaultSecurityFilterChain [RequestMatcher=Deferred [Mvc [pattern='/swagger-ui/**'], Ant [pattern='/swagger-ui/**']], Filters=[]] (5/8)
2026-06-05T11:21:20.503-03:00 TRACE 27184 --- [libraryapi] [http-nio-8080-exec-8] o.s.security.web.FilterChainProxy        : Trying to match request against DefaultSecurityFilterChain [RequestMatcher=Deferred [Mvc [pattern='/webjars/**'], Ant [pattern='/webjars/**']], Filters=[]] (6/8)
2026-06-05T11:21:20.504-03:00 TRACE 27184 --- [libraryapi] [http-nio-8080-exec-8] o.s.security.web.FilterChainProxy        : Trying to match request against DefaultSecurityFilterChain [RequestMatcher=org.springframework.security.oauth2.server.authorization.config.annotation.web.configurers.OAuth2AuthorizationServerConfigurer$$Lambda/0x0000022e04a76c20@69cd4267, Filters=[org.springframework.security.web.session.DisableEncodeUrlFilter@1db0edb8, org.springframework.security.web.context.request.async.WebAsyncManagerIntegrationFilter@118abc35, org.springframework.security.web.context.SecurityContextHolderFilter@7d0ae3d1, org.springframework.security.oauth2.server.authorization.config.annotation.web.configurers.AuthorizationServerContextFilter@751df26c, org.springframework.security.web.header.HeaderWriterFilter@2cde0397, org.springframework.security.web.csrf.CsrfFilter@438f205c, org.springframework.security.oauth2.server.authorization.oidc.web.OidcLogoutEndpointFilter@42be0eca, org.springframework.security.web.authentication.logout.LogoutFilter@65263248, org.springframework.security.oauth2.server.authorization.web.OAuth2AuthorizationServerMetadataEndpointFilter@61cf810c, org.springframework.security.oauth2.server.authorization.web.OAuth2AuthorizationEndpointFilter@2c1c3c13, org.springframework.security.oauth2.server.authorization.web.OAuth2DeviceVerificationEndpointFilter@1aacde34, org.springframework.security.oauth2.server.authorization.oidc.web.OidcProviderConfigurationEndpointFilter@a6017f9, org.springframework.security.oauth2.server.authorization.web.NimbusJwkSetEndpointFilter@7fec198a, org.springframework.security.oauth2.server.authorization.web.OAuth2ClientAuthenticationFilter@294c1b45, org.springframework.security.web.authentication.UsernamePasswordAuthenticationFilter@20bd3082, org.springframework.security.oauth2.server.resource.web.authentication.BearerTokenAuthenticationFilter@2dad7323, org.springframework.security.web.savedrequest.RequestCacheAwareFilter@1362f4, org.springframework.security.web.servletapi.SecurityContextHolderAwareRequestFilter@33b3e47, org.springframework.security.web.authentication.AnonymousAuthenticationFilter@56b0f28f, org.springframework.security.web.access.ExceptionTranslationFilter@5be17e53, org.springframework.security.web.access.intercept.AuthorizationFilter@4b27a3fc, org.springframework.security.oauth2.server.authorization.web.OAuth2TokenEndpointFilter@7ca29492, org.springframework.security.oauth2.server.authorization.web.OAuth2TokenIntrospectionEndpointFilter@689afbb0, org.springframework.security.oauth2.server.authorization.web.OAuth2TokenRevocationEndpointFilter@7ee45cbe, org.springframework.security.oauth2.server.authorization.web.OAuth2DeviceAuthorizationEndpointFilter@b6c290a, org.springframework.security.oauth2.server.authorization.oidc.web.OidcUserInfoEndpointFilter@2108d503]] (7/8)
2026-06-05T11:21:20.504-03:00 DEBUG 27184 --- [libraryapi] [http-nio-8080-exec-8] o.s.security.web.FilterChainProxy        : Securing POST /oauth2/token
2026-06-05T11:21:20.504-03:00 TRACE 27184 --- [libraryapi] [http-nio-8080-exec-8] o.s.security.web.FilterChainProxy        : Invoking DisableEncodeUrlFilter (1/26)
2026-06-05T11:21:20.504-03:00 TRACE 27184 --- [libraryapi] [http-nio-8080-exec-8] o.s.security.web.FilterChainProxy        : Invoking WebAsyncManagerIntegrationFilter (2/26)
2026-06-05T11:21:20.504-03:00 TRACE 27184 --- [libraryapi] [http-nio-8080-exec-8] o.s.security.web.FilterChainProxy        : Invoking SecurityContextHolderFilter (3/26)
2026-06-05T11:21:20.504-03:00 TRACE 27184 --- [libraryapi] [http-nio-8080-exec-8] o.s.security.web.FilterChainProxy        : Invoking AuthorizationServerContextFilter (4/26)
2026-06-05T11:21:20.504-03:00 TRACE 27184 --- [libraryapi] [http-nio-8080-exec-8] o.s.security.web.FilterChainProxy        : Invoking HeaderWriterFilter (5/26)
2026-06-05T11:21:20.504-03:00 TRACE 27184 --- [libraryapi] [http-nio-8080-exec-8] o.s.security.web.FilterChainProxy        : Invoking CsrfFilter (6/26)
2026-06-05T11:21:20.504-03:00 TRACE 27184 --- [libraryapi] [http-nio-8080-exec-8] o.s.security.web.csrf.CsrfFilter         : Did not protect against CSRF since request did not match And [CsrfNotRequired [TRACE, HEAD, GET, OPTIONS], Not [Or [org.springframework.security.oauth2.server.authorization.config.annotation.web.configurers.OAuth2AuthorizationServerConfigurer$$Lambda/0x0000022e04a76c20@69cd4267, org.springframework.security.config.annotation.web.configurers.oauth2.server.resource.OAuth2ResourceServerConfigurer$BearerTokenRequestMatcher@784fb189]]]
2026-06-05T11:21:20.505-03:00 TRACE 27184 --- [libraryapi] [http-nio-8080-exec-8] o.s.security.web.FilterChainProxy        : Invoking OidcLogoutEndpointFilter (7/26)
2026-06-05T11:21:20.505-03:00 TRACE 27184 --- [libraryapi] [http-nio-8080-exec-8] o.s.security.web.FilterChainProxy        : Invoking LogoutFilter (8/26)
2026-06-05T11:21:20.505-03:00 TRACE 27184 --- [libraryapi] [http-nio-8080-exec-8] o.s.s.w.a.logout.LogoutFilter            : Did not match request to Ant [pattern='/logout', POST]
2026-06-05T11:21:20.505-03:00 TRACE 27184 --- [libraryapi] [http-nio-8080-exec-8] o.s.security.web.FilterChainProxy        : Invoking OAuth2AuthorizationServerMetadataEndpointFilter (9/26)
2026-06-05T11:21:20.505-03:00 TRACE 27184 --- [libraryapi] [http-nio-8080-exec-8] o.s.security.web.FilterChainProxy        : Invoking OAuth2AuthorizationEndpointFilter (10/26)
2026-06-05T11:21:20.505-03:00 TRACE 27184 --- [libraryapi] [http-nio-8080-exec-8] o.s.security.web.FilterChainProxy        : Invoking OAuth2DeviceVerificationEndpointFilter (11/26)
2026-06-05T11:21:20.505-03:00 TRACE 27184 --- [libraryapi] [http-nio-8080-exec-8] o.s.security.web.FilterChainProxy        : Invoking OidcProviderConfigurationEndpointFilter (12/26)
2026-06-05T11:21:20.505-03:00 TRACE 27184 --- [libraryapi] [http-nio-8080-exec-8] o.s.security.web.FilterChainProxy        : Invoking NimbusJwkSetEndpointFilter (13/26)
2026-06-05T11:21:20.506-03:00 TRACE 27184 --- [libraryapi] [http-nio-8080-exec-8] o.s.security.web.FilterChainProxy        : Invoking OAuth2ClientAuthenticationFilter (14/26)
2026-06-05T11:21:20.506-03:00 TRACE 27184 --- [libraryapi] [http-nio-8080-exec-8] o.s.s.authentication.ProviderManager     : Authenticating request with JwtClientAssertionAuthenticationProvider (1/20)
2026-06-05T11:21:20.507-03:00 TRACE 27184 --- [libraryapi] [http-nio-8080-exec-8] o.s.s.authentication.ProviderManager     : Authenticating request with X509ClientCertificateAuthenticationProvider (2/20)
2026-06-05T11:21:20.507-03:00 TRACE 27184 --- [libraryapi] [http-nio-8080-exec-8] o.s.s.authentication.ProviderManager     : Authenticating request with ClientSecretAuthenticationProvider (3/20)
2026-06-05T11:21:20.512-03:00 TRACE 27184 --- [libraryapi] [http-nio-8080-exec-8] s.a.a.ClientSecretAuthenticationProvider : Retrieved registered client
2026-06-05T11:21:20.583-03:00 TRACE 27184 --- [libraryapi] [http-nio-8080-exec-8] s.a.a.ClientSecretAuthenticationProvider : Validated client authentication parameters
2026-06-05T11:21:20.584-03:00 TRACE 27184 --- [libraryapi] [http-nio-8080-exec-8] o.s.s.o.s.a.a.CodeVerifierAuthenticator  : Retrieved authorization with authorization code
2026-06-05T11:21:20.584-03:00 TRACE 27184 --- [libraryapi] [http-nio-8080-exec-8] o.s.s.o.s.a.a.CodeVerifierAuthenticator  : Did not authenticate code verifier since requireProofKey=false
2026-06-05T11:21:20.584-03:00 TRACE 27184 --- [libraryapi] [http-nio-8080-exec-8] s.a.a.ClientSecretAuthenticationProvider : Authenticated client secret
2026-06-05T11:21:20.584-03:00 DEBUG 27184 --- [libraryapi] [http-nio-8080-exec-8] o.s.a.w.OAuth2ClientAuthenticationFilter : Set SecurityContextHolder authentication to OAuth2ClientAuthenticationToken
2026-06-05T11:21:20.585-03:00 TRACE 27184 --- [libraryapi] [http-nio-8080-exec-8] o.s.security.web.FilterChainProxy        : Invoking UsernamePasswordAuthenticationFilter (15/26)
2026-06-05T11:21:20.585-03:00 TRACE 27184 --- [libraryapi] [http-nio-8080-exec-8] w.a.UsernamePasswordAuthenticationFilter : Did not match request to Ant [pattern='/login', POST]
2026-06-05T11:21:20.585-03:00 TRACE 27184 --- [libraryapi] [http-nio-8080-exec-8] o.s.security.web.FilterChainProxy        : Invoking BearerTokenAuthenticationFilter (16/26)
2026-06-05T11:21:20.585-03:00 TRACE 27184 --- [libraryapi] [http-nio-8080-exec-8] .s.r.w.a.BearerTokenAuthenticationFilter : Did not process request since did not find bearer token
2026-06-05T11:21:20.585-03:00 TRACE 27184 --- [libraryapi] [http-nio-8080-exec-8] o.s.security.web.FilterChainProxy        : Invoking RequestCacheAwareFilter (17/26)
2026-06-05T11:21:20.585-03:00 TRACE 27184 --- [libraryapi] [http-nio-8080-exec-8] o.s.s.w.s.HttpSessionRequestCache        : matchingRequestParameterName is required for getMatchingRequest to lookup a value, but not provided
2026-06-05T11:21:20.585-03:00 TRACE 27184 --- [libraryapi] [http-nio-8080-exec-8] o.s.security.web.FilterChainProxy        : Invoking SecurityContextHolderAwareRequestFilter (18/26)
2026-06-05T11:21:20.585-03:00 TRACE 27184 --- [libraryapi] [http-nio-8080-exec-8] o.s.security.web.FilterChainProxy        : Invoking AnonymousAuthenticationFilter (19/26)
2026-06-05T11:21:20.585-03:00 TRACE 27184 --- [libraryapi] [http-nio-8080-exec-8] o.s.security.web.FilterChainProxy        : Invoking ExceptionTranslationFilter (20/26)
2026-06-05T11:21:20.585-03:00 TRACE 27184 --- [libraryapi] [http-nio-8080-exec-8] o.s.security.web.FilterChainProxy        : Invoking AuthorizationFilter (21/26)
2026-06-05T11:21:20.585-03:00 TRACE 27184 --- [libraryapi] [http-nio-8080-exec-8] estMatcherDelegatingAuthorizationManager : Authorizing POST /oauth2/token
2026-06-05T11:21:20.586-03:00 TRACE 27184 --- [libraryapi] [http-nio-8080-exec-8] estMatcherDelegatingAuthorizationManager : Checking authorization on POST /oauth2/token using org.springframework.security.authorization.AuthenticatedAuthorizationManager@44986ead
2026-06-05T11:21:20.586-03:00 TRACE 27184 --- [libraryapi] [http-nio-8080-exec-8] o.s.s.w.a.AnonymousAuthenticationFilter  : Did not set SecurityContextHolder since already authenticated OAuth2ClientAuthenticationToken [Principal=meu-client, Credentials=[PROTECTED], Authenticated=true, Details=WebAuthenticationDetails [RemoteIpAddress=0:0:0:0:0:0:0:1, SessionId=null], Granted Authorities=[]]
2026-06-05T11:21:20.586-03:00 TRACE 27184 --- [libraryapi] [http-nio-8080-exec-8] o.s.security.web.FilterChainProxy        : Invoking OAuth2TokenEndpointFilter (22/26)
2026-06-05T11:21:20.588-03:00 TRACE 27184 --- [libraryapi] [http-nio-8080-exec-8] o.s.s.authentication.ProviderManager     : Authenticating request with OAuth2AuthorizationCodeAuthenticationProvider (1/20)
2026-06-05T11:21:20.588-03:00 TRACE 27184 --- [libraryapi] [http-nio-8080-exec-8] 2AuthorizationCodeAuthenticationProvider : Retrieved registered client
2026-06-05T11:21:20.588-03:00 TRACE 27184 --- [libraryapi] [http-nio-8080-exec-8] 2AuthorizationCodeAuthenticationProvider : Retrieved authorization with authorization code
2026-06-05T11:21:20.589-03:00 TRACE 27184 --- [libraryapi] [http-nio-8080-exec-8] 2AuthorizationCodeAuthenticationProvider : Validated token request parameters
2026-06-05T11:21:20.670-03:00 TRACE 27184 --- [libraryapi] [http-nio-8080-exec-8] 2AuthorizationCodeAuthenticationProvider : Generated access token
2026-06-05T11:21:20.671-03:00 TRACE 27184 --- [libraryapi] [http-nio-8080-exec-8] 2AuthorizationCodeAuthenticationProvider : Generated refresh token
2026-06-05T11:21:20.672-03:00 TRACE 27184 --- [libraryapi] [http-nio-8080-exec-8] 2AuthorizationCodeAuthenticationProvider : Saved authorization
2026-06-05T11:21:20.672-03:00 TRACE 27184 --- [libraryapi] [http-nio-8080-exec-8] 2AuthorizationCodeAuthenticationProvider : Authenticated token request
2026-06-05T11:21:20.700-03:00 TRACE 27184 --- [libraryapi] [http-nio-8080-exec-8] o.s.s.w.header.writers.HstsHeaderWriter  : Not injecting HSTS header since it did not match request to [Is Secure]
2026-06-05T11:22:14.473-03:00 TRACE 27184 --- [libraryapi] [http-nio-8080-exec-9] o.s.security.web.FilterChainProxy        : Trying to match request against DefaultSecurityFilterChain [RequestMatcher=Deferred [Mvc [pattern='/v2/api-docs/**'], Ant [pattern='/v2/api-docs/**']], Filters=[]] (1/8)
2026-06-05T11:22:14.474-03:00 TRACE 27184 --- [libraryapi] [http-nio-8080-exec-9] o.s.security.web.FilterChainProxy        : Trying to match request against DefaultSecurityFilterChain [RequestMatcher=Deferred [Mvc [pattern='v3/api-docs/**'], Ant [pattern='v3/api-docs/**']], Filters=[]] (2/8)
2026-06-05T11:22:14.474-03:00 TRACE 27184 --- [libraryapi] [http-nio-8080-exec-9] o.s.security.web.FilterChainProxy        : Trying to match request against DefaultSecurityFilterChain [RequestMatcher=Deferred [Mvc [pattern='/swagger-resource/**'], Ant [pattern='/swagger-resource/**']], Filters=[]] (3/8)
2026-06-05T11:22:14.474-03:00 TRACE 27184 --- [libraryapi] [http-nio-8080-exec-9] o.s.security.web.FilterChainProxy        : Trying to match request against DefaultSecurityFilterChain [RequestMatcher=Deferred [Mvc [pattern='/swagger-ui.html'], Ant [pattern='/swagger-ui.html']], Filters=[]] (4/8)
2026-06-05T11:22:14.474-03:00 TRACE 27184 --- [libraryapi] [http-nio-8080-exec-9] o.s.security.web.FilterChainProxy        : Trying to match request against DefaultSecurityFilterChain [RequestMatcher=Deferred [Mvc [pattern='/swagger-ui/**'], Ant [pattern='/swagger-ui/**']], Filters=[]] (5/8)
2026-06-05T11:22:14.474-03:00 TRACE 27184 --- [libraryapi] [http-nio-8080-exec-9] o.s.security.web.FilterChainProxy        : Trying to match request against DefaultSecurityFilterChain [RequestMatcher=Deferred [Mvc [pattern='/webjars/**'], Ant [pattern='/webjars/**']], Filters=[]] (6/8)
2026-06-05T11:22:14.474-03:00 TRACE 27184 --- [libraryapi] [http-nio-8080-exec-9] o.s.security.web.FilterChainProxy        : Trying to match request against DefaultSecurityFilterChain [RequestMatcher=org.springframework.security.oauth2.server.authorization.config.annotation.web.configurers.OAuth2AuthorizationServerConfigurer$$Lambda/0x0000022e04a76c20@69cd4267, Filters=[org.springframework.security.web.session.DisableEncodeUrlFilter@1db0edb8, org.springframework.security.web.context.request.async.WebAsyncManagerIntegrationFilter@118abc35, org.springframework.security.web.context.SecurityContextHolderFilter@7d0ae3d1, org.springframework.security.oauth2.server.authorization.config.annotation.web.configurers.AuthorizationServerContextFilter@751df26c, org.springframework.security.web.header.HeaderWriterFilter@2cde0397, org.springframework.security.web.csrf.CsrfFilter@438f205c, org.springframework.security.oauth2.server.authorization.oidc.web.OidcLogoutEndpointFilter@42be0eca, org.springframework.security.web.authentication.logout.LogoutFilter@65263248, org.springframework.security.oauth2.server.authorization.web.OAuth2AuthorizationServerMetadataEndpointFilter@61cf810c, org.springframework.security.oauth2.server.authorization.web.OAuth2AuthorizationEndpointFilter@2c1c3c13, org.springframework.security.oauth2.server.authorization.web.OAuth2DeviceVerificationEndpointFilter@1aacde34, org.springframework.security.oauth2.server.authorization.oidc.web.OidcProviderConfigurationEndpointFilter@a6017f9, org.springframework.security.oauth2.server.authorization.web.NimbusJwkSetEndpointFilter@7fec198a, org.springframework.security.oauth2.server.authorization.web.OAuth2ClientAuthenticationFilter@294c1b45, org.springframework.security.web.authentication.UsernamePasswordAuthenticationFilter@20bd3082, org.springframework.security.oauth2.server.resource.web.authentication.BearerTokenAuthenticationFilter@2dad7323, org.springframework.security.web.savedrequest.RequestCacheAwareFilter@1362f4, org.springframework.security.web.servletapi.SecurityContextHolderAwareRequestFilter@33b3e47, org.springframework.security.web.authentication.AnonymousAuthenticationFilter@56b0f28f, org.springframework.security.web.access.ExceptionTranslationFilter@5be17e53, org.springframework.security.web.access.intercept.AuthorizationFilter@4b27a3fc, org.springframework.security.oauth2.server.authorization.web.OAuth2TokenEndpointFilter@7ca29492, org.springframework.security.oauth2.server.authorization.web.OAuth2TokenIntrospectionEndpointFilter@689afbb0, org.springframework.security.oauth2.server.authorization.web.OAuth2TokenRevocationEndpointFilter@7ee45cbe, org.springframework.security.oauth2.server.authorization.web.OAuth2DeviceAuthorizationEndpointFilter@b6c290a, org.springframework.security.oauth2.server.authorization.oidc.web.OidcUserInfoEndpointFilter@2108d503]] (7/8)
2026-06-05T11:22:14.475-03:00 TRACE 27184 --- [libraryapi] [http-nio-8080-exec-9] o.s.security.web.FilterChainProxy        : Trying to match request against DefaultSecurityFilterChain [RequestMatcher=any request, Filters=[org.springframework.security.web.session.DisableEncodeUrlFilter@e3a2376, org.springframework.security.web.context.request.async.WebAsyncManagerIntegrationFilter@7763168c, org.springframework.security.web.context.SecurityContextHolderFilter@716205f9, org.springframework.security.web.header.HeaderWriterFilter@2324e26c, org.springframework.security.web.authentication.logout.LogoutFilter@4655e059, org.springframework.security.oauth2.client.web.OAuth2AuthorizationRequestRedirectFilter@70bca957, org.springframework.security.oauth2.client.web.OAuth2LoginAuthenticationFilter@519e110b, org.springframework.security.web.authentication.UsernamePasswordAuthenticationFilter@2765c3fc, org.springframework.security.oauth2.server.resource.web.authentication.BearerTokenAuthenticationFilter@447dec7e, com.github.iuryrayam.libraryapi.security.JwtCustomAuthenticationFilter@518ed9b4, org.springframework.security.web.savedrequest.RequestCacheAwareFilter@6fc1d215, org.springframework.security.web.servletapi.SecurityContextHolderAwareRequestFilter@234ad505, org.springframework.security.web.authentication.AnonymousAuthenticationFilter@a413461, org.springframework.security.web.access.ExceptionTranslationFilter@3beee525, org.springframework.security.web.access.intercept.AuthorizationFilter@3e43fb40]] (8/8)
2026-06-05T11:22:14.475-03:00 DEBUG 27184 --- [libraryapi] [http-nio-8080-exec-9] o.s.security.web.FilterChainProxy        : Securing GET /autores
2026-06-05T11:22:14.475-03:00 TRACE 27184 --- [libraryapi] [http-nio-8080-exec-9] o.s.security.web.FilterChainProxy        : Invoking DisableEncodeUrlFilter (1/15)
2026-06-05T11:22:14.475-03:00 TRACE 27184 --- [libraryapi] [http-nio-8080-exec-9] o.s.security.web.FilterChainProxy        : Invoking WebAsyncManagerIntegrationFilter (2/15)
2026-06-05T11:22:14.475-03:00 TRACE 27184 --- [libraryapi] [http-nio-8080-exec-9] o.s.security.web.FilterChainProxy        : Invoking SecurityContextHolderFilter (3/15)
2026-06-05T11:22:14.475-03:00 TRACE 27184 --- [libraryapi] [http-nio-8080-exec-9] o.s.security.web.FilterChainProxy        : Invoking HeaderWriterFilter (4/15)
2026-06-05T11:22:14.475-03:00 TRACE 27184 --- [libraryapi] [http-nio-8080-exec-9] o.s.security.web.FilterChainProxy        : Invoking LogoutFilter (5/15)
2026-06-05T11:22:14.475-03:00 TRACE 27184 --- [libraryapi] [http-nio-8080-exec-9] o.s.s.w.a.logout.LogoutFilter            : Did not match request to Or [Ant [pattern='/logout', GET], Ant [pattern='/logout', POST], Ant [pattern='/logout', PUT], Ant [pattern='/logout', DELETE]]
2026-06-05T11:22:14.476-03:00 TRACE 27184 --- [libraryapi] [http-nio-8080-exec-9] o.s.security.web.FilterChainProxy        : Invoking OAuth2AuthorizationRequestRedirectFilter (6/15)
2026-06-05T11:22:14.476-03:00 TRACE 27184 --- [libraryapi] [http-nio-8080-exec-9] o.s.security.web.FilterChainProxy        : Invoking OAuth2LoginAuthenticationFilter (7/15)
2026-06-05T11:22:14.476-03:00 TRACE 27184 --- [libraryapi] [http-nio-8080-exec-9] .s.o.c.w.OAuth2LoginAuthenticationFilter : Did not match request to Ant [pattern='/login/oauth2/code/*']
2026-06-05T11:22:14.476-03:00 TRACE 27184 --- [libraryapi] [http-nio-8080-exec-9] o.s.security.web.FilterChainProxy        : Invoking UsernamePasswordAuthenticationFilter (8/15)
2026-06-05T11:22:14.476-03:00 TRACE 27184 --- [libraryapi] [http-nio-8080-exec-9] w.a.UsernamePasswordAuthenticationFilter : Did not match request to Ant [pattern='/login', POST]
2026-06-05T11:22:14.476-03:00 TRACE 27184 --- [libraryapi] [http-nio-8080-exec-9] o.s.security.web.FilterChainProxy        : Invoking BearerTokenAuthenticationFilter (9/15)
2026-06-05T11:22:14.478-03:00 TRACE 27184 --- [libraryapi] [http-nio-8080-exec-9] o.s.s.authentication.ProviderManager     : Authenticating request with JwtAuthenticationProvider (1/4)
2026-06-05T11:22:14.496-03:00 TRACE 27184 --- [libraryapi] [http-nio-8080-exec-9] s.o.s.r.a.JwtGrantedAuthoritiesConverter : Returning no authorities since could not find any claims that might contain scopes
2026-06-05T11:22:14.497-03:00 DEBUG 27184 --- [libraryapi] [http-nio-8080-exec-9] o.s.s.o.s.r.a.JwtAuthenticationProvider  : Authenticated token
2026-06-05T11:22:14.499-03:00 DEBUG 27184 --- [libraryapi] [http-nio-8080-exec-9] .s.r.w.a.BearerTokenAuthenticationFilter : Set SecurityContextHolder to JwtAuthenticationToken [Principal=org.springframework.security.oauth2.jwt.Jwt@6b55273, Credentials=[PROTECTED], Authenticated=true, Details=WebAuthenticationDetails [RemoteIpAddress=0:0:0:0:0:0:0:1, SessionId=null], Granted Authorities=[]]
2026-06-05T11:22:14.499-03:00 TRACE 27184 --- [libraryapi] [http-nio-8080-exec-9] o.s.security.web.FilterChainProxy        : Invoking JwtCustomAuthenticationFilter (10/15)
2026-06-05T11:22:14.508-03:00 TRACE 27184 --- [libraryapi] [http-nio-8080-exec-9] o.s.security.web.FilterChainProxy        : Invoking RequestCacheAwareFilter (11/15)
2026-06-05T11:22:14.509-03:00 TRACE 27184 --- [libraryapi] [http-nio-8080-exec-9] o.s.s.w.s.HttpSessionRequestCache        : matchingRequestParameterName is required for getMatchingRequest to lookup a value, but not provided
2026-06-05T11:22:14.509-03:00 TRACE 27184 --- [libraryapi] [http-nio-8080-exec-9] o.s.security.web.FilterChainProxy        : Invoking SecurityContextHolderAwareRequestFilter (12/15)
2026-06-05T11:22:14.509-03:00 TRACE 27184 --- [libraryapi] [http-nio-8080-exec-9] o.s.security.web.FilterChainProxy        : Invoking AnonymousAuthenticationFilter (13/15)
2026-06-05T11:22:14.509-03:00 TRACE 27184 --- [libraryapi] [http-nio-8080-exec-9] o.s.security.web.FilterChainProxy        : Invoking ExceptionTranslationFilter (14/15)
2026-06-05T11:22:14.509-03:00 TRACE 27184 --- [libraryapi] [http-nio-8080-exec-9] o.s.security.web.FilterChainProxy        : Invoking AuthorizationFilter (15/15)
2026-06-05T11:22:14.509-03:00 TRACE 27184 --- [libraryapi] [http-nio-8080-exec-9] estMatcherDelegatingAuthorizationManager : Authorizing GET /autores
2026-06-05T11:22:14.509-03:00 TRACE 27184 --- [libraryapi] [http-nio-8080-exec-9] estMatcherDelegatingAuthorizationManager : Checking authorization on GET /autores using org.springframework.security.authorization.AuthenticatedAuthorizationManager@6576a77f
2026-06-05T11:22:14.510-03:00 TRACE 27184 --- [libraryapi] [http-nio-8080-exec-9] o.s.s.w.a.AnonymousAuthenticationFilter  : Did not set SecurityContextHolder since already authenticated com.github.iuryrayam.libraryapi.security.CustomAuthentication@43aaeeb0
2026-06-05T11:22:14.510-03:00 DEBUG 27184 --- [libraryapi] [http-nio-8080-exec-9] o.s.security.web.FilterChainProxy        : Secured GET /autores
2026-06-05T11:22:14.510-03:00 DEBUG 27184 --- [libraryapi] [http-nio-8080-exec-9] o.s.web.servlet.DispatcherServlet        : GET "/autores", parameters={}
2026-06-05T11:22:14.510-03:00 DEBUG 27184 --- [libraryapi] [http-nio-8080-exec-9] s.w.s.m.m.a.RequestMappingHandlerMapping : Mapped to com.github.iuryrayam.libraryapi.controller.AutorController#pesquisa(String, String)
2026-06-05T11:22:14.518-03:00 DEBUG 27184 --- [libraryapi] [http-nio-8080-exec-9] horizationManagerBeforeMethodInterceptor : Authorizing method invocation ReflectiveMethodInvocation: public org.springframework.http.ResponseEntity com.github.iuryrayam.libraryapi.controller.AutorController.pesquisa(java.lang.String,java.lang.String); target is of class [com.github.iuryrayam.libraryapi.controller.AutorController]
2026-06-05T11:22:14.535-03:00 DEBUG 27184 --- [libraryapi] [http-nio-8080-exec-9] horizationManagerBeforeMethodInterceptor : Authorized method invocation ReflectiveMethodInvocation: public org.springframework.http.ResponseEntity com.github.iuryrayam.libraryapi.controller.AutorController.pesquisa(java.lang.String,java.lang.String); target is of class [com.github.iuryrayam.libraryapi.controller.AutorController]
2026-06-05T11:22:14.535-03:00  WARN 27184 --- [libraryapi] [http-nio-8080-exec-9] c.g.i.l.controller.AutorController       : Pesquisa autores
2026-06-05T11:22:14.535-03:00 ERROR 27184 --- [libraryapi] [http-nio-8080-exec-9] c.g.i.l.controller.AutorController       : Pesquisa autores
2026-06-05T11:22:14.630-03:00 DEBUG 27184 --- [libraryapi] [http-nio-8080-exec-9] o.s.w.s.m.m.a.HttpEntityMethodProcessor  : Using 'application/json', given [*/*] and supported [application/json, application/*+json]
2026-06-05T11:22:14.635-03:00 DEBUG 27184 --- [libraryapi] [http-nio-8080-exec-9] o.s.w.s.m.m.a.HttpEntityMethodProcessor  : Writing [[AutorDTO[id=8ef8fa9f-276b-45a8-9d03-5a230e1475f7, nome=Flávia, dataNascimento=2005-06-17, nacionali (truncated)...]
2026-06-05T11:22:14.684-03:00 TRACE 27184 --- [libraryapi] [http-nio-8080-exec-9] o.s.s.w.header.writers.HstsHeaderWriter  : Not injecting HSTS header since it did not match request to [Is Secure]
2026-06-05T11:22:14.686-03:00 DEBUG 27184 --- [libraryapi] [http-nio-8080-exec-9] o.s.web.servlet.DispatcherServlet        : Completed 200 OK
2026-06-05T11:25:04.555-03:00  INFO 1976 --- [libraryapi] [main] c.g.iuryrayam.libraryapi.Application     : Starting Application using Java 21.0.8 with PID 1976 (C:\Users\Iury Rayam\OneDrive\Documentos\projetos de tecnologias\projetos java\spring-boot-expert\libraryapi\target\classes started by Iury Rayam in C:\Users\Iury Rayam\OneDrive\Documentos\projetos de tecnologias\projetos java\spring-boot-expert\libraryapi)
2026-06-05T11:25:04.557-03:00 DEBUG 1976 --- [libraryapi] [main] c.g.iuryrayam.libraryapi.Application     : Running with Spring Boot v3.3.4, Spring v6.1.13
2026-06-05T11:25:04.558-03:00  INFO 1976 --- [libraryapi] [main] c.g.iuryrayam.libraryapi.Application     : No active profile set, falling back to 1 default profile: "default"
2026-06-05T11:25:08.123-03:00  WARN 1976 --- [libraryapi] [main] com.zaxxer.hikari.HikariConfig           : library-db-pool - idleTimeout is close to or more than maxLifetime, disabling it.
2026-06-05T11:25:10.754-03:00 DEBUG 1976 --- [libraryapi] [main] c.g.i.l.s.JwtCustomAuthenticationFilter  : Filter 'jwtCustomAuthenticationFilter' configured for use
2026-06-05T11:25:11.918-03:00  WARN 1976 --- [libraryapi] [main] JpaBaseConfiguration$JpaWebConfiguration : spring.jpa.open-in-view is enabled by default. Therefore, database queries may be performed during view rendering. Explicitly configure spring.jpa.open-in-view to disable this warning
2026-06-05T11:25:11.942-03:00 TRACE 1976 --- [libraryapi] [main] eGlobalAuthenticationAutowiredConfigurer : Eagerly initializing {authorizationServerConfiguration=com.github.iuryrayam.libraryapi.config.AuthorizationServerConfiguration$$SpringCGLIB$$0@20e73e41, securityConfiguration=com.github.iuryrayam.libraryapi.config.SecurityConfiguration$$SpringCGLIB$$0@329a27ae}
2026-06-05T11:25:11.945-03:00  INFO 1976 --- [libraryapi] [main] eAuthenticationProviderManagerConfigurer : Global AuthenticationManager configured with AuthenticationProvider bean with name customAuthenticationProvider
2026-06-05T11:25:12.132-03:00 DEBUG 1976 --- [libraryapi] [main] s.w.s.m.m.a.RequestMappingHandlerMapping : 21 mappings in 'requestMappingHandlerMapping'
2026-06-05T11:25:12.167-03:00 DEBUG 1976 --- [libraryapi] [main] o.s.w.s.handler.SimpleUrlHandlerMapping  : Patterns [/login] in 'viewControllerHandlerMapping'
2026-06-05T11:25:12.224-03:00 DEBUG 1976 --- [libraryapi] [main] o.s.w.s.handler.SimpleUrlHandlerMapping  : Patterns [/swagger-ui*/*swagger-initializer.js, /swagger-ui*/**] in 'resourceHandlerMapping'
2026-06-05T11:25:12.982-03:00 DEBUG 1976 --- [libraryapi] [main] o.s.s.web.DefaultSecurityFilterChain     : Will secure org.springframework.security.oauth2.server.authorization.config.annotation.web.configurers.OAuth2AuthorizationServerConfigurer$$Lambda/0x000001b128a7d630@36642182 with filters: DisableEncodeUrlFilter, WebAsyncManagerIntegrationFilter, SecurityContextHolderFilter, AuthorizationServerContextFilter, HeaderWriterFilter, CsrfFilter, OidcLogoutEndpointFilter, LogoutFilter, OAuth2AuthorizationServerMetadataEndpointFilter, OAuth2AuthorizationEndpointFilter, OAuth2DeviceVerificationEndpointFilter, OidcProviderConfigurationEndpointFilter, NimbusJwkSetEndpointFilter, OAuth2ClientAuthenticationFilter, UsernamePasswordAuthenticationFilter, BearerTokenAuthenticationFilter, RequestCacheAwareFilter, SecurityContextHolderAwareRequestFilter, AnonymousAuthenticationFilter, ExceptionTranslationFilter, AuthorizationFilter, OAuth2TokenEndpointFilter, OAuth2TokenIntrospectionEndpointFilter, OAuth2TokenRevocationEndpointFilter, OAuth2DeviceAuthorizationEndpointFilter, OidcUserInfoEndpointFilter
2026-06-05T11:25:13.055-03:00 DEBUG 1976 --- [libraryapi] [main] o.s.s.web.DefaultSecurityFilterChain     : Will secure any request with filters: DisableEncodeUrlFilter, WebAsyncManagerIntegrationFilter, SecurityContextHolderFilter, HeaderWriterFilter, LogoutFilter, OAuth2AuthorizationRequestRedirectFilter, OAuth2LoginAuthenticationFilter, UsernamePasswordAuthenticationFilter, BearerTokenAuthenticationFilter, JwtCustomAuthenticationFilter, RequestCacheAwareFilter, SecurityContextHolderAwareRequestFilter, AnonymousAuthenticationFilter, ExceptionTranslationFilter, AuthorizationFilter
2026-06-05T11:25:13.066-03:00  WARN 1976 --- [libraryapi] [main] o.s.s.c.a.web.builders.WebSecurity       : You are asking Spring Security to ignore Deferred [Mvc [pattern='/v2/api-docs/**'], Ant [pattern='/v2/api-docs/**']]. This is not recommended -- please use permitAll via HttpSecurity#authorizeHttpRequests instead.
2026-06-05T11:25:13.066-03:00 DEBUG 1976 --- [libraryapi] [main] o.s.s.web.DefaultSecurityFilterChain     : Will not secure Deferred [Mvc [pattern='/v2/api-docs/**'], Ant [pattern='/v2/api-docs/**']]
2026-06-05T11:25:13.066-03:00  WARN 1976 --- [libraryapi] [main] o.s.s.c.a.web.builders.WebSecurity       : You are asking Spring Security to ignore Deferred [Mvc [pattern='v3/api-docs/**'], Ant [pattern='v3/api-docs/**']]. This is not recommended -- please use permitAll via HttpSecurity#authorizeHttpRequests instead.
2026-06-05T11:25:13.066-03:00 DEBUG 1976 --- [libraryapi] [main] o.s.s.web.DefaultSecurityFilterChain     : Will not secure Deferred [Mvc [pattern='v3/api-docs/**'], Ant [pattern='v3/api-docs/**']]
2026-06-05T11:25:13.066-03:00  WARN 1976 --- [libraryapi] [main] o.s.s.c.a.web.builders.WebSecurity       : You are asking Spring Security to ignore Deferred [Mvc [pattern='/swagger-resource/**'], Ant [pattern='/swagger-resource/**']]. This is not recommended -- please use permitAll via HttpSecurity#authorizeHttpRequests instead.
2026-06-05T11:25:13.066-03:00 DEBUG 1976 --- [libraryapi] [main] o.s.s.web.DefaultSecurityFilterChain     : Will not secure Deferred [Mvc [pattern='/swagger-resource/**'], Ant [pattern='/swagger-resource/**']]
2026-06-05T11:25:13.066-03:00  WARN 1976 --- [libraryapi] [main] o.s.s.c.a.web.builders.WebSecurity       : You are asking Spring Security to ignore Deferred [Mvc [pattern='/swagger-ui.html'], Ant [pattern='/swagger-ui.html']]. This is not recommended -- please use permitAll via HttpSecurity#authorizeHttpRequests instead.
2026-06-05T11:25:13.066-03:00 DEBUG 1976 --- [libraryapi] [main] o.s.s.web.DefaultSecurityFilterChain     : Will not secure Deferred [Mvc [pattern='/swagger-ui.html'], Ant [pattern='/swagger-ui.html']]
2026-06-05T11:25:13.068-03:00  WARN 1976 --- [libraryapi] [main] o.s.s.c.a.web.builders.WebSecurity       : You are asking Spring Security to ignore Deferred [Mvc [pattern='/swagger-ui/**'], Ant [pattern='/swagger-ui/**']]. This is not recommended -- please use permitAll via HttpSecurity#authorizeHttpRequests instead.
2026-06-05T11:25:13.068-03:00 DEBUG 1976 --- [libraryapi] [main] o.s.s.web.DefaultSecurityFilterChain     : Will not secure Deferred [Mvc [pattern='/swagger-ui/**'], Ant [pattern='/swagger-ui/**']]
2026-06-05T11:25:13.068-03:00  WARN 1976 --- [libraryapi] [main] o.s.s.c.a.web.builders.WebSecurity       : You are asking Spring Security to ignore Deferred [Mvc [pattern='/webjars/**'], Ant [pattern='/webjars/**']]. This is not recommended -- please use permitAll via HttpSecurity#authorizeHttpRequests instead.
2026-06-05T11:25:13.068-03:00 DEBUG 1976 --- [libraryapi] [main] o.s.s.web.DefaultSecurityFilterChain     : Will not secure Deferred [Mvc [pattern='/webjars/**'], Ant [pattern='/webjars/**']]
2026-06-05T11:25:13.153-03:00 DEBUG 1976 --- [libraryapi] [main] s.w.s.m.m.a.RequestMappingHandlerAdapter : ControllerAdvice beans: 0 @ModelAttribute, 0 @InitBinder, 1 RequestBodyAdvice, 1 ResponseBodyAdvice
2026-06-05T11:25:13.196-03:00 DEBUG 1976 --- [libraryapi] [main] .m.m.a.ExceptionHandlerExceptionResolver : ControllerAdvice beans: 2 @ExceptionHandler, 1 ResponseBodyAdvice
2026-06-05T11:25:13.633-03:00  INFO 1976 --- [libraryapi] [main] c.g.iuryrayam.libraryapi.Application     : Started Application in 9.901 seconds (process running for 11.003)
2026-06-05T11:25:43.229-03:00  INFO 1976 --- [libraryapi] [http-nio-8080-exec-1] o.s.web.servlet.DispatcherServlet        : Initializing Servlet 'dispatcherServlet'
2026-06-05T11:25:43.229-03:00 DEBUG 1976 --- [libraryapi] [http-nio-8080-exec-1] o.s.web.servlet.DispatcherServlet        : Detected StandardServletMultipartResolver
2026-06-05T11:25:43.230-03:00 DEBUG 1976 --- [libraryapi] [http-nio-8080-exec-1] o.s.web.servlet.DispatcherServlet        : Detected AcceptHeaderLocaleResolver
2026-06-05T11:25:43.230-03:00 DEBUG 1976 --- [libraryapi] [http-nio-8080-exec-1] o.s.web.servlet.DispatcherServlet        : Detected FixedThemeResolver
2026-06-05T11:25:43.231-03:00 DEBUG 1976 --- [libraryapi] [http-nio-8080-exec-1] o.s.web.servlet.DispatcherServlet        : Detected org.springframework.web.servlet.view.DefaultRequestToViewNameTranslator@7cc9970a
2026-06-05T11:25:43.233-03:00 DEBUG 1976 --- [libraryapi] [http-nio-8080-exec-1] o.s.web.servlet.DispatcherServlet        : Detected org.springframework.web.servlet.support.SessionFlashMapManager@6a28f67a
2026-06-05T11:25:43.234-03:00 DEBUG 1976 --- [libraryapi] [http-nio-8080-exec-1] o.s.web.servlet.DispatcherServlet        : enableLoggingRequestDetails='false': request parameters and headers will be masked to prevent unsafe logging of potentially sensitive data
2026-06-05T11:25:43.234-03:00  INFO 1976 --- [libraryapi] [http-nio-8080-exec-1] o.s.web.servlet.DispatcherServlet        : Completed initialization in 5 ms
2026-06-05T11:25:43.258-03:00 TRACE 1976 --- [libraryapi] [http-nio-8080-exec-1] o.s.security.web.FilterChainProxy        : Trying to match request against DefaultSecurityFilterChain [RequestMatcher=Deferred [Mvc [pattern='/v2/api-docs/**'], Ant [pattern='/v2/api-docs/**']], Filters=[]] (1/8)
2026-06-05T11:25:43.259-03:00 TRACE 1976 --- [libraryapi] [http-nio-8080-exec-1] o.s.security.web.FilterChainProxy        : Trying to match request against DefaultSecurityFilterChain [RequestMatcher=Deferred [Mvc [pattern='v3/api-docs/**'], Ant [pattern='v3/api-docs/**']], Filters=[]] (2/8)
2026-06-05T11:25:43.259-03:00 TRACE 1976 --- [libraryapi] [http-nio-8080-exec-1] o.s.security.web.FilterChainProxy        : Trying to match request against DefaultSecurityFilterChain [RequestMatcher=Deferred [Mvc [pattern='/swagger-resource/**'], Ant [pattern='/swagger-resource/**']], Filters=[]] (3/8)
2026-06-05T11:25:43.259-03:00 TRACE 1976 --- [libraryapi] [http-nio-8080-exec-1] o.s.security.web.FilterChainProxy        : Trying to match request against DefaultSecurityFilterChain [RequestMatcher=Deferred [Mvc [pattern='/swagger-ui.html'], Ant [pattern='/swagger-ui.html']], Filters=[]] (4/8)
2026-06-05T11:25:43.259-03:00 TRACE 1976 --- [libraryapi] [http-nio-8080-exec-1] o.s.security.web.FilterChainProxy        : Trying to match request against DefaultSecurityFilterChain [RequestMatcher=Deferred [Mvc [pattern='/swagger-ui/**'], Ant [pattern='/swagger-ui/**']], Filters=[]] (5/8)
2026-06-05T11:25:43.260-03:00 TRACE 1976 --- [libraryapi] [http-nio-8080-exec-1] o.s.security.web.FilterChainProxy        : Trying to match request against DefaultSecurityFilterChain [RequestMatcher=Deferred [Mvc [pattern='/webjars/**'], Ant [pattern='/webjars/**']], Filters=[]] (6/8)
2026-06-05T11:25:43.260-03:00 TRACE 1976 --- [libraryapi] [http-nio-8080-exec-1] o.s.security.web.FilterChainProxy        : Trying to match request against DefaultSecurityFilterChain [RequestMatcher=org.springframework.security.oauth2.server.authorization.config.annotation.web.configurers.OAuth2AuthorizationServerConfigurer$$Lambda/0x000001b128a7d630@36642182, Filters=[org.springframework.security.web.session.DisableEncodeUrlFilter@2e08b61c, org.springframework.security.web.context.request.async.WebAsyncManagerIntegrationFilter@2d890959, org.springframework.security.web.context.SecurityContextHolderFilter@47970962, org.springframework.security.oauth2.server.authorization.config.annotation.web.configurers.AuthorizationServerContextFilter@75c90ec5, org.springframework.security.web.header.HeaderWriterFilter@5a4f7911, org.springframework.security.web.csrf.CsrfFilter@ddca64d, org.springframework.security.oauth2.server.authorization.oidc.web.OidcLogoutEndpointFilter@7fef75e1, org.springframework.security.web.authentication.logout.LogoutFilter@7db644d5, org.springframework.security.oauth2.server.authorization.web.OAuth2AuthorizationServerMetadataEndpointFilter@4e9ab294, org.springframework.security.oauth2.server.authorization.web.OAuth2AuthorizationEndpointFilter@10cae98c, org.springframework.security.oauth2.server.authorization.web.OAuth2DeviceVerificationEndpointFilter@4d13b552, org.springframework.security.oauth2.server.authorization.oidc.web.OidcProviderConfigurationEndpointFilter@42be0eca, org.springframework.security.oauth2.server.authorization.web.NimbusJwkSetEndpointFilter@6c6a7553, org.springframework.security.oauth2.server.authorization.web.OAuth2ClientAuthenticationFilter@5f709e71, org.springframework.security.web.authentication.UsernamePasswordAuthenticationFilter@c534814, org.springframework.security.oauth2.server.resource.web.authentication.BearerTokenAuthenticationFilter@49dce561, org.springframework.security.web.savedrequest.RequestCacheAwareFilter@286b48ce, org.springframework.security.web.servletapi.SecurityContextHolderAwareRequestFilter@73f83bff, org.springframework.security.web.authentication.AnonymousAuthenticationFilter@2414aed6, org.springframework.security.web.access.ExceptionTranslationFilter@446b74b9, org.springframework.security.web.access.intercept.AuthorizationFilter@5e05f3eb, org.springframework.security.oauth2.server.authorization.web.OAuth2TokenEndpointFilter@7ba821ef, org.springframework.security.oauth2.server.authorization.web.OAuth2TokenIntrospectionEndpointFilter@7ee45cbe, org.springframework.security.oauth2.server.authorization.web.OAuth2TokenRevocationEndpointFilter@41fc5625, org.springframework.security.oauth2.server.authorization.web.OAuth2DeviceAuthorizationEndpointFilter@611c9d31, org.springframework.security.oauth2.server.authorization.oidc.web.OidcUserInfoEndpointFilter@751df26c]] (7/8)
2026-06-05T11:25:43.261-03:00 DEBUG 1976 --- [libraryapi] [http-nio-8080-exec-1] o.s.security.web.FilterChainProxy        : Securing GET /oauth2/authorize?response_type=code&client_id=meu-client&redirect_uri=http%3A%2F%2Flocalhost%3A8080%2Fauthorized
2026-06-05T11:25:43.263-03:00 TRACE 1976 --- [libraryapi] [http-nio-8080-exec-1] o.s.security.web.FilterChainProxy        : Invoking DisableEncodeUrlFilter (1/26)
2026-06-05T11:25:43.264-03:00 TRACE 1976 --- [libraryapi] [http-nio-8080-exec-1] o.s.security.web.FilterChainProxy        : Invoking WebAsyncManagerIntegrationFilter (2/26)
2026-06-05T11:25:43.269-03:00 TRACE 1976 --- [libraryapi] [http-nio-8080-exec-1] o.s.security.web.FilterChainProxy        : Invoking SecurityContextHolderFilter (3/26)
2026-06-05T11:25:43.273-03:00 TRACE 1976 --- [libraryapi] [http-nio-8080-exec-1] o.s.security.web.FilterChainProxy        : Invoking AuthorizationServerContextFilter (4/26)
2026-06-05T11:25:43.281-03:00 TRACE 1976 --- [libraryapi] [http-nio-8080-exec-1] o.s.security.web.FilterChainProxy        : Invoking HeaderWriterFilter (5/26)
2026-06-05T11:25:43.285-03:00 TRACE 1976 --- [libraryapi] [http-nio-8080-exec-1] o.s.security.web.FilterChainProxy        : Invoking CsrfFilter (6/26)
2026-06-05T11:25:43.289-03:00 TRACE 1976 --- [libraryapi] [http-nio-8080-exec-1] o.s.security.web.csrf.CsrfFilter         : Did not protect against CSRF since request did not match And [CsrfNotRequired [TRACE, HEAD, GET, OPTIONS], Not [Or [org.springframework.security.oauth2.server.authorization.config.annotation.web.configurers.OAuth2AuthorizationServerConfigurer$$Lambda/0x000001b128a7d630@36642182, org.springframework.security.config.annotation.web.configurers.oauth2.server.resource.OAuth2ResourceServerConfigurer$BearerTokenRequestMatcher@6375af2a]]]
2026-06-05T11:25:43.289-03:00 TRACE 1976 --- [libraryapi] [http-nio-8080-exec-1] o.s.security.web.FilterChainProxy        : Invoking OidcLogoutEndpointFilter (7/26)
2026-06-05T11:25:43.291-03:00 TRACE 1976 --- [libraryapi] [http-nio-8080-exec-1] o.s.security.web.FilterChainProxy        : Invoking LogoutFilter (8/26)
2026-06-05T11:25:43.291-03:00 TRACE 1976 --- [libraryapi] [http-nio-8080-exec-1] o.s.s.w.a.logout.LogoutFilter            : Did not match request to Ant [pattern='/logout', POST]
2026-06-05T11:25:43.291-03:00 TRACE 1976 --- [libraryapi] [http-nio-8080-exec-1] o.s.security.web.FilterChainProxy        : Invoking OAuth2AuthorizationServerMetadataEndpointFilter (9/26)
2026-06-05T11:25:43.291-03:00 TRACE 1976 --- [libraryapi] [http-nio-8080-exec-1] o.s.security.web.FilterChainProxy        : Invoking OAuth2AuthorizationEndpointFilter (10/26)
2026-06-05T11:25:43.296-03:00 TRACE 1976 --- [libraryapi] [http-nio-8080-exec-1] w.c.HttpSessionSecurityContextRepository : No HttpSession currently exists
2026-06-05T11:25:43.296-03:00 TRACE 1976 --- [libraryapi] [http-nio-8080-exec-1] .s.s.w.c.SupplierDeferredSecurityContext : Created SecurityContextImpl [Null authentication]
2026-06-05T11:25:43.296-03:00 TRACE 1976 --- [libraryapi] [http-nio-8080-exec-1] .s.s.w.c.SupplierDeferredSecurityContext : Created SecurityContextImpl [Null authentication]
2026-06-05T11:25:43.300-03:00 TRACE 1976 --- [libraryapi] [http-nio-8080-exec-1] o.s.s.authentication.ProviderManager     : Authenticating request with OAuth2AuthorizationCodeRequestAuthenticationProvider (1/20)
2026-06-05T11:25:43.500-03:00 TRACE 1976 --- [libraryapi] [http-nio-8080-exec-1] izationCodeRequestAuthenticationProvider : Retrieved registered client
2026-06-05T11:25:43.503-03:00 TRACE 1976 --- [libraryapi] [http-nio-8080-exec-1] izationCodeRequestAuthenticationProvider : Validated authorization code request parameters
2026-06-05T11:25:43.503-03:00 TRACE 1976 --- [libraryapi] [http-nio-8080-exec-1] izationCodeRequestAuthenticationProvider : Did not authenticate authorization code request since principal not authenticated
2026-06-05T11:25:43.504-03:00 TRACE 1976 --- [libraryapi] [http-nio-8080-exec-1] o.s.security.web.FilterChainProxy        : Invoking OAuth2DeviceVerificationEndpointFilter (11/26)
2026-06-05T11:25:43.504-03:00 TRACE 1976 --- [libraryapi] [http-nio-8080-exec-1] o.s.security.web.FilterChainProxy        : Invoking OidcProviderConfigurationEndpointFilter (12/26)
2026-06-05T11:25:43.504-03:00 TRACE 1976 --- [libraryapi] [http-nio-8080-exec-1] o.s.security.web.FilterChainProxy        : Invoking NimbusJwkSetEndpointFilter (13/26)
2026-06-05T11:25:43.504-03:00 TRACE 1976 --- [libraryapi] [http-nio-8080-exec-1] o.s.security.web.FilterChainProxy        : Invoking OAuth2ClientAuthenticationFilter (14/26)
2026-06-05T11:25:43.504-03:00 TRACE 1976 --- [libraryapi] [http-nio-8080-exec-1] o.s.security.web.FilterChainProxy        : Invoking UsernamePasswordAuthenticationFilter (15/26)
2026-06-05T11:25:43.504-03:00 TRACE 1976 --- [libraryapi] [http-nio-8080-exec-1] w.a.UsernamePasswordAuthenticationFilter : Did not match request to Ant [pattern='/login', POST]
2026-06-05T11:25:43.504-03:00 TRACE 1976 --- [libraryapi] [http-nio-8080-exec-1] o.s.security.web.FilterChainProxy        : Invoking BearerTokenAuthenticationFilter (16/26)
2026-06-05T11:25:43.505-03:00 TRACE 1976 --- [libraryapi] [http-nio-8080-exec-1] .s.r.w.a.BearerTokenAuthenticationFilter : Did not process request since did not find bearer token
2026-06-05T11:25:43.505-03:00 TRACE 1976 --- [libraryapi] [http-nio-8080-exec-1] o.s.security.web.FilterChainProxy        : Invoking RequestCacheAwareFilter (17/26)
2026-06-05T11:25:43.505-03:00 TRACE 1976 --- [libraryapi] [http-nio-8080-exec-1] o.s.s.w.s.HttpSessionRequestCache        : matchingRequestParameterName is required for getMatchingRequest to lookup a value, but not provided
2026-06-05T11:25:43.505-03:00 TRACE 1976 --- [libraryapi] [http-nio-8080-exec-1] o.s.security.web.FilterChainProxy        : Invoking SecurityContextHolderAwareRequestFilter (18/26)
2026-06-05T11:25:43.506-03:00 TRACE 1976 --- [libraryapi] [http-nio-8080-exec-1] o.s.security.web.FilterChainProxy        : Invoking AnonymousAuthenticationFilter (19/26)
2026-06-05T11:25:43.507-03:00 TRACE 1976 --- [libraryapi] [http-nio-8080-exec-1] o.s.security.web.FilterChainProxy        : Invoking ExceptionTranslationFilter (20/26)
2026-06-05T11:25:43.507-03:00 TRACE 1976 --- [libraryapi] [http-nio-8080-exec-1] o.s.security.web.FilterChainProxy        : Invoking AuthorizationFilter (21/26)
2026-06-05T11:25:43.508-03:00 TRACE 1976 --- [libraryapi] [http-nio-8080-exec-1] estMatcherDelegatingAuthorizationManager : Authorizing GET /oauth2/authorize?response_type=code&client_id=meu-client&redirect_uri=http%3A%2F%2Flocalhost%3A8080%2Fauthorized
2026-06-05T11:25:43.508-03:00 TRACE 1976 --- [libraryapi] [http-nio-8080-exec-1] estMatcherDelegatingAuthorizationManager : Checking authorization on GET /oauth2/authorize?response_type=code&client_id=meu-client&redirect_uri=http%3A%2F%2Flocalhost%3A8080%2Fauthorized using org.springframework.security.authorization.AuthenticatedAuthorizationManager@6b40e0cc
2026-06-05T11:25:43.509-03:00 TRACE 1976 --- [libraryapi] [http-nio-8080-exec-1] o.s.s.w.a.AnonymousAuthenticationFilter  : Set SecurityContextHolder to AnonymousAuthenticationToken [Principal=anonymousUser, Credentials=[PROTECTED], Authenticated=true, Details=WebAuthenticationDetails [RemoteIpAddress=0:0:0:0:0:0:0:1, SessionId=null], Granted Authorities=[ROLE_ANONYMOUS]]
2026-06-05T11:25:43.510-03:00 TRACE 1976 --- [libraryapi] [http-nio-8080-exec-1] o.s.s.w.a.ExceptionTranslationFilter     : Sending AnonymousAuthenticationToken [Principal=anonymousUser, Credentials=[PROTECTED], Authenticated=true, Details=WebAuthenticationDetails [RemoteIpAddress=0:0:0:0:0:0:0:1, SessionId=null], Granted Authorities=[ROLE_ANONYMOUS]] to authentication entry point since access is denied

org.springframework.security.access.AccessDeniedException: Access Denied
	at org.springframework.security.web.access.intercept.AuthorizationFilter.doFilter(AuthorizationFilter.java:98) ~[spring-security-web-6.3.3.jar:6.3.3]
	at org.springframework.security.web.FilterChainProxy$VirtualFilterChain.doFilter(FilterChainProxy.java:374) ~[spring-security-web-6.3.3.jar:6.3.3]
	at org.springframework.security.web.access.ExceptionTranslationFilter.doFilter(ExceptionTranslationFilter.java:126) ~[spring-security-web-6.3.3.jar:6.3.3]
	at org.springframework.security.web.access.ExceptionTranslationFilter.doFilter(ExceptionTranslationFilter.java:120) ~[spring-security-web-6.3.3.jar:6.3.3]
	at org.springframework.security.web.FilterChainProxy$VirtualFilterChain.doFilter(FilterChainProxy.java:374) ~[spring-security-web-6.3.3.jar:6.3.3]
	at org.springframework.security.web.authentication.AnonymousAuthenticationFilter.doFilter(AnonymousAuthenticationFilter.java:100) ~[spring-security-web-6.3.3.jar:6.3.3]
	at org.springframework.security.web.FilterChainProxy$VirtualFilterChain.doFilter(FilterChainProxy.java:374) ~[spring-security-web-6.3.3.jar:6.3.3]
	at org.springframework.security.web.servletapi.SecurityContextHolderAwareRequestFilter.doFilter(SecurityContextHolderAwareRequestFilter.java:179) ~[spring-security-web-6.3.3.jar:6.3.3]
	at org.springframework.security.web.FilterChainProxy$VirtualFilterChain.doFilter(FilterChainProxy.java:374) ~[spring-security-web-6.3.3.jar:6.3.3]
	at org.springframework.security.web.savedrequest.RequestCacheAwareFilter.doFilter(RequestCacheAwareFilter.java:63) ~[spring-security-web-6.3.3.jar:6.3.3]
	at org.springframework.security.web.FilterChainProxy$VirtualFilterChain.doFilter(FilterChainProxy.java:374) ~[spring-security-web-6.3.3.jar:6.3.3]
	at org.springframework.security.oauth2.server.resource.web.authentication.BearerTokenAuthenticationFilter.doFilterInternal(BearerTokenAuthenticationFilter.java:128) ~[spring-security-oauth2-resource-server-6.3.3.jar:6.3.3]
	at org.springframework.web.filter.OncePerRequestFilter.doFilter(OncePerRequestFilter.java:116) ~[spring-web-6.1.13.jar:6.1.13]
	at org.springframework.security.web.FilterChainProxy$VirtualFilterChain.doFilter(FilterChainProxy.java:374) ~[spring-security-web-6.3.3.jar:6.3.3]
	at org.springframework.security.web.authentication.AbstractAuthenticationProcessingFilter.doFilter(AbstractAuthenticationProcessingFilter.java:227) ~[spring-security-web-6.3.3.jar:6.3.3]
	at org.springframework.security.web.authentication.AbstractAuthenticationProcessingFilter.doFilter(AbstractAuthenticationProcessingFilter.java:221) ~[spring-security-web-6.3.3.jar:6.3.3]
	at org.springframework.security.web.FilterChainProxy$VirtualFilterChain.doFilter(FilterChainProxy.java:374) ~[spring-security-web-6.3.3.jar:6.3.3]
	at org.springframework.security.oauth2.server.authorization.web.OAuth2ClientAuthenticationFilter.doFilterInternal(OAuth2ClientAuthenticationFilter.java:129) ~[spring-security-oauth2-authorization-server-1.3.2.jar:1.3.2]
	at org.springframework.web.filter.OncePerRequestFilter.doFilter(OncePerRequestFilter.java:116) ~[spring-web-6.1.13.jar:6.1.13]
	at org.springframework.security.web.FilterChainProxy$VirtualFilterChain.doFilter(FilterChainProxy.java:374) ~[spring-security-web-6.3.3.jar:6.3.3]
	at org.springframework.security.oauth2.server.authorization.web.NimbusJwkSetEndpointFilter.doFilterInternal(NimbusJwkSetEndpointFilter.java:88) ~[spring-security-oauth2-authorization-server-1.3.2.jar:1.3.2]
	at org.springframework.web.filter.OncePerRequestFilter.doFilter(OncePerRequestFilter.java:116) ~[spring-web-6.1.13.jar:6.1.13]
	at org.springframework.security.web.FilterChainProxy$VirtualFilterChain.doFilter(FilterChainProxy.java:374) ~[spring-security-web-6.3.3.jar:6.3.3]
	at org.springframework.security.oauth2.server.authorization.oidc.web.OidcProviderConfigurationEndpointFilter.doFilterInternal(OidcProviderConfigurationEndpointFilter.java:91) ~[spring-security-oauth2-authorization-server-1.3.2.jar:1.3.2]
	at org.springframework.web.filter.OncePerRequestFilter.doFilter(OncePerRequestFilter.java:116) ~[spring-web-6.1.13.jar:6.1.13]
	at org.springframework.security.web.FilterChainProxy$VirtualFilterChain.doFilter(FilterChainProxy.java:374) ~[spring-security-web-6.3.3.jar:6.3.3]
	at org.springframework.security.oauth2.server.authorization.web.OAuth2DeviceVerificationEndpointFilter.doFilterInternal(OAuth2DeviceVerificationEndpointFilter.java:152) ~[spring-security-oauth2-authorization-server-1.3.2.jar:1.3.2]
	at org.springframework.web.filter.OncePerRequestFilter.doFilter(OncePerRequestFilter.java:116) ~[spring-web-6.1.13.jar:6.1.13]
	at org.springframework.security.web.FilterChainProxy$VirtualFilterChain.doFilter(FilterChainProxy.java:374) ~[spring-security-web-6.3.3.jar:6.3.3]
	at org.springframework.security.oauth2.server.authorization.web.OAuth2AuthorizationEndpointFilter.doFilterInternal(OAuth2AuthorizationEndpointFilter.java:192) ~[spring-security-oauth2-authorization-server-1.3.2.jar:1.3.2]
	at org.springframework.web.filter.OncePerRequestFilter.doFilter(OncePerRequestFilter.java:116) ~[spring-web-6.1.13.jar:6.1.13]
	at org.springframework.security.web.FilterChainProxy$VirtualFilterChain.doFilter(FilterChainProxy.java:374) ~[spring-security-web-6.3.3.jar:6.3.3]
	at org.springframework.security.oauth2.server.authorization.web.OAuth2AuthorizationServerMetadataEndpointFilter.doFilterInternal(OAuth2AuthorizationServerMetadataEndpointFilter.java:90) ~[spring-security-oauth2-authorization-server-1.3.2.jar:1.3.2]
	at org.springframework.web.filter.OncePerRequestFilter.doFilter(OncePerRequestFilter.java:116) ~[spring-web-6.1.13.jar:6.1.13]
	at org.springframework.security.web.FilterChainProxy$VirtualFilterChain.doFilter(FilterChainProxy.java:374) ~[spring-security-web-6.3.3.jar:6.3.3]
	at org.springframework.security.web.authentication.logout.LogoutFilter.doFilter(LogoutFilter.java:107) ~[spring-security-web-6.3.3.jar:6.3.3]
	at org.springframework.security.web.authentication.logout.LogoutFilter.doFilter(LogoutFilter.java:93) ~[spring-security-web-6.3.3.jar:6.3.3]
	at org.springframework.security.web.FilterChainProxy$VirtualFilterChain.doFilter(FilterChainProxy.java:374) ~[spring-security-web-6.3.3.jar:6.3.3]
	at org.springframework.security.oauth2.server.authorization.oidc.web.OidcLogoutEndpointFilter.doFilterInternal(OidcLogoutEndpointFilter.java:124) ~[spring-security-oauth2-authorization-server-1.3.2.jar:1.3.2]
	at org.springframework.web.filter.OncePerRequestFilter.doFilter(OncePerRequestFilter.java:116) ~[spring-web-6.1.13.jar:6.1.13]
	at org.springframework.security.web.FilterChainProxy$VirtualFilterChain.doFilter(FilterChainProxy.java:374) ~[spring-security-web-6.3.3.jar:6.3.3]
	at org.springframework.security.web.csrf.CsrfFilter.doFilterInternal(CsrfFilter.java:117) ~[spring-security-web-6.3.3.jar:6.3.3]
	at org.springframework.web.filter.OncePerRequestFilter.doFilter(OncePerRequestFilter.java:116) ~[spring-web-6.1.13.jar:6.1.13]
	at org.springframework.security.web.FilterChainProxy$VirtualFilterChain.doFilter(FilterChainProxy.java:374) ~[spring-security-web-6.3.3.jar:6.3.3]
	at org.springframework.security.web.header.HeaderWriterFilter.doHeadersAfter(HeaderWriterFilter.java:90) ~[spring-security-web-6.3.3.jar:6.3.3]
	at org.springframework.security.web.header.HeaderWriterFilter.doFilterInternal(HeaderWriterFilter.java:75) ~[spring-security-web-6.3.3.jar:6.3.3]
	at org.springframework.web.filter.OncePerRequestFilter.doFilter(OncePerRequestFilter.java:116) ~[spring-web-6.1.13.jar:6.1.13]
	at org.springframework.security.web.FilterChainProxy$VirtualFilterChain.doFilter(FilterChainProxy.java:374) ~[spring-security-web-6.3.3.jar:6.3.3]
	at org.springframework.security.oauth2.server.authorization.config.annotation.web.configurers.AuthorizationServerContextFilter.doFilterInternal(AuthorizationServerContextFilter.java:69) ~[spring-security-oauth2-authorization-server-1.3.2.jar:1.3.2]
	at org.springframework.web.filter.OncePerRequestFilter.doFilter(OncePerRequestFilter.java:116) ~[spring-web-6.1.13.jar:6.1.13]
	at org.springframework.security.web.FilterChainProxy$VirtualFilterChain.doFilter(FilterChainProxy.java:374) ~[spring-security-web-6.3.3.jar:6.3.3]
	at org.springframework.security.web.context.SecurityContextHolderFilter.doFilter(SecurityContextHolderFilter.java:82) ~[spring-security-web-6.3.3.jar:6.3.3]
	at org.springframework.security.web.context.SecurityContextHolderFilter.doFilter(SecurityContextHolderFilter.java:69) ~[spring-security-web-6.3.3.jar:6.3.3]
	at org.springframework.security.web.FilterChainProxy$VirtualFilterChain.doFilter(FilterChainProxy.java:374) ~[spring-security-web-6.3.3.jar:6.3.3]
	at org.springframework.security.web.context.request.async.WebAsyncManagerIntegrationFilter.doFilterInternal(WebAsyncManagerIntegrationFilter.java:62) ~[spring-security-web-6.3.3.jar:6.3.3]
	at org.springframework.web.filter.OncePerRequestFilter.doFilter(OncePerRequestFilter.java:116) ~[spring-web-6.1.13.jar:6.1.13]
	at org.springframework.security.web.FilterChainProxy$VirtualFilterChain.doFilter(FilterChainProxy.java:374) ~[spring-security-web-6.3.3.jar:6.3.3]
	at org.springframework.security.web.session.DisableEncodeUrlFilter.doFilterInternal(DisableEncodeUrlFilter.java:42) ~[spring-security-web-6.3.3.jar:6.3.3]
	at org.springframework.web.filter.OncePerRequestFilter.doFilter(OncePerRequestFilter.java:116) ~[spring-web-6.1.13.jar:6.1.13]
	at org.springframework.security.web.FilterChainProxy$VirtualFilterChain.doFilter(FilterChainProxy.java:374) ~[spring-security-web-6.3.3.jar:6.3.3]
	at org.springframework.security.web.FilterChainProxy.doFilterInternal(FilterChainProxy.java:233) ~[spring-security-web-6.3.3.jar:6.3.3]
	at org.springframework.security.web.FilterChainProxy.doFilter(FilterChainProxy.java:191) ~[spring-security-web-6.3.3.jar:6.3.3]
	at org.springframework.web.filter.CompositeFilter$VirtualFilterChain.doFilter(CompositeFilter.java:113) ~[spring-web-6.1.13.jar:6.1.13]
	at org.springframework.web.servlet.handler.HandlerMappingIntrospector.lambda$createCacheFilter$3(HandlerMappingIntrospector.java:195) ~[spring-webmvc-6.1.13.jar:6.1.13]
	at org.springframework.web.filter.CompositeFilter$VirtualFilterChain.doFilter(CompositeFilter.java:113) ~[spring-web-6.1.13.jar:6.1.13]
	at org.springframework.web.filter.CompositeFilter.doFilter(CompositeFilter.java:74) ~[spring-web-6.1.13.jar:6.1.13]
	at org.springframework.security.config.annotation.web.configuration.WebMvcSecurityConfiguration$CompositeFilterChainProxy.doFilter(WebMvcSecurityConfiguration.java:230) ~[spring-security-config-6.3.3.jar:6.3.3]
	at org.springframework.web.filter.DelegatingFilterProxy.invokeDelegate(DelegatingFilterProxy.java:352) ~[spring-web-6.1.13.jar:6.1.13]
	at org.springframework.web.filter.DelegatingFilterProxy.doFilter(DelegatingFilterProxy.java:268) ~[spring-web-6.1.13.jar:6.1.13]
	at org.apache.catalina.core.ApplicationFilterChain.internalDoFilter(ApplicationFilterChain.java:164) ~[tomcat-embed-core-10.1.30.jar:10.1.30]
	at org.apache.catalina.core.ApplicationFilterChain.doFilter(ApplicationFilterChain.java:140) ~[tomcat-embed-core-10.1.30.jar:10.1.30]
	at org.springframework.web.filter.CharacterEncodingFilter.doFilterInternal(CharacterEncodingFilter.java:201) ~[spring-web-6.1.13.jar:6.1.13]
	at org.springframework.web.filter.OncePerRequestFilter.doFilter(OncePerRequestFilter.java:116) ~[spring-web-6.1.13.jar:6.1.13]
	at org.apache.catalina.core.ApplicationFilterChain.internalDoFilter(ApplicationFilterChain.java:164) ~[tomcat-embed-core-10.1.30.jar:10.1.30]
	at org.apache.catalina.core.ApplicationFilterChain.doFilter(ApplicationFilterChain.java:140) ~[tomcat-embed-core-10.1.30.jar:10.1.30]
	at org.apache.catalina.core.StandardWrapperValve.invoke(StandardWrapperValve.java:167) ~[tomcat-embed-core-10.1.30.jar:10.1.30]
	at org.apache.catalina.core.StandardContextValve.invoke(StandardContextValve.java:90) ~[tomcat-embed-core-10.1.30.jar:10.1.30]
	at org.apache.catalina.authenticator.AuthenticatorBase.invoke(AuthenticatorBase.java:483) ~[tomcat-embed-core-10.1.30.jar:10.1.30]
	at org.apache.catalina.core.StandardHostValve.invoke(StandardHostValve.java:115) ~[tomcat-embed-core-10.1.30.jar:10.1.30]
	at org.apache.catalina.valves.ErrorReportValve.invoke(ErrorReportValve.java:93) ~[tomcat-embed-core-10.1.30.jar:10.1.30]
	at org.apache.catalina.core.StandardEngineValve.invoke(StandardEngineValve.java:74) ~[tomcat-embed-core-10.1.30.jar:10.1.30]
	at org.apache.catalina.connector.CoyoteAdapter.service(CoyoteAdapter.java:344) ~[tomcat-embed-core-10.1.30.jar:10.1.30]
	at org.apache.coyote.http11.Http11Processor.service(Http11Processor.java:384) ~[tomcat-embed-core-10.1.30.jar:10.1.30]
	at org.apache.coyote.AbstractProcessorLight.process(AbstractProcessorLight.java:63) ~[tomcat-embed-core-10.1.30.jar:10.1.30]
	at org.apache.coyote.AbstractProtocol$ConnectionHandler.process(AbstractProtocol.java:905) ~[tomcat-embed-core-10.1.30.jar:10.1.30]
	at org.apache.tomcat.util.net.NioEndpoint$SocketProcessor.doRun(NioEndpoint.java:1741) ~[tomcat-embed-core-10.1.30.jar:10.1.30]
	at org.apache.tomcat.util.net.SocketProcessorBase.run(SocketProcessorBase.java:52) ~[tomcat-embed-core-10.1.30.jar:10.1.30]
	at org.apache.tomcat.util.threads.ThreadPoolExecutor.runWorker(ThreadPoolExecutor.java:1190) ~[tomcat-embed-core-10.1.30.jar:10.1.30]
	at org.apache.tomcat.util.threads.ThreadPoolExecutor$Worker.run(ThreadPoolExecutor.java:659) ~[tomcat-embed-core-10.1.30.jar:10.1.30]
	at org.apache.tomcat.util.threads.TaskThread$WrappingRunnable.run(TaskThread.java:63) ~[tomcat-embed-core-10.1.30.jar:10.1.30]
	at java.base/java.lang.Thread.run(Thread.java:1583) ~[na:na]

2026-06-05T11:25:43.545-03:00 DEBUG 1976 --- [libraryapi] [http-nio-8080-exec-1] o.s.s.w.s.HttpSessionRequestCache        : Saved request http://localhost:8080/oauth2/authorize?response_type=code&client_id=meu-client&redirect_uri=http%3A%2F%2Flocalhost%3A8080%2Fauthorized&continue to session
2026-06-05T11:25:43.545-03:00 DEBUG 1976 --- [libraryapi] [http-nio-8080-exec-1] s.w.a.DelegatingAuthenticationEntryPoint : Trying to match using Or [Ant [pattern='/oauth2/token', POST], Ant [pattern='/oauth2/introspect', POST], Ant [pattern='/oauth2/revoke', POST], Ant [pattern='/oauth2/device_authorization', POST]]
2026-06-05T11:25:43.550-03:00 DEBUG 1976 --- [libraryapi] [http-nio-8080-exec-1] s.w.a.DelegatingAuthenticationEntryPoint : Trying to match using Or [org.springframework.security.config.annotation.web.configurers.oauth2.server.resource.OAuth2ResourceServerConfigurer$BearerTokenRequestMatcher@6375af2a, RequestHeaderRequestMatcher [expectedHeaderName=X-Requested-With, expectedHeaderValue=XMLHttpRequest], And [Not [MediaTypeRequestMatcher [contentNegotiationStrategy=org.springframework.web.accept.ContentNegotiationManager@51ea9f02, matchingMediaTypes=[text/html], useEquals=false, ignoredMediaTypes=[]]], MediaTypeRequestMatcher [contentNegotiationStrategy=org.springframework.web.accept.ContentNegotiationManager@51ea9f02, matchingMediaTypes=[application/atom+xml, application/x-www-form-urlencoded, application/json, application/octet-stream, application/xml, multipart/form-data, text/xml], useEquals=false, ignoredMediaTypes=[*/*]]], MediaTypeRequestMatcher [contentNegotiationStrategy=org.springframework.web.accept.ContentNegotiationManager@51ea9f02, matchingMediaTypes=[*/*], useEquals=true, ignoredMediaTypes=[]]]
2026-06-05T11:25:43.551-03:00 DEBUG 1976 --- [libraryapi] [http-nio-8080-exec-1] s.w.a.DelegatingAuthenticationEntryPoint : Trying to match using And [Not [RequestHeaderRequestMatcher [expectedHeaderName=X-Requested-With, expectedHeaderValue=XMLHttpRequest]], MediaTypeRequestMatcher [contentNegotiationStrategy=org.springframework.web.accept.ContentNegotiationManager@51ea9f02, matchingMediaTypes=[application/xhtml+xml, image/*, text/html, text/plain], useEquals=false, ignoredMediaTypes=[*/*]]]
2026-06-05T11:25:43.551-03:00 DEBUG 1976 --- [libraryapi] [http-nio-8080-exec-1] s.w.a.DelegatingAuthenticationEntryPoint : Match found! Executing org.springframework.security.web.authentication.LoginUrlAuthenticationEntryPoint@6a4f3df4
2026-06-05T11:25:43.553-03:00 DEBUG 1976 --- [libraryapi] [http-nio-8080-exec-1] o.s.s.web.DefaultRedirectStrategy        : Redirecting to http://localhost:8080/login
2026-06-05T11:25:43.553-03:00 TRACE 1976 --- [libraryapi] [http-nio-8080-exec-1] o.s.s.w.header.writers.HstsHeaderWriter  : Not injecting HSTS header since it did not match request to [Is Secure]
2026-06-05T11:25:43.569-03:00 TRACE 1976 --- [libraryapi] [http-nio-8080-exec-4] o.s.security.web.FilterChainProxy        : Trying to match request against DefaultSecurityFilterChain [RequestMatcher=Deferred [Mvc [pattern='/v2/api-docs/**'], Ant [pattern='/v2/api-docs/**']], Filters=[]] (1/8)
2026-06-05T11:25:43.570-03:00 TRACE 1976 --- [libraryapi] [http-nio-8080-exec-4] o.s.security.web.FilterChainProxy        : Trying to match request against DefaultSecurityFilterChain [RequestMatcher=Deferred [Mvc [pattern='v3/api-docs/**'], Ant [pattern='v3/api-docs/**']], Filters=[]] (2/8)
2026-06-05T11:25:43.571-03:00 TRACE 1976 --- [libraryapi] [http-nio-8080-exec-4] o.s.security.web.FilterChainProxy        : Trying to match request against DefaultSecurityFilterChain [RequestMatcher=Deferred [Mvc [pattern='/swagger-resource/**'], Ant [pattern='/swagger-resource/**']], Filters=[]] (3/8)
2026-06-05T11:25:43.571-03:00 TRACE 1976 --- [libraryapi] [http-nio-8080-exec-4] o.s.security.web.FilterChainProxy        : Trying to match request against DefaultSecurityFilterChain [RequestMatcher=Deferred [Mvc [pattern='/swagger-ui.html'], Ant [pattern='/swagger-ui.html']], Filters=[]] (4/8)
2026-06-05T11:25:43.571-03:00 TRACE 1976 --- [libraryapi] [http-nio-8080-exec-4] o.s.security.web.FilterChainProxy        : Trying to match request against DefaultSecurityFilterChain [RequestMatcher=Deferred [Mvc [pattern='/swagger-ui/**'], Ant [pattern='/swagger-ui/**']], Filters=[]] (5/8)
2026-06-05T11:25:43.571-03:00 TRACE 1976 --- [libraryapi] [http-nio-8080-exec-4] o.s.security.web.FilterChainProxy        : Trying to match request against DefaultSecurityFilterChain [RequestMatcher=Deferred [Mvc [pattern='/webjars/**'], Ant [pattern='/webjars/**']], Filters=[]] (6/8)
2026-06-05T11:25:43.572-03:00 TRACE 1976 --- [libraryapi] [http-nio-8080-exec-4] o.s.security.web.FilterChainProxy        : Trying to match request against DefaultSecurityFilterChain [RequestMatcher=org.springframework.security.oauth2.server.authorization.config.annotation.web.configurers.OAuth2AuthorizationServerConfigurer$$Lambda/0x000001b128a7d630@36642182, Filters=[org.springframework.security.web.session.DisableEncodeUrlFilter@2e08b61c, org.springframework.security.web.context.request.async.WebAsyncManagerIntegrationFilter@2d890959, org.springframework.security.web.context.SecurityContextHolderFilter@47970962, org.springframework.security.oauth2.server.authorization.config.annotation.web.configurers.AuthorizationServerContextFilter@75c90ec5, org.springframework.security.web.header.HeaderWriterFilter@5a4f7911, org.springframework.security.web.csrf.CsrfFilter@ddca64d, org.springframework.security.oauth2.server.authorization.oidc.web.OidcLogoutEndpointFilter@7fef75e1, org.springframework.security.web.authentication.logout.LogoutFilter@7db644d5, org.springframework.security.oauth2.server.authorization.web.OAuth2AuthorizationServerMetadataEndpointFilter@4e9ab294, org.springframework.security.oauth2.server.authorization.web.OAuth2AuthorizationEndpointFilter@10cae98c, org.springframework.security.oauth2.server.authorization.web.OAuth2DeviceVerificationEndpointFilter@4d13b552, org.springframework.security.oauth2.server.authorization.oidc.web.OidcProviderConfigurationEndpointFilter@42be0eca, org.springframework.security.oauth2.server.authorization.web.NimbusJwkSetEndpointFilter@6c6a7553, org.springframework.security.oauth2.server.authorization.web.OAuth2ClientAuthenticationFilter@5f709e71, org.springframework.security.web.authentication.UsernamePasswordAuthenticationFilter@c534814, org.springframework.security.oauth2.server.resource.web.authentication.BearerTokenAuthenticationFilter@49dce561, org.springframework.security.web.savedrequest.RequestCacheAwareFilter@286b48ce, org.springframework.security.web.servletapi.SecurityContextHolderAwareRequestFilter@73f83bff, org.springframework.security.web.authentication.AnonymousAuthenticationFilter@2414aed6, org.springframework.security.web.access.ExceptionTranslationFilter@446b74b9, org.springframework.security.web.access.intercept.AuthorizationFilter@5e05f3eb, org.springframework.security.oauth2.server.authorization.web.OAuth2TokenEndpointFilter@7ba821ef, org.springframework.security.oauth2.server.authorization.web.OAuth2TokenIntrospectionEndpointFilter@7ee45cbe, org.springframework.security.oauth2.server.authorization.web.OAuth2TokenRevocationEndpointFilter@41fc5625, org.springframework.security.oauth2.server.authorization.web.OAuth2DeviceAuthorizationEndpointFilter@611c9d31, org.springframework.security.oauth2.server.authorization.oidc.web.OidcUserInfoEndpointFilter@751df26c]] (7/8)
2026-06-05T11:25:43.572-03:00 TRACE 1976 --- [libraryapi] [http-nio-8080-exec-4] o.s.security.web.FilterChainProxy        : Trying to match request against DefaultSecurityFilterChain [RequestMatcher=any request, Filters=[org.springframework.security.web.session.DisableEncodeUrlFilter@20ab15, org.springframework.security.web.context.request.async.WebAsyncManagerIntegrationFilter@2f6bd76d, org.springframework.security.web.context.SecurityContextHolderFilter@5e8ec0d9, org.springframework.security.web.header.HeaderWriterFilter@57fd93f9, org.springframework.security.web.authentication.logout.LogoutFilter@283eb984, org.springframework.security.oauth2.client.web.OAuth2AuthorizationRequestRedirectFilter@335aac7a, org.springframework.security.oauth2.client.web.OAuth2LoginAuthenticationFilter@4cc1f8d3, org.springframework.security.web.authentication.UsernamePasswordAuthenticationFilter@4913465d, org.springframework.security.oauth2.server.resource.web.authentication.BearerTokenAuthenticationFilter@2a9eb44d, com.github.iuryrayam.libraryapi.security.JwtCustomAuthenticationFilter@51a73873, org.springframework.security.web.savedrequest.RequestCacheAwareFilter@1a7f6678, org.springframework.security.web.servletapi.SecurityContextHolderAwareRequestFilter@3b47178c, org.springframework.security.web.authentication.AnonymousAuthenticationFilter@5c6e1277, org.springframework.security.web.access.ExceptionTranslationFilter@3e43fb40, org.springframework.security.web.access.intercept.AuthorizationFilter@3b4e0786]] (8/8)
2026-06-05T11:25:43.572-03:00 DEBUG 1976 --- [libraryapi] [http-nio-8080-exec-4] o.s.security.web.FilterChainProxy        : Securing GET /login
2026-06-05T11:25:43.572-03:00 TRACE 1976 --- [libraryapi] [http-nio-8080-exec-4] o.s.security.web.FilterChainProxy        : Invoking DisableEncodeUrlFilter (1/15)
2026-06-05T11:25:43.572-03:00 TRACE 1976 --- [libraryapi] [http-nio-8080-exec-4] o.s.security.web.FilterChainProxy        : Invoking WebAsyncManagerIntegrationFilter (2/15)
2026-06-05T11:25:43.572-03:00 TRACE 1976 --- [libraryapi] [http-nio-8080-exec-4] o.s.security.web.FilterChainProxy        : Invoking SecurityContextHolderFilter (3/15)
2026-06-05T11:25:43.573-03:00 TRACE 1976 --- [libraryapi] [http-nio-8080-exec-4] o.s.security.web.FilterChainProxy        : Invoking HeaderWriterFilter (4/15)
2026-06-05T11:25:43.573-03:00 TRACE 1976 --- [libraryapi] [http-nio-8080-exec-4] o.s.security.web.FilterChainProxy        : Invoking LogoutFilter (5/15)
2026-06-05T11:25:43.573-03:00 TRACE 1976 --- [libraryapi] [http-nio-8080-exec-4] o.s.s.w.a.logout.LogoutFilter            : Did not match request to Or [Ant [pattern='/logout', GET], Ant [pattern='/logout', POST], Ant [pattern='/logout', PUT], Ant [pattern='/logout', DELETE]]
2026-06-05T11:25:43.574-03:00 TRACE 1976 --- [libraryapi] [http-nio-8080-exec-4] o.s.security.web.FilterChainProxy        : Invoking OAuth2AuthorizationRequestRedirectFilter (6/15)
2026-06-05T11:25:43.574-03:00 TRACE 1976 --- [libraryapi] [http-nio-8080-exec-4] o.s.security.web.FilterChainProxy        : Invoking OAuth2LoginAuthenticationFilter (7/15)
2026-06-05T11:25:43.574-03:00 TRACE 1976 --- [libraryapi] [http-nio-8080-exec-4] .s.o.c.w.OAuth2LoginAuthenticationFilter : Did not match request to Ant [pattern='/login/oauth2/code/*']
2026-06-05T11:25:43.574-03:00 TRACE 1976 --- [libraryapi] [http-nio-8080-exec-4] o.s.security.web.FilterChainProxy        : Invoking UsernamePasswordAuthenticationFilter (8/15)
2026-06-05T11:25:43.574-03:00 TRACE 1976 --- [libraryapi] [http-nio-8080-exec-4] w.a.UsernamePasswordAuthenticationFilter : Did not match request to Ant [pattern='/login', POST]
2026-06-05T11:25:43.574-03:00 TRACE 1976 --- [libraryapi] [http-nio-8080-exec-4] o.s.security.web.FilterChainProxy        : Invoking BearerTokenAuthenticationFilter (9/15)
2026-06-05T11:25:43.574-03:00 TRACE 1976 --- [libraryapi] [http-nio-8080-exec-4] .s.r.w.a.BearerTokenAuthenticationFilter : Did not process request since did not find bearer token
2026-06-05T11:25:43.574-03:00 TRACE 1976 --- [libraryapi] [http-nio-8080-exec-4] o.s.security.web.FilterChainProxy        : Invoking JwtCustomAuthenticationFilter (10/15)
2026-06-05T11:25:43.575-03:00 TRACE 1976 --- [libraryapi] [http-nio-8080-exec-4] w.c.HttpSessionSecurityContextRepository : Did not find SecurityContext in HttpSession F3296DA0D53C32DD55005B9DFF5C7EC6 using the SPRING_SECURITY_CONTEXT session attribute
2026-06-05T11:25:43.575-03:00 TRACE 1976 --- [libraryapi] [http-nio-8080-exec-4] .s.s.w.c.SupplierDeferredSecurityContext : Created SecurityContextImpl [Null authentication]
2026-06-05T11:25:43.576-03:00 TRACE 1976 --- [libraryapi] [http-nio-8080-exec-4] .s.s.w.c.SupplierDeferredSecurityContext : Created SecurityContextImpl [Null authentication]
2026-06-05T11:25:43.576-03:00 TRACE 1976 --- [libraryapi] [http-nio-8080-exec-4] o.s.security.web.FilterChainProxy        : Invoking RequestCacheAwareFilter (11/15)
2026-06-05T11:25:43.576-03:00 TRACE 1976 --- [libraryapi] [http-nio-8080-exec-4] o.s.s.w.s.HttpSessionRequestCache        : matchingRequestParameterName is required for getMatchingRequest to lookup a value, but not provided
2026-06-05T11:25:43.576-03:00 TRACE 1976 --- [libraryapi] [http-nio-8080-exec-4] o.s.security.web.FilterChainProxy        : Invoking SecurityContextHolderAwareRequestFilter (12/15)
2026-06-05T11:25:43.576-03:00 TRACE 1976 --- [libraryapi] [http-nio-8080-exec-4] o.s.security.web.FilterChainProxy        : Invoking AnonymousAuthenticationFilter (13/15)
2026-06-05T11:25:43.576-03:00 TRACE 1976 --- [libraryapi] [http-nio-8080-exec-4] o.s.security.web.FilterChainProxy        : Invoking ExceptionTranslationFilter (14/15)
2026-06-05T11:25:43.576-03:00 TRACE 1976 --- [libraryapi] [http-nio-8080-exec-4] o.s.security.web.FilterChainProxy        : Invoking AuthorizationFilter (15/15)
2026-06-05T11:25:43.576-03:00 TRACE 1976 --- [libraryapi] [http-nio-8080-exec-4] estMatcherDelegatingAuthorizationManager : Authorizing GET /login
2026-06-05T11:25:43.578-03:00 TRACE 1976 --- [libraryapi] [http-nio-8080-exec-4] estMatcherDelegatingAuthorizationManager : Checking authorization on GET /login using org.springframework.security.config.annotation.web.configurers.AuthorizeHttpRequestsConfigurer$$Lambda/0x000001b128a7dc68@31f274a0
2026-06-05T11:25:43.578-03:00 DEBUG 1976 --- [libraryapi] [http-nio-8080-exec-4] o.s.security.web.FilterChainProxy        : Secured GET /login
2026-06-05T11:25:43.582-03:00 DEBUG 1976 --- [libraryapi] [http-nio-8080-exec-4] o.s.web.servlet.DispatcherServlet        : GET "/login", parameters={}
2026-06-05T11:25:43.584-03:00 DEBUG 1976 --- [libraryapi] [http-nio-8080-exec-4] o.s.w.s.handler.SimpleUrlHandlerMapping  : Mapped to ParameterizableViewController [view="login"]
2026-06-05T11:25:43.935-03:00 TRACE 1976 --- [libraryapi] [http-nio-8080-exec-4] o.s.s.w.header.writers.HstsHeaderWriter  : Not injecting HSTS header since it did not match request to [Is Secure]
2026-06-05T11:25:43.938-03:00 DEBUG 1976 --- [libraryapi] [http-nio-8080-exec-4] o.s.web.servlet.DispatcherServlet        : Completed 200 OK
2026-06-05T11:25:43.938-03:00 TRACE 1976 --- [libraryapi] [http-nio-8080-exec-4] o.s.s.w.a.AnonymousAuthenticationFilter  : Set SecurityContextHolder to AnonymousAuthenticationToken [Principal=anonymousUser, Credentials=[PROTECTED], Authenticated=true, Details=WebAuthenticationDetails [RemoteIpAddress=0:0:0:0:0:0:0:1, SessionId=F3296DA0D53C32DD55005B9DFF5C7EC6], Granted Authorities=[ROLE_ANONYMOUS]]
2026-06-05T11:25:48.883-03:00 TRACE 1976 --- [libraryapi] [http-nio-8080-exec-6] o.s.security.web.FilterChainProxy        : Trying to match request against DefaultSecurityFilterChain [RequestMatcher=Deferred [Mvc [pattern='/v2/api-docs/**'], Ant [pattern='/v2/api-docs/**']], Filters=[]] (1/8)
2026-06-05T11:25:48.884-03:00 TRACE 1976 --- [libraryapi] [http-nio-8080-exec-6] o.s.security.web.FilterChainProxy        : Trying to match request against DefaultSecurityFilterChain [RequestMatcher=Deferred [Mvc [pattern='v3/api-docs/**'], Ant [pattern='v3/api-docs/**']], Filters=[]] (2/8)
2026-06-05T11:25:48.884-03:00 TRACE 1976 --- [libraryapi] [http-nio-8080-exec-6] o.s.security.web.FilterChainProxy        : Trying to match request against DefaultSecurityFilterChain [RequestMatcher=Deferred [Mvc [pattern='/swagger-resource/**'], Ant [pattern='/swagger-resource/**']], Filters=[]] (3/8)
2026-06-05T11:25:48.884-03:00 TRACE 1976 --- [libraryapi] [http-nio-8080-exec-6] o.s.security.web.FilterChainProxy        : Trying to match request against DefaultSecurityFilterChain [RequestMatcher=Deferred [Mvc [pattern='/swagger-ui.html'], Ant [pattern='/swagger-ui.html']], Filters=[]] (4/8)
2026-06-05T11:25:48.886-03:00 TRACE 1976 --- [libraryapi] [http-nio-8080-exec-6] o.s.security.web.FilterChainProxy        : Trying to match request against DefaultSecurityFilterChain [RequestMatcher=Deferred [Mvc [pattern='/swagger-ui/**'], Ant [pattern='/swagger-ui/**']], Filters=[]] (5/8)
2026-06-05T11:25:48.886-03:00 TRACE 1976 --- [libraryapi] [http-nio-8080-exec-6] o.s.security.web.FilterChainProxy        : Trying to match request against DefaultSecurityFilterChain [RequestMatcher=Deferred [Mvc [pattern='/webjars/**'], Ant [pattern='/webjars/**']], Filters=[]] (6/8)
2026-06-05T11:25:48.886-03:00 TRACE 1976 --- [libraryapi] [http-nio-8080-exec-6] o.s.security.web.FilterChainProxy        : Trying to match request against DefaultSecurityFilterChain [RequestMatcher=org.springframework.security.oauth2.server.authorization.config.annotation.web.configurers.OAuth2AuthorizationServerConfigurer$$Lambda/0x000001b128a7d630@36642182, Filters=[org.springframework.security.web.session.DisableEncodeUrlFilter@2e08b61c, org.springframework.security.web.context.request.async.WebAsyncManagerIntegrationFilter@2d890959, org.springframework.security.web.context.SecurityContextHolderFilter@47970962, org.springframework.security.oauth2.server.authorization.config.annotation.web.configurers.AuthorizationServerContextFilter@75c90ec5, org.springframework.security.web.header.HeaderWriterFilter@5a4f7911, org.springframework.security.web.csrf.CsrfFilter@ddca64d, org.springframework.security.oauth2.server.authorization.oidc.web.OidcLogoutEndpointFilter@7fef75e1, org.springframework.security.web.authentication.logout.LogoutFilter@7db644d5, org.springframework.security.oauth2.server.authorization.web.OAuth2AuthorizationServerMetadataEndpointFilter@4e9ab294, org.springframework.security.oauth2.server.authorization.web.OAuth2AuthorizationEndpointFilter@10cae98c, org.springframework.security.oauth2.server.authorization.web.OAuth2DeviceVerificationEndpointFilter@4d13b552, org.springframework.security.oauth2.server.authorization.oidc.web.OidcProviderConfigurationEndpointFilter@42be0eca, org.springframework.security.oauth2.server.authorization.web.NimbusJwkSetEndpointFilter@6c6a7553, org.springframework.security.oauth2.server.authorization.web.OAuth2ClientAuthenticationFilter@5f709e71, org.springframework.security.web.authentication.UsernamePasswordAuthenticationFilter@c534814, org.springframework.security.oauth2.server.resource.web.authentication.BearerTokenAuthenticationFilter@49dce561, org.springframework.security.web.savedrequest.RequestCacheAwareFilter@286b48ce, org.springframework.security.web.servletapi.SecurityContextHolderAwareRequestFilter@73f83bff, org.springframework.security.web.authentication.AnonymousAuthenticationFilter@2414aed6, org.springframework.security.web.access.ExceptionTranslationFilter@446b74b9, org.springframework.security.web.access.intercept.AuthorizationFilter@5e05f3eb, org.springframework.security.oauth2.server.authorization.web.OAuth2TokenEndpointFilter@7ba821ef, org.springframework.security.oauth2.server.authorization.web.OAuth2TokenIntrospectionEndpointFilter@7ee45cbe, org.springframework.security.oauth2.server.authorization.web.OAuth2TokenRevocationEndpointFilter@41fc5625, org.springframework.security.oauth2.server.authorization.web.OAuth2DeviceAuthorizationEndpointFilter@611c9d31, org.springframework.security.oauth2.server.authorization.oidc.web.OidcUserInfoEndpointFilter@751df26c]] (7/8)
2026-06-05T11:25:48.887-03:00 TRACE 1976 --- [libraryapi] [http-nio-8080-exec-6] o.s.security.web.FilterChainProxy        : Trying to match request against DefaultSecurityFilterChain [RequestMatcher=any request, Filters=[org.springframework.security.web.session.DisableEncodeUrlFilter@20ab15, org.springframework.security.web.context.request.async.WebAsyncManagerIntegrationFilter@2f6bd76d, org.springframework.security.web.context.SecurityContextHolderFilter@5e8ec0d9, org.springframework.security.web.header.HeaderWriterFilter@57fd93f9, org.springframework.security.web.authentication.logout.LogoutFilter@283eb984, org.springframework.security.oauth2.client.web.OAuth2AuthorizationRequestRedirectFilter@335aac7a, org.springframework.security.oauth2.client.web.OAuth2LoginAuthenticationFilter@4cc1f8d3, org.springframework.security.web.authentication.UsernamePasswordAuthenticationFilter@4913465d, org.springframework.security.oauth2.server.resource.web.authentication.BearerTokenAuthenticationFilter@2a9eb44d, com.github.iuryrayam.libraryapi.security.JwtCustomAuthenticationFilter@51a73873, org.springframework.security.web.savedrequest.RequestCacheAwareFilter@1a7f6678, org.springframework.security.web.servletapi.SecurityContextHolderAwareRequestFilter@3b47178c, org.springframework.security.web.authentication.AnonymousAuthenticationFilter@5c6e1277, org.springframework.security.web.access.ExceptionTranslationFilter@3e43fb40, org.springframework.security.web.access.intercept.AuthorizationFilter@3b4e0786]] (8/8)
2026-06-05T11:25:48.887-03:00 DEBUG 1976 --- [libraryapi] [http-nio-8080-exec-6] o.s.security.web.FilterChainProxy        : Securing POST /login
2026-06-05T11:25:48.887-03:00 TRACE 1976 --- [libraryapi] [http-nio-8080-exec-6] o.s.security.web.FilterChainProxy        : Invoking DisableEncodeUrlFilter (1/15)
2026-06-05T11:25:48.887-03:00 TRACE 1976 --- [libraryapi] [http-nio-8080-exec-6] o.s.security.web.FilterChainProxy        : Invoking WebAsyncManagerIntegrationFilter (2/15)
2026-06-05T11:25:48.887-03:00 TRACE 1976 --- [libraryapi] [http-nio-8080-exec-6] o.s.security.web.FilterChainProxy        : Invoking SecurityContextHolderFilter (3/15)
2026-06-05T11:25:48.888-03:00 TRACE 1976 --- [libraryapi] [http-nio-8080-exec-6] o.s.security.web.FilterChainProxy        : Invoking HeaderWriterFilter (4/15)
2026-06-05T11:25:48.888-03:00 TRACE 1976 --- [libraryapi] [http-nio-8080-exec-6] o.s.security.web.FilterChainProxy        : Invoking LogoutFilter (5/15)
2026-06-05T11:25:48.888-03:00 TRACE 1976 --- [libraryapi] [http-nio-8080-exec-6] o.s.s.w.a.logout.LogoutFilter            : Did not match request to Or [Ant [pattern='/logout', GET], Ant [pattern='/logout', POST], Ant [pattern='/logout', PUT], Ant [pattern='/logout', DELETE]]
2026-06-05T11:25:48.888-03:00 TRACE 1976 --- [libraryapi] [http-nio-8080-exec-6] o.s.security.web.FilterChainProxy        : Invoking OAuth2AuthorizationRequestRedirectFilter (6/15)
2026-06-05T11:25:48.889-03:00 TRACE 1976 --- [libraryapi] [http-nio-8080-exec-6] o.s.security.web.FilterChainProxy        : Invoking OAuth2LoginAuthenticationFilter (7/15)
2026-06-05T11:25:48.889-03:00 TRACE 1976 --- [libraryapi] [http-nio-8080-exec-6] .s.o.c.w.OAuth2LoginAuthenticationFilter : Did not match request to Ant [pattern='/login/oauth2/code/*']
2026-06-05T11:25:48.889-03:00 TRACE 1976 --- [libraryapi] [http-nio-8080-exec-6] o.s.security.web.FilterChainProxy        : Invoking UsernamePasswordAuthenticationFilter (8/15)
2026-06-05T11:25:48.889-03:00 TRACE 1976 --- [libraryapi] [http-nio-8080-exec-6] o.s.s.authentication.ProviderManager     : Authenticating request with CustomAuthenticationProvider (1/1)
2026-06-05T11:25:48.990-03:00 TRACE 1976 --- [libraryapi] [http-nio-8080-exec-6] s.CompositeSessionAuthenticationStrategy : Preparing session with ChangeSessionIdAuthenticationStrategy (1/1)
2026-06-05T11:25:48.990-03:00 DEBUG 1976 --- [libraryapi] [http-nio-8080-exec-6] .s.ChangeSessionIdAuthenticationStrategy : Changed session id from F3296DA0D53C32DD55005B9DFF5C7EC6
2026-06-05T11:25:48.992-03:00 DEBUG 1976 --- [libraryapi] [http-nio-8080-exec-6] w.c.HttpSessionSecurityContextRepository : Stored SecurityContextImpl [Authentication=com.github.iuryrayam.libraryapi.security.CustomAuthentication@3f48c468] to HttpSession [org.apache.catalina.session.StandardSessionFacade@2c0b036]
2026-06-05T11:25:48.992-03:00 DEBUG 1976 --- [libraryapi] [http-nio-8080-exec-6] w.a.UsernamePasswordAuthenticationFilter : Set SecurityContextHolder to com.github.iuryrayam.libraryapi.security.CustomAuthentication@3f48c468
2026-06-05T11:25:48.992-03:00 DEBUG 1976 --- [libraryapi] [http-nio-8080-exec-6] o.s.s.web.DefaultRedirectStrategy        : Redirecting to http://localhost:8080/oauth2/authorize?response_type=code&client_id=meu-client&redirect_uri=http%3A%2F%2Flocalhost%3A8080%2Fauthorized&continue
2026-06-05T11:25:48.994-03:00 TRACE 1976 --- [libraryapi] [http-nio-8080-exec-6] o.s.s.w.header.writers.HstsHeaderWriter  : Not injecting HSTS header since it did not match request to [Is Secure]
2026-06-05T11:25:49.002-03:00 TRACE 1976 --- [libraryapi] [http-nio-8080-exec-10] o.s.security.web.FilterChainProxy        : Trying to match request against DefaultSecurityFilterChain [RequestMatcher=Deferred [Mvc [pattern='/v2/api-docs/**'], Ant [pattern='/v2/api-docs/**']], Filters=[]] (1/8)
2026-06-05T11:25:49.003-03:00 TRACE 1976 --- [libraryapi] [http-nio-8080-exec-10] o.s.security.web.FilterChainProxy        : Trying to match request against DefaultSecurityFilterChain [RequestMatcher=Deferred [Mvc [pattern='v3/api-docs/**'], Ant [pattern='v3/api-docs/**']], Filters=[]] (2/8)
2026-06-05T11:25:49.003-03:00 TRACE 1976 --- [libraryapi] [http-nio-8080-exec-10] o.s.security.web.FilterChainProxy        : Trying to match request against DefaultSecurityFilterChain [RequestMatcher=Deferred [Mvc [pattern='/swagger-resource/**'], Ant [pattern='/swagger-resource/**']], Filters=[]] (3/8)
2026-06-05T11:25:49.003-03:00 TRACE 1976 --- [libraryapi] [http-nio-8080-exec-10] o.s.security.web.FilterChainProxy        : Trying to match request against DefaultSecurityFilterChain [RequestMatcher=Deferred [Mvc [pattern='/swagger-ui.html'], Ant [pattern='/swagger-ui.html']], Filters=[]] (4/8)
2026-06-05T11:25:49.003-03:00 TRACE 1976 --- [libraryapi] [http-nio-8080-exec-10] o.s.security.web.FilterChainProxy        : Trying to match request against DefaultSecurityFilterChain [RequestMatcher=Deferred [Mvc [pattern='/swagger-ui/**'], Ant [pattern='/swagger-ui/**']], Filters=[]] (5/8)
2026-06-05T11:25:49.004-03:00 TRACE 1976 --- [libraryapi] [http-nio-8080-exec-10] o.s.security.web.FilterChainProxy        : Trying to match request against DefaultSecurityFilterChain [RequestMatcher=Deferred [Mvc [pattern='/webjars/**'], Ant [pattern='/webjars/**']], Filters=[]] (6/8)
2026-06-05T11:25:49.004-03:00 TRACE 1976 --- [libraryapi] [http-nio-8080-exec-10] o.s.security.web.FilterChainProxy        : Trying to match request against DefaultSecurityFilterChain [RequestMatcher=org.springframework.security.oauth2.server.authorization.config.annotation.web.configurers.OAuth2AuthorizationServerConfigurer$$Lambda/0x000001b128a7d630@36642182, Filters=[org.springframework.security.web.session.DisableEncodeUrlFilter@2e08b61c, org.springframework.security.web.context.request.async.WebAsyncManagerIntegrationFilter@2d890959, org.springframework.security.web.context.SecurityContextHolderFilter@47970962, org.springframework.security.oauth2.server.authorization.config.annotation.web.configurers.AuthorizationServerContextFilter@75c90ec5, org.springframework.security.web.header.HeaderWriterFilter@5a4f7911, org.springframework.security.web.csrf.CsrfFilter@ddca64d, org.springframework.security.oauth2.server.authorization.oidc.web.OidcLogoutEndpointFilter@7fef75e1, org.springframework.security.web.authentication.logout.LogoutFilter@7db644d5, org.springframework.security.oauth2.server.authorization.web.OAuth2AuthorizationServerMetadataEndpointFilter@4e9ab294, org.springframework.security.oauth2.server.authorization.web.OAuth2AuthorizationEndpointFilter@10cae98c, org.springframework.security.oauth2.server.authorization.web.OAuth2DeviceVerificationEndpointFilter@4d13b552, org.springframework.security.oauth2.server.authorization.oidc.web.OidcProviderConfigurationEndpointFilter@42be0eca, org.springframework.security.oauth2.server.authorization.web.NimbusJwkSetEndpointFilter@6c6a7553, org.springframework.security.oauth2.server.authorization.web.OAuth2ClientAuthenticationFilter@5f709e71, org.springframework.security.web.authentication.UsernamePasswordAuthenticationFilter@c534814, org.springframework.security.oauth2.server.resource.web.authentication.BearerTokenAuthenticationFilter@49dce561, org.springframework.security.web.savedrequest.RequestCacheAwareFilter@286b48ce, org.springframework.security.web.servletapi.SecurityContextHolderAwareRequestFilter@73f83bff, org.springframework.security.web.authentication.AnonymousAuthenticationFilter@2414aed6, org.springframework.security.web.access.ExceptionTranslationFilter@446b74b9, org.springframework.security.web.access.intercept.AuthorizationFilter@5e05f3eb, org.springframework.security.oauth2.server.authorization.web.OAuth2TokenEndpointFilter@7ba821ef, org.springframework.security.oauth2.server.authorization.web.OAuth2TokenIntrospectionEndpointFilter@7ee45cbe, org.springframework.security.oauth2.server.authorization.web.OAuth2TokenRevocationEndpointFilter@41fc5625, org.springframework.security.oauth2.server.authorization.web.OAuth2DeviceAuthorizationEndpointFilter@611c9d31, org.springframework.security.oauth2.server.authorization.oidc.web.OidcUserInfoEndpointFilter@751df26c]] (7/8)
2026-06-05T11:25:49.005-03:00 DEBUG 1976 --- [libraryapi] [http-nio-8080-exec-10] o.s.security.web.FilterChainProxy        : Securing GET /oauth2/authorize?response_type=code&client_id=meu-client&redirect_uri=http%3A%2F%2Flocalhost%3A8080%2Fauthorized&continue
2026-06-05T11:25:49.005-03:00 TRACE 1976 --- [libraryapi] [http-nio-8080-exec-10] o.s.security.web.FilterChainProxy        : Invoking DisableEncodeUrlFilter (1/26)
2026-06-05T11:25:49.005-03:00 TRACE 1976 --- [libraryapi] [http-nio-8080-exec-10] o.s.security.web.FilterChainProxy        : Invoking WebAsyncManagerIntegrationFilter (2/26)
2026-06-05T11:25:49.006-03:00 TRACE 1976 --- [libraryapi] [http-nio-8080-exec-10] o.s.security.web.FilterChainProxy        : Invoking SecurityContextHolderFilter (3/26)
2026-06-05T11:25:49.006-03:00 TRACE 1976 --- [libraryapi] [http-nio-8080-exec-10] o.s.security.web.FilterChainProxy        : Invoking AuthorizationServerContextFilter (4/26)
2026-06-05T11:25:49.006-03:00 TRACE 1976 --- [libraryapi] [http-nio-8080-exec-10] o.s.security.web.FilterChainProxy        : Invoking HeaderWriterFilter (5/26)
2026-06-05T11:25:49.006-03:00 TRACE 1976 --- [libraryapi] [http-nio-8080-exec-10] o.s.security.web.FilterChainProxy        : Invoking CsrfFilter (6/26)
2026-06-05T11:25:49.006-03:00 TRACE 1976 --- [libraryapi] [http-nio-8080-exec-10] o.s.security.web.csrf.CsrfFilter         : Did not protect against CSRF since request did not match And [CsrfNotRequired [TRACE, HEAD, GET, OPTIONS], Not [Or [org.springframework.security.oauth2.server.authorization.config.annotation.web.configurers.OAuth2AuthorizationServerConfigurer$$Lambda/0x000001b128a7d630@36642182, org.springframework.security.config.annotation.web.configurers.oauth2.server.resource.OAuth2ResourceServerConfigurer$BearerTokenRequestMatcher@6375af2a]]]
2026-06-05T11:25:49.006-03:00 TRACE 1976 --- [libraryapi] [http-nio-8080-exec-10] o.s.security.web.FilterChainProxy        : Invoking OidcLogoutEndpointFilter (7/26)
2026-06-05T11:25:49.007-03:00 TRACE 1976 --- [libraryapi] [http-nio-8080-exec-10] o.s.security.web.FilterChainProxy        : Invoking LogoutFilter (8/26)
2026-06-05T11:25:49.007-03:00 TRACE 1976 --- [libraryapi] [http-nio-8080-exec-10] o.s.s.w.a.logout.LogoutFilter            : Did not match request to Ant [pattern='/logout', POST]
2026-06-05T11:25:49.007-03:00 TRACE 1976 --- [libraryapi] [http-nio-8080-exec-10] o.s.security.web.FilterChainProxy        : Invoking OAuth2AuthorizationServerMetadataEndpointFilter (9/26)
2026-06-05T11:25:49.007-03:00 TRACE 1976 --- [libraryapi] [http-nio-8080-exec-10] o.s.security.web.FilterChainProxy        : Invoking OAuth2AuthorizationEndpointFilter (10/26)
2026-06-05T11:25:49.007-03:00 TRACE 1976 --- [libraryapi] [http-nio-8080-exec-10] w.c.HttpSessionSecurityContextRepository : Retrieved SecurityContextImpl [Authentication=com.github.iuryrayam.libraryapi.security.CustomAuthentication@3f48c468] from SPRING_SECURITY_CONTEXT
2026-06-05T11:25:49.008-03:00 TRACE 1976 --- [libraryapi] [http-nio-8080-exec-10] o.s.s.authentication.ProviderManager     : Authenticating request with OAuth2AuthorizationCodeRequestAuthenticationProvider (1/20)
2026-06-05T11:25:49.013-03:00 TRACE 1976 --- [libraryapi] [http-nio-8080-exec-10] izationCodeRequestAuthenticationProvider : Retrieved registered client
2026-06-05T11:25:49.014-03:00 TRACE 1976 --- [libraryapi] [http-nio-8080-exec-10] izationCodeRequestAuthenticationProvider : Validated authorization code request parameters
2026-06-05T11:25:49.022-03:00 TRACE 1976 --- [libraryapi] [http-nio-8080-exec-10] izationCodeRequestAuthenticationProvider : Generated authorization code
2026-06-05T11:25:49.023-03:00 TRACE 1976 --- [libraryapi] [http-nio-8080-exec-10] izationCodeRequestAuthenticationProvider : Saved authorization
2026-06-05T11:25:49.023-03:00 TRACE 1976 --- [libraryapi] [http-nio-8080-exec-10] izationCodeRequestAuthenticationProvider : Authenticated authorization code request
2026-06-05T11:25:49.024-03:00 DEBUG 1976 --- [libraryapi] [http-nio-8080-exec-10] o.s.s.web.DefaultRedirectStrategy        : Redirecting to http://localhost:8080/authorized?code=VlVrwppg3jUTxyJ3cxyy1wWMzYiGgZLQ0GOHjgaljo8UT3hDf1S-KX0d-9BCCodXBjb7_cX0IwfY-LcUEUUxQgGoYZkOTI3UNvq2HowFwgUBLhyH5mcNgRIOQiPYOcBE
2026-06-05T11:25:49.024-03:00 TRACE 1976 --- [libraryapi] [http-nio-8080-exec-10] o.s.s.w.header.writers.HstsHeaderWriter  : Not injecting HSTS header since it did not match request to [Is Secure]
2026-06-05T11:25:49.365-03:00 TRACE 1976 --- [libraryapi] [http-nio-8080-exec-3] o.s.security.web.FilterChainProxy        : Trying to match request against DefaultSecurityFilterChain [RequestMatcher=Deferred [Mvc [pattern='/v2/api-docs/**'], Ant [pattern='/v2/api-docs/**']], Filters=[]] (1/8)
2026-06-05T11:25:49.366-03:00 TRACE 1976 --- [libraryapi] [http-nio-8080-exec-3] o.s.security.web.FilterChainProxy        : Trying to match request against DefaultSecurityFilterChain [RequestMatcher=Deferred [Mvc [pattern='v3/api-docs/**'], Ant [pattern='v3/api-docs/**']], Filters=[]] (2/8)
2026-06-05T11:25:49.366-03:00 TRACE 1976 --- [libraryapi] [http-nio-8080-exec-3] o.s.security.web.FilterChainProxy        : Trying to match request against DefaultSecurityFilterChain [RequestMatcher=Deferred [Mvc [pattern='/swagger-resource/**'], Ant [pattern='/swagger-resource/**']], Filters=[]] (3/8)
2026-06-05T11:25:49.366-03:00 TRACE 1976 --- [libraryapi] [http-nio-8080-exec-3] o.s.security.web.FilterChainProxy        : Trying to match request against DefaultSecurityFilterChain [RequestMatcher=Deferred [Mvc [pattern='/swagger-ui.html'], Ant [pattern='/swagger-ui.html']], Filters=[]] (4/8)
2026-06-05T11:25:49.366-03:00 TRACE 1976 --- [libraryapi] [http-nio-8080-exec-3] o.s.security.web.FilterChainProxy        : Trying to match request against DefaultSecurityFilterChain [RequestMatcher=Deferred [Mvc [pattern='/swagger-ui/**'], Ant [pattern='/swagger-ui/**']], Filters=[]] (5/8)
2026-06-05T11:25:49.366-03:00 TRACE 1976 --- [libraryapi] [http-nio-8080-exec-3] o.s.security.web.FilterChainProxy        : Trying to match request against DefaultSecurityFilterChain [RequestMatcher=Deferred [Mvc [pattern='/webjars/**'], Ant [pattern='/webjars/**']], Filters=[]] (6/8)
2026-06-05T11:25:49.367-03:00 TRACE 1976 --- [libraryapi] [http-nio-8080-exec-3] o.s.security.web.FilterChainProxy        : Trying to match request against DefaultSecurityFilterChain [RequestMatcher=org.springframework.security.oauth2.server.authorization.config.annotation.web.configurers.OAuth2AuthorizationServerConfigurer$$Lambda/0x000001b128a7d630@36642182, Filters=[org.springframework.security.web.session.DisableEncodeUrlFilter@2e08b61c, org.springframework.security.web.context.request.async.WebAsyncManagerIntegrationFilter@2d890959, org.springframework.security.web.context.SecurityContextHolderFilter@47970962, org.springframework.security.oauth2.server.authorization.config.annotation.web.configurers.AuthorizationServerContextFilter@75c90ec5, org.springframework.security.web.header.HeaderWriterFilter@5a4f7911, org.springframework.security.web.csrf.CsrfFilter@ddca64d, org.springframework.security.oauth2.server.authorization.oidc.web.OidcLogoutEndpointFilter@7fef75e1, org.springframework.security.web.authentication.logout.LogoutFilter@7db644d5, org.springframework.security.oauth2.server.authorization.web.OAuth2AuthorizationServerMetadataEndpointFilter@4e9ab294, org.springframework.security.oauth2.server.authorization.web.OAuth2AuthorizationEndpointFilter@10cae98c, org.springframework.security.oauth2.server.authorization.web.OAuth2DeviceVerificationEndpointFilter@4d13b552, org.springframework.security.oauth2.server.authorization.oidc.web.OidcProviderConfigurationEndpointFilter@42be0eca, org.springframework.security.oauth2.server.authorization.web.NimbusJwkSetEndpointFilter@6c6a7553, org.springframework.security.oauth2.server.authorization.web.OAuth2ClientAuthenticationFilter@5f709e71, org.springframework.security.web.authentication.UsernamePasswordAuthenticationFilter@c534814, org.springframework.security.oauth2.server.resource.web.authentication.BearerTokenAuthenticationFilter@49dce561, org.springframework.security.web.savedrequest.RequestCacheAwareFilter@286b48ce, org.springframework.security.web.servletapi.SecurityContextHolderAwareRequestFilter@73f83bff, org.springframework.security.web.authentication.AnonymousAuthenticationFilter@2414aed6, org.springframework.security.web.access.ExceptionTranslationFilter@446b74b9, org.springframework.security.web.access.intercept.AuthorizationFilter@5e05f3eb, org.springframework.security.oauth2.server.authorization.web.OAuth2TokenEndpointFilter@7ba821ef, org.springframework.security.oauth2.server.authorization.web.OAuth2TokenIntrospectionEndpointFilter@7ee45cbe, org.springframework.security.oauth2.server.authorization.web.OAuth2TokenRevocationEndpointFilter@41fc5625, org.springframework.security.oauth2.server.authorization.web.OAuth2DeviceAuthorizationEndpointFilter@611c9d31, org.springframework.security.oauth2.server.authorization.oidc.web.OidcUserInfoEndpointFilter@751df26c]] (7/8)
2026-06-05T11:25:49.367-03:00 DEBUG 1976 --- [libraryapi] [http-nio-8080-exec-3] o.s.security.web.FilterChainProxy        : Securing POST /oauth2/token
2026-06-05T11:25:49.367-03:00 TRACE 1976 --- [libraryapi] [http-nio-8080-exec-3] o.s.security.web.FilterChainProxy        : Invoking DisableEncodeUrlFilter (1/26)
2026-06-05T11:25:49.367-03:00 TRACE 1976 --- [libraryapi] [http-nio-8080-exec-3] o.s.security.web.FilterChainProxy        : Invoking WebAsyncManagerIntegrationFilter (2/26)
2026-06-05T11:25:49.367-03:00 TRACE 1976 --- [libraryapi] [http-nio-8080-exec-3] o.s.security.web.FilterChainProxy        : Invoking SecurityContextHolderFilter (3/26)
2026-06-05T11:25:49.367-03:00 TRACE 1976 --- [libraryapi] [http-nio-8080-exec-3] o.s.security.web.FilterChainProxy        : Invoking AuthorizationServerContextFilter (4/26)
2026-06-05T11:25:49.367-03:00 TRACE 1976 --- [libraryapi] [http-nio-8080-exec-3] o.s.security.web.FilterChainProxy        : Invoking HeaderWriterFilter (5/26)
2026-06-05T11:25:49.367-03:00 TRACE 1976 --- [libraryapi] [http-nio-8080-exec-3] o.s.security.web.FilterChainProxy        : Invoking CsrfFilter (6/26)
2026-06-05T11:25:49.368-03:00 TRACE 1976 --- [libraryapi] [http-nio-8080-exec-3] o.s.security.web.csrf.CsrfFilter         : Did not protect against CSRF since request did not match And [CsrfNotRequired [TRACE, HEAD, GET, OPTIONS], Not [Or [org.springframework.security.oauth2.server.authorization.config.annotation.web.configurers.OAuth2AuthorizationServerConfigurer$$Lambda/0x000001b128a7d630@36642182, org.springframework.security.config.annotation.web.configurers.oauth2.server.resource.OAuth2ResourceServerConfigurer$BearerTokenRequestMatcher@6375af2a]]]
2026-06-05T11:25:49.368-03:00 TRACE 1976 --- [libraryapi] [http-nio-8080-exec-3] o.s.security.web.FilterChainProxy        : Invoking OidcLogoutEndpointFilter (7/26)
2026-06-05T11:25:49.368-03:00 TRACE 1976 --- [libraryapi] [http-nio-8080-exec-3] o.s.security.web.FilterChainProxy        : Invoking LogoutFilter (8/26)
2026-06-05T11:25:49.368-03:00 TRACE 1976 --- [libraryapi] [http-nio-8080-exec-3] o.s.s.w.a.logout.LogoutFilter            : Did not match request to Ant [pattern='/logout', POST]
2026-06-05T11:25:49.368-03:00 TRACE 1976 --- [libraryapi] [http-nio-8080-exec-3] o.s.security.web.FilterChainProxy        : Invoking OAuth2AuthorizationServerMetadataEndpointFilter (9/26)
2026-06-05T11:25:49.368-03:00 TRACE 1976 --- [libraryapi] [http-nio-8080-exec-3] o.s.security.web.FilterChainProxy        : Invoking OAuth2AuthorizationEndpointFilter (10/26)
2026-06-05T11:25:49.368-03:00 TRACE 1976 --- [libraryapi] [http-nio-8080-exec-3] o.s.security.web.FilterChainProxy        : Invoking OAuth2DeviceVerificationEndpointFilter (11/26)
2026-06-05T11:25:49.368-03:00 TRACE 1976 --- [libraryapi] [http-nio-8080-exec-3] o.s.security.web.FilterChainProxy        : Invoking OidcProviderConfigurationEndpointFilter (12/26)
2026-06-05T11:25:49.368-03:00 TRACE 1976 --- [libraryapi] [http-nio-8080-exec-3] o.s.security.web.FilterChainProxy        : Invoking NimbusJwkSetEndpointFilter (13/26)
2026-06-05T11:25:49.369-03:00 TRACE 1976 --- [libraryapi] [http-nio-8080-exec-3] o.s.security.web.FilterChainProxy        : Invoking OAuth2ClientAuthenticationFilter (14/26)
2026-06-05T11:25:49.370-03:00 TRACE 1976 --- [libraryapi] [http-nio-8080-exec-3] o.s.s.authentication.ProviderManager     : Authenticating request with JwtClientAssertionAuthenticationProvider (1/20)
2026-06-05T11:25:49.370-03:00 TRACE 1976 --- [libraryapi] [http-nio-8080-exec-3] o.s.s.authentication.ProviderManager     : Authenticating request with X509ClientCertificateAuthenticationProvider (2/20)
2026-06-05T11:25:49.370-03:00 TRACE 1976 --- [libraryapi] [http-nio-8080-exec-3] o.s.s.authentication.ProviderManager     : Authenticating request with ClientSecretAuthenticationProvider (3/20)
2026-06-05T11:25:49.375-03:00 TRACE 1976 --- [libraryapi] [http-nio-8080-exec-3] s.a.a.ClientSecretAuthenticationProvider : Retrieved registered client
2026-06-05T11:25:49.452-03:00 TRACE 1976 --- [libraryapi] [http-nio-8080-exec-3] s.a.a.ClientSecretAuthenticationProvider : Validated client authentication parameters
2026-06-05T11:25:49.453-03:00 TRACE 1976 --- [libraryapi] [http-nio-8080-exec-3] o.s.s.o.s.a.a.CodeVerifierAuthenticator  : Retrieved authorization with authorization code
2026-06-05T11:25:49.453-03:00 TRACE 1976 --- [libraryapi] [http-nio-8080-exec-3] o.s.s.o.s.a.a.CodeVerifierAuthenticator  : Did not authenticate code verifier since requireProofKey=false
2026-06-05T11:25:49.453-03:00 TRACE 1976 --- [libraryapi] [http-nio-8080-exec-3] s.a.a.ClientSecretAuthenticationProvider : Authenticated client secret
2026-06-05T11:25:49.454-03:00 DEBUG 1976 --- [libraryapi] [http-nio-8080-exec-3] o.s.a.w.OAuth2ClientAuthenticationFilter : Set SecurityContextHolder authentication to OAuth2ClientAuthenticationToken
2026-06-05T11:25:49.454-03:00 TRACE 1976 --- [libraryapi] [http-nio-8080-exec-3] o.s.security.web.FilterChainProxy        : Invoking UsernamePasswordAuthenticationFilter (15/26)
2026-06-05T11:25:49.454-03:00 TRACE 1976 --- [libraryapi] [http-nio-8080-exec-3] w.a.UsernamePasswordAuthenticationFilter : Did not match request to Ant [pattern='/login', POST]
2026-06-05T11:25:49.454-03:00 TRACE 1976 --- [libraryapi] [http-nio-8080-exec-3] o.s.security.web.FilterChainProxy        : Invoking BearerTokenAuthenticationFilter (16/26)
2026-06-05T11:25:49.455-03:00 TRACE 1976 --- [libraryapi] [http-nio-8080-exec-3] .s.r.w.a.BearerTokenAuthenticationFilter : Did not process request since did not find bearer token
2026-06-05T11:25:49.455-03:00 TRACE 1976 --- [libraryapi] [http-nio-8080-exec-3] o.s.security.web.FilterChainProxy        : Invoking RequestCacheAwareFilter (17/26)
2026-06-05T11:25:49.455-03:00 TRACE 1976 --- [libraryapi] [http-nio-8080-exec-3] o.s.s.w.s.HttpSessionRequestCache        : matchingRequestParameterName is required for getMatchingRequest to lookup a value, but not provided
2026-06-05T11:25:49.455-03:00 TRACE 1976 --- [libraryapi] [http-nio-8080-exec-3] o.s.security.web.FilterChainProxy        : Invoking SecurityContextHolderAwareRequestFilter (18/26)
2026-06-05T11:25:49.455-03:00 TRACE 1976 --- [libraryapi] [http-nio-8080-exec-3] o.s.security.web.FilterChainProxy        : Invoking AnonymousAuthenticationFilter (19/26)
2026-06-05T11:25:49.455-03:00 TRACE 1976 --- [libraryapi] [http-nio-8080-exec-3] o.s.security.web.FilterChainProxy        : Invoking ExceptionTranslationFilter (20/26)
2026-06-05T11:25:49.456-03:00 TRACE 1976 --- [libraryapi] [http-nio-8080-exec-3] o.s.security.web.FilterChainProxy        : Invoking AuthorizationFilter (21/26)
2026-06-05T11:25:49.456-03:00 TRACE 1976 --- [libraryapi] [http-nio-8080-exec-3] estMatcherDelegatingAuthorizationManager : Authorizing POST /oauth2/token
2026-06-05T11:25:49.456-03:00 TRACE 1976 --- [libraryapi] [http-nio-8080-exec-3] estMatcherDelegatingAuthorizationManager : Checking authorization on POST /oauth2/token using org.springframework.security.authorization.AuthenticatedAuthorizationManager@6b40e0cc
2026-06-05T11:25:49.457-03:00 TRACE 1976 --- [libraryapi] [http-nio-8080-exec-3] o.s.s.w.a.AnonymousAuthenticationFilter  : Did not set SecurityContextHolder since already authenticated OAuth2ClientAuthenticationToken [Principal=meu-client, Credentials=[PROTECTED], Authenticated=true, Details=WebAuthenticationDetails [RemoteIpAddress=0:0:0:0:0:0:0:1, SessionId=null], Granted Authorities=[]]
2026-06-05T11:25:49.458-03:00 TRACE 1976 --- [libraryapi] [http-nio-8080-exec-3] o.s.security.web.FilterChainProxy        : Invoking OAuth2TokenEndpointFilter (22/26)
2026-06-05T11:25:49.461-03:00 TRACE 1976 --- [libraryapi] [http-nio-8080-exec-3] o.s.s.authentication.ProviderManager     : Authenticating request with OAuth2AuthorizationCodeAuthenticationProvider (1/20)
2026-06-05T11:25:49.462-03:00 TRACE 1976 --- [libraryapi] [http-nio-8080-exec-3] 2AuthorizationCodeAuthenticationProvider : Retrieved registered client
2026-06-05T11:25:49.462-03:00 TRACE 1976 --- [libraryapi] [http-nio-8080-exec-3] 2AuthorizationCodeAuthenticationProvider : Retrieved authorization with authorization code
2026-06-05T11:25:49.463-03:00 TRACE 1976 --- [libraryapi] [http-nio-8080-exec-3] 2AuthorizationCodeAuthenticationProvider : Validated token request parameters
2026-06-05T11:25:49.559-03:00 TRACE 1976 --- [libraryapi] [http-nio-8080-exec-3] 2AuthorizationCodeAuthenticationProvider : Generated access token
2026-06-05T11:25:49.561-03:00 TRACE 1976 --- [libraryapi] [http-nio-8080-exec-3] 2AuthorizationCodeAuthenticationProvider : Generated refresh token
2026-06-05T11:25:49.562-03:00 TRACE 1976 --- [libraryapi] [http-nio-8080-exec-3] 2AuthorizationCodeAuthenticationProvider : Saved authorization
2026-06-05T11:25:49.562-03:00 TRACE 1976 --- [libraryapi] [http-nio-8080-exec-3] 2AuthorizationCodeAuthenticationProvider : Authenticated token request
2026-06-05T11:25:49.601-03:00 TRACE 1976 --- [libraryapi] [http-nio-8080-exec-3] o.s.s.w.header.writers.HstsHeaderWriter  : Not injecting HSTS header since it did not match request to [Is Secure]
2026-06-05T11:26:02.684-03:00 TRACE 1976 --- [libraryapi] [http-nio-8080-exec-8] o.s.security.web.FilterChainProxy        : Trying to match request against DefaultSecurityFilterChain [RequestMatcher=Deferred [Mvc [pattern='/v2/api-docs/**'], Ant [pattern='/v2/api-docs/**']], Filters=[]] (1/8)
2026-06-05T11:26:02.685-03:00 TRACE 1976 --- [libraryapi] [http-nio-8080-exec-8] o.s.security.web.FilterChainProxy        : Trying to match request against DefaultSecurityFilterChain [RequestMatcher=Deferred [Mvc [pattern='v3/api-docs/**'], Ant [pattern='v3/api-docs/**']], Filters=[]] (2/8)
2026-06-05T11:26:02.685-03:00 TRACE 1976 --- [libraryapi] [http-nio-8080-exec-8] o.s.security.web.FilterChainProxy        : Trying to match request against DefaultSecurityFilterChain [RequestMatcher=Deferred [Mvc [pattern='/swagger-resource/**'], Ant [pattern='/swagger-resource/**']], Filters=[]] (3/8)
2026-06-05T11:26:02.686-03:00 TRACE 1976 --- [libraryapi] [http-nio-8080-exec-8] o.s.security.web.FilterChainProxy        : Trying to match request against DefaultSecurityFilterChain [RequestMatcher=Deferred [Mvc [pattern='/swagger-ui.html'], Ant [pattern='/swagger-ui.html']], Filters=[]] (4/8)
2026-06-05T11:26:02.687-03:00 TRACE 1976 --- [libraryapi] [http-nio-8080-exec-8] o.s.security.web.FilterChainProxy        : Trying to match request against DefaultSecurityFilterChain [RequestMatcher=Deferred [Mvc [pattern='/swagger-ui/**'], Ant [pattern='/swagger-ui/**']], Filters=[]] (5/8)
2026-06-05T11:26:02.687-03:00 TRACE 1976 --- [libraryapi] [http-nio-8080-exec-8] o.s.security.web.FilterChainProxy        : Trying to match request against DefaultSecurityFilterChain [RequestMatcher=Deferred [Mvc [pattern='/webjars/**'], Ant [pattern='/webjars/**']], Filters=[]] (6/8)
2026-06-05T11:26:02.688-03:00 TRACE 1976 --- [libraryapi] [http-nio-8080-exec-8] o.s.security.web.FilterChainProxy        : Trying to match request against DefaultSecurityFilterChain [RequestMatcher=org.springframework.security.oauth2.server.authorization.config.annotation.web.configurers.OAuth2AuthorizationServerConfigurer$$Lambda/0x000001b128a7d630@36642182, Filters=[org.springframework.security.web.session.DisableEncodeUrlFilter@2e08b61c, org.springframework.security.web.context.request.async.WebAsyncManagerIntegrationFilter@2d890959, org.springframework.security.web.context.SecurityContextHolderFilter@47970962, org.springframework.security.oauth2.server.authorization.config.annotation.web.configurers.AuthorizationServerContextFilter@75c90ec5, org.springframework.security.web.header.HeaderWriterFilter@5a4f7911, org.springframework.security.web.csrf.CsrfFilter@ddca64d, org.springframework.security.oauth2.server.authorization.oidc.web.OidcLogoutEndpointFilter@7fef75e1, org.springframework.security.web.authentication.logout.LogoutFilter@7db644d5, org.springframework.security.oauth2.server.authorization.web.OAuth2AuthorizationServerMetadataEndpointFilter@4e9ab294, org.springframework.security.oauth2.server.authorization.web.OAuth2AuthorizationEndpointFilter@10cae98c, org.springframework.security.oauth2.server.authorization.web.OAuth2DeviceVerificationEndpointFilter@4d13b552, org.springframework.security.oauth2.server.authorization.oidc.web.OidcProviderConfigurationEndpointFilter@42be0eca, org.springframework.security.oauth2.server.authorization.web.NimbusJwkSetEndpointFilter@6c6a7553, org.springframework.security.oauth2.server.authorization.web.OAuth2ClientAuthenticationFilter@5f709e71, org.springframework.security.web.authentication.UsernamePasswordAuthenticationFilter@c534814, org.springframework.security.oauth2.server.resource.web.authentication.BearerTokenAuthenticationFilter@49dce561, org.springframework.security.web.savedrequest.RequestCacheAwareFilter@286b48ce, org.springframework.security.web.servletapi.SecurityContextHolderAwareRequestFilter@73f83bff, org.springframework.security.web.authentication.AnonymousAuthenticationFilter@2414aed6, org.springframework.security.web.access.ExceptionTranslationFilter@446b74b9, org.springframework.security.web.access.intercept.AuthorizationFilter@5e05f3eb, org.springframework.security.oauth2.server.authorization.web.OAuth2TokenEndpointFilter@7ba821ef, org.springframework.security.oauth2.server.authorization.web.OAuth2TokenIntrospectionEndpointFilter@7ee45cbe, org.springframework.security.oauth2.server.authorization.web.OAuth2TokenRevocationEndpointFilter@41fc5625, org.springframework.security.oauth2.server.authorization.web.OAuth2DeviceAuthorizationEndpointFilter@611c9d31, org.springframework.security.oauth2.server.authorization.oidc.web.OidcUserInfoEndpointFilter@751df26c]] (7/8)
2026-06-05T11:26:02.689-03:00 TRACE 1976 --- [libraryapi] [http-nio-8080-exec-8] o.s.security.web.FilterChainProxy        : Trying to match request against DefaultSecurityFilterChain [RequestMatcher=any request, Filters=[org.springframework.security.web.session.DisableEncodeUrlFilter@20ab15, org.springframework.security.web.context.request.async.WebAsyncManagerIntegrationFilter@2f6bd76d, org.springframework.security.web.context.SecurityContextHolderFilter@5e8ec0d9, org.springframework.security.web.header.HeaderWriterFilter@57fd93f9, org.springframework.security.web.authentication.logout.LogoutFilter@283eb984, org.springframework.security.oauth2.client.web.OAuth2AuthorizationRequestRedirectFilter@335aac7a, org.springframework.security.oauth2.client.web.OAuth2LoginAuthenticationFilter@4cc1f8d3, org.springframework.security.web.authentication.UsernamePasswordAuthenticationFilter@4913465d, org.springframework.security.oauth2.server.resource.web.authentication.BearerTokenAuthenticationFilter@2a9eb44d, com.github.iuryrayam.libraryapi.security.JwtCustomAuthenticationFilter@51a73873, org.springframework.security.web.savedrequest.RequestCacheAwareFilter@1a7f6678, org.springframework.security.web.servletapi.SecurityContextHolderAwareRequestFilter@3b47178c, org.springframework.security.web.authentication.AnonymousAuthenticationFilter@5c6e1277, org.springframework.security.web.access.ExceptionTranslationFilter@3e43fb40, org.springframework.security.web.access.intercept.AuthorizationFilter@3b4e0786]] (8/8)
2026-06-05T11:26:02.689-03:00 DEBUG 1976 --- [libraryapi] [http-nio-8080-exec-8] o.s.security.web.FilterChainProxy        : Securing GET /autores
2026-06-05T11:26:02.689-03:00 TRACE 1976 --- [libraryapi] [http-nio-8080-exec-8] o.s.security.web.FilterChainProxy        : Invoking DisableEncodeUrlFilter (1/15)
2026-06-05T11:26:02.690-03:00 TRACE 1976 --- [libraryapi] [http-nio-8080-exec-8] o.s.security.web.FilterChainProxy        : Invoking WebAsyncManagerIntegrationFilter (2/15)
2026-06-05T11:26:02.690-03:00 TRACE 1976 --- [libraryapi] [http-nio-8080-exec-8] o.s.security.web.FilterChainProxy        : Invoking SecurityContextHolderFilter (3/15)
2026-06-05T11:26:02.691-03:00 TRACE 1976 --- [libraryapi] [http-nio-8080-exec-8] o.s.security.web.FilterChainProxy        : Invoking HeaderWriterFilter (4/15)
2026-06-05T11:26:02.691-03:00 TRACE 1976 --- [libraryapi] [http-nio-8080-exec-8] o.s.security.web.FilterChainProxy        : Invoking LogoutFilter (5/15)
2026-06-05T11:26:02.691-03:00 TRACE 1976 --- [libraryapi] [http-nio-8080-exec-8] o.s.s.w.a.logout.LogoutFilter            : Did not match request to Or [Ant [pattern='/logout', GET], Ant [pattern='/logout', POST], Ant [pattern='/logout', PUT], Ant [pattern='/logout', DELETE]]
2026-06-05T11:26:02.691-03:00 TRACE 1976 --- [libraryapi] [http-nio-8080-exec-8] o.s.security.web.FilterChainProxy        : Invoking OAuth2AuthorizationRequestRedirectFilter (6/15)
2026-06-05T11:26:02.691-03:00 TRACE 1976 --- [libraryapi] [http-nio-8080-exec-8] o.s.security.web.FilterChainProxy        : Invoking OAuth2LoginAuthenticationFilter (7/15)
2026-06-05T11:26:02.692-03:00 TRACE 1976 --- [libraryapi] [http-nio-8080-exec-8] .s.o.c.w.OAuth2LoginAuthenticationFilter : Did not match request to Ant [pattern='/login/oauth2/code/*']
2026-06-05T11:26:02.692-03:00 TRACE 1976 --- [libraryapi] [http-nio-8080-exec-8] o.s.security.web.FilterChainProxy        : Invoking UsernamePasswordAuthenticationFilter (8/15)
2026-06-05T11:26:02.692-03:00 TRACE 1976 --- [libraryapi] [http-nio-8080-exec-8] w.a.UsernamePasswordAuthenticationFilter : Did not match request to Ant [pattern='/login', POST]
2026-06-05T11:26:02.692-03:00 TRACE 1976 --- [libraryapi] [http-nio-8080-exec-8] o.s.security.web.FilterChainProxy        : Invoking BearerTokenAuthenticationFilter (9/15)
2026-06-05T11:26:02.693-03:00 TRACE 1976 --- [libraryapi] [http-nio-8080-exec-8] o.s.s.authentication.ProviderManager     : Authenticating request with JwtAuthenticationProvider (1/4)
2026-06-05T11:26:02.716-03:00 TRACE 1976 --- [libraryapi] [http-nio-8080-exec-8] s.o.s.r.a.JwtGrantedAuthoritiesConverter : Returning no authorities since could not find any claims that might contain scopes
2026-06-05T11:26:02.716-03:00 DEBUG 1976 --- [libraryapi] [http-nio-8080-exec-8] o.s.s.o.s.r.a.JwtAuthenticationProvider  : Authenticated token
2026-06-05T11:26:02.717-03:00 DEBUG 1976 --- [libraryapi] [http-nio-8080-exec-8] .s.r.w.a.BearerTokenAuthenticationFilter : Set SecurityContextHolder to JwtAuthenticationToken [Principal=org.springframework.security.oauth2.jwt.Jwt@bf2ad5dd, Credentials=[PROTECTED], Authenticated=true, Details=WebAuthenticationDetails [RemoteIpAddress=0:0:0:0:0:0:0:1, SessionId=null], Granted Authorities=[]]
2026-06-05T11:26:02.718-03:00 TRACE 1976 --- [libraryapi] [http-nio-8080-exec-8] o.s.security.web.FilterChainProxy        : Invoking JwtCustomAuthenticationFilter (10/15)
2026-06-05T11:26:02.730-03:00 TRACE 1976 --- [libraryapi] [http-nio-8080-exec-8] o.s.security.web.FilterChainProxy        : Invoking RequestCacheAwareFilter (11/15)
2026-06-05T11:26:02.731-03:00 TRACE 1976 --- [libraryapi] [http-nio-8080-exec-8] o.s.s.w.s.HttpSessionRequestCache        : matchingRequestParameterName is required for getMatchingRequest to lookup a value, but not provided
2026-06-05T11:26:02.731-03:00 TRACE 1976 --- [libraryapi] [http-nio-8080-exec-8] o.s.security.web.FilterChainProxy        : Invoking SecurityContextHolderAwareRequestFilter (12/15)
2026-06-05T11:26:02.732-03:00 TRACE 1976 --- [libraryapi] [http-nio-8080-exec-8] o.s.security.web.FilterChainProxy        : Invoking AnonymousAuthenticationFilter (13/15)
2026-06-05T11:26:02.733-03:00 TRACE 1976 --- [libraryapi] [http-nio-8080-exec-8] o.s.security.web.FilterChainProxy        : Invoking ExceptionTranslationFilter (14/15)
2026-06-05T11:26:02.734-03:00 TRACE 1976 --- [libraryapi] [http-nio-8080-exec-8] o.s.security.web.FilterChainProxy        : Invoking AuthorizationFilter (15/15)
2026-06-05T11:26:02.734-03:00 TRACE 1976 --- [libraryapi] [http-nio-8080-exec-8] estMatcherDelegatingAuthorizationManager : Authorizing GET /autores
2026-06-05T11:26:02.735-03:00 TRACE 1976 --- [libraryapi] [http-nio-8080-exec-8] estMatcherDelegatingAuthorizationManager : Checking authorization on GET /autores using org.springframework.security.authorization.AuthenticatedAuthorizationManager@6b9712d3
2026-06-05T11:26:02.735-03:00 TRACE 1976 --- [libraryapi] [http-nio-8080-exec-8] o.s.s.w.a.AnonymousAuthenticationFilter  : Did not set SecurityContextHolder since already authenticated com.github.iuryrayam.libraryapi.security.CustomAuthentication@1a148385
2026-06-05T11:26:02.736-03:00 DEBUG 1976 --- [libraryapi] [http-nio-8080-exec-8] o.s.security.web.FilterChainProxy        : Secured GET /autores
2026-06-05T11:26:02.736-03:00 DEBUG 1976 --- [libraryapi] [http-nio-8080-exec-8] o.s.web.servlet.DispatcherServlet        : GET "/autores", parameters={}
2026-06-05T11:26:02.737-03:00 DEBUG 1976 --- [libraryapi] [http-nio-8080-exec-8] s.w.s.m.m.a.RequestMappingHandlerMapping : Mapped to com.github.iuryrayam.libraryapi.controller.AutorController#pesquisa(String, String)
2026-06-05T11:26:02.785-03:00 DEBUG 1976 --- [libraryapi] [http-nio-8080-exec-8] horizationManagerBeforeMethodInterceptor : Authorizing method invocation ReflectiveMethodInvocation: public org.springframework.http.ResponseEntity com.github.iuryrayam.libraryapi.controller.AutorController.pesquisa(java.lang.String,java.lang.String); target is of class [com.github.iuryrayam.libraryapi.controller.AutorController]
2026-06-05T11:26:02.812-03:00 DEBUG 1976 --- [libraryapi] [http-nio-8080-exec-8] horizationManagerBeforeMethodInterceptor : Authorized method invocation ReflectiveMethodInvocation: public org.springframework.http.ResponseEntity com.github.iuryrayam.libraryapi.controller.AutorController.pesquisa(java.lang.String,java.lang.String); target is of class [com.github.iuryrayam.libraryapi.controller.AutorController]
2026-06-05T11:26:02.813-03:00 TRACE 1976 --- [libraryapi] [http-nio-8080-exec-8] c.g.i.l.controller.AutorController       : Pesquisa autores
2026-06-05T11:26:02.813-03:00 DEBUG 1976 --- [libraryapi] [http-nio-8080-exec-8] c.g.i.l.controller.AutorController       : Pesquisa autores
2026-06-05T11:26:02.813-03:00  INFO 1976 --- [libraryapi] [http-nio-8080-exec-8] c.g.i.l.controller.AutorController       : Pesquisa autores
2026-06-05T11:26:02.813-03:00  WARN 1976 --- [libraryapi] [http-nio-8080-exec-8] c.g.i.l.controller.AutorController       : Pesquisa autores
2026-06-05T11:26:02.813-03:00 ERROR 1976 --- [libraryapi] [http-nio-8080-exec-8] c.g.i.l.controller.AutorController       : Pesquisa autores
2026-06-05T11:26:02.904-03:00 DEBUG 1976 --- [libraryapi] [http-nio-8080-exec-8] o.s.w.s.m.m.a.HttpEntityMethodProcessor  : Using 'application/json', given [*/*] and supported [application/json, application/*+json]
2026-06-05T11:26:02.915-03:00 DEBUG 1976 --- [libraryapi] [http-nio-8080-exec-8] o.s.w.s.m.m.a.HttpEntityMethodProcessor  : Writing [[AutorDTO[id=8ef8fa9f-276b-45a8-9d03-5a230e1475f7, nome=Flávia, dataNascimento=2005-06-17, nacionali (truncated)...]
2026-06-05T11:26:02.955-03:00 TRACE 1976 --- [libraryapi] [http-nio-8080-exec-8] o.s.s.w.header.writers.HstsHeaderWriter  : Not injecting HSTS header since it did not match request to [Is Secure]
2026-06-05T11:26:02.958-03:00 DEBUG 1976 --- [libraryapi] [http-nio-8080-exec-8] o.s.web.servlet.DispatcherServlet        : Completed 200 OK
2026-06-05T11:40:53.391-03:00  INFO 512 --- [libraryapi] [main] c.g.iuryrayam.libraryapi.Application     : Starting Application using Java 21.0.8 with PID 512 (C:\Users\Iury Rayam\OneDrive\Documentos\projetos de tecnologias\projetos java\spring-boot-expert\libraryapi\target\classes started by Iury Rayam in C:\Users\Iury Rayam\OneDrive\Documentos\projetos de tecnologias\projetos java\spring-boot-expert\libraryapi)
2026-06-05T11:40:53.395-03:00 DEBUG 512 --- [libraryapi] [main] c.g.iuryrayam.libraryapi.Application     : Running with Spring Boot v3.3.4, Spring v6.1.13
2026-06-05T11:40:53.396-03:00  INFO 512 --- [libraryapi] [main] c.g.iuryrayam.libraryapi.Application     : No active profile set, falling back to 1 default profile: "default"
2026-06-05T11:40:56.640-03:00  WARN 512 --- [libraryapi] [main] com.zaxxer.hikari.HikariConfig           : library-db-pool - idleTimeout is close to or more than maxLifetime, disabling it.
2026-06-05T11:40:59.047-03:00 DEBUG 512 --- [libraryapi] [main] c.g.i.l.s.JwtCustomAuthenticationFilter  : Filter 'jwtCustomAuthenticationFilter' configured for use
2026-06-05T11:41:00.071-03:00  WARN 512 --- [libraryapi] [main] JpaBaseConfiguration$JpaWebConfiguration : spring.jpa.open-in-view is enabled by default. Therefore, database queries may be performed during view rendering. Explicitly configure spring.jpa.open-in-view to disable this warning
2026-06-05T11:41:00.093-03:00 TRACE 512 --- [libraryapi] [main] eGlobalAuthenticationAutowiredConfigurer : Eagerly initializing {authorizationServerConfiguration=com.github.iuryrayam.libraryapi.config.AuthorizationServerConfiguration$$SpringCGLIB$$0@6d71f296, securityConfiguration=com.github.iuryrayam.libraryapi.config.SecurityConfiguration$$SpringCGLIB$$0@5edce7da}
2026-06-05T11:41:00.095-03:00  INFO 512 --- [libraryapi] [main] eAuthenticationProviderManagerConfigurer : Global AuthenticationManager configured with AuthenticationProvider bean with name customAuthenticationProvider
2026-06-05T11:41:00.322-03:00 DEBUG 512 --- [libraryapi] [main] s.w.s.m.m.a.RequestMappingHandlerMapping : 21 mappings in 'requestMappingHandlerMapping'
2026-06-05T11:41:00.357-03:00 DEBUG 512 --- [libraryapi] [main] o.s.w.s.handler.SimpleUrlHandlerMapping  : Patterns [/login] in 'viewControllerHandlerMapping'
2026-06-05T11:41:00.412-03:00 DEBUG 512 --- [libraryapi] [main] o.s.w.s.handler.SimpleUrlHandlerMapping  : Patterns [/swagger-ui*/*swagger-initializer.js, /swagger-ui*/**] in 'resourceHandlerMapping'
2026-06-05T11:41:01.147-03:00 DEBUG 512 --- [libraryapi] [main] o.s.s.web.DefaultSecurityFilterChain     : Will secure org.springframework.security.oauth2.server.authorization.config.annotation.web.configurers.OAuth2AuthorizationServerConfigurer$$Lambda/0x0000018f81a77688@5e4d55a6 with filters: DisableEncodeUrlFilter, WebAsyncManagerIntegrationFilter, SecurityContextHolderFilter, AuthorizationServerContextFilter, HeaderWriterFilter, CsrfFilter, OidcLogoutEndpointFilter, LogoutFilter, OAuth2AuthorizationServerMetadataEndpointFilter, OAuth2AuthorizationEndpointFilter, OAuth2DeviceVerificationEndpointFilter, OidcProviderConfigurationEndpointFilter, NimbusJwkSetEndpointFilter, OAuth2ClientAuthenticationFilter, UsernamePasswordAuthenticationFilter, BearerTokenAuthenticationFilter, RequestCacheAwareFilter, SecurityContextHolderAwareRequestFilter, AnonymousAuthenticationFilter, ExceptionTranslationFilter, AuthorizationFilter, OAuth2TokenEndpointFilter, OAuth2TokenIntrospectionEndpointFilter, OAuth2TokenRevocationEndpointFilter, OAuth2DeviceAuthorizationEndpointFilter, OidcUserInfoEndpointFilter
2026-06-05T11:41:01.224-03:00 DEBUG 512 --- [libraryapi] [main] o.s.s.web.DefaultSecurityFilterChain     : Will secure any request with filters: DisableEncodeUrlFilter, WebAsyncManagerIntegrationFilter, SecurityContextHolderFilter, HeaderWriterFilter, LogoutFilter, OAuth2AuthorizationRequestRedirectFilter, OAuth2LoginAuthenticationFilter, UsernamePasswordAuthenticationFilter, BearerTokenAuthenticationFilter, JwtCustomAuthenticationFilter, RequestCacheAwareFilter, SecurityContextHolderAwareRequestFilter, AnonymousAuthenticationFilter, ExceptionTranslationFilter, AuthorizationFilter
2026-06-05T11:41:01.232-03:00  WARN 512 --- [libraryapi] [main] o.s.s.c.a.web.builders.WebSecurity       : You are asking Spring Security to ignore Deferred [Mvc [pattern='/v2/api-docs/**'], Ant [pattern='/v2/api-docs/**']]. This is not recommended -- please use permitAll via HttpSecurity#authorizeHttpRequests instead.
2026-06-05T11:41:01.232-03:00 DEBUG 512 --- [libraryapi] [main] o.s.s.web.DefaultSecurityFilterChain     : Will not secure Deferred [Mvc [pattern='/v2/api-docs/**'], Ant [pattern='/v2/api-docs/**']]
2026-06-05T11:41:01.232-03:00  WARN 512 --- [libraryapi] [main] o.s.s.c.a.web.builders.WebSecurity       : You are asking Spring Security to ignore Deferred [Mvc [pattern='v3/api-docs/**'], Ant [pattern='v3/api-docs/**']]. This is not recommended -- please use permitAll via HttpSecurity#authorizeHttpRequests instead.
2026-06-05T11:41:01.232-03:00 DEBUG 512 --- [libraryapi] [main] o.s.s.web.DefaultSecurityFilterChain     : Will not secure Deferred [Mvc [pattern='v3/api-docs/**'], Ant [pattern='v3/api-docs/**']]
2026-06-05T11:41:01.232-03:00  WARN 512 --- [libraryapi] [main] o.s.s.c.a.web.builders.WebSecurity       : You are asking Spring Security to ignore Deferred [Mvc [pattern='/swagger-resource/**'], Ant [pattern='/swagger-resource/**']]. This is not recommended -- please use permitAll via HttpSecurity#authorizeHttpRequests instead.
2026-06-05T11:41:01.232-03:00 DEBUG 512 --- [libraryapi] [main] o.s.s.web.DefaultSecurityFilterChain     : Will not secure Deferred [Mvc [pattern='/swagger-resource/**'], Ant [pattern='/swagger-resource/**']]
2026-06-05T11:41:01.232-03:00  WARN 512 --- [libraryapi] [main] o.s.s.c.a.web.builders.WebSecurity       : You are asking Spring Security to ignore Deferred [Mvc [pattern='/swagger-ui.html'], Ant [pattern='/swagger-ui.html']]. This is not recommended -- please use permitAll via HttpSecurity#authorizeHttpRequests instead.
2026-06-05T11:41:01.232-03:00 DEBUG 512 --- [libraryapi] [main] o.s.s.web.DefaultSecurityFilterChain     : Will not secure Deferred [Mvc [pattern='/swagger-ui.html'], Ant [pattern='/swagger-ui.html']]
2026-06-05T11:41:01.232-03:00  WARN 512 --- [libraryapi] [main] o.s.s.c.a.web.builders.WebSecurity       : You are asking Spring Security to ignore Deferred [Mvc [pattern='/swagger-ui/**'], Ant [pattern='/swagger-ui/**']]. This is not recommended -- please use permitAll via HttpSecurity#authorizeHttpRequests instead.
2026-06-05T11:41:01.232-03:00 DEBUG 512 --- [libraryapi] [main] o.s.s.web.DefaultSecurityFilterChain     : Will not secure Deferred [Mvc [pattern='/swagger-ui/**'], Ant [pattern='/swagger-ui/**']]
2026-06-05T11:41:01.232-03:00  WARN 512 --- [libraryapi] [main] o.s.s.c.a.web.builders.WebSecurity       : You are asking Spring Security to ignore Deferred [Mvc [pattern='/webjars/**'], Ant [pattern='/webjars/**']]. This is not recommended -- please use permitAll via HttpSecurity#authorizeHttpRequests instead.
2026-06-05T11:41:01.232-03:00 DEBUG 512 --- [libraryapi] [main] o.s.s.web.DefaultSecurityFilterChain     : Will not secure Deferred [Mvc [pattern='/webjars/**'], Ant [pattern='/webjars/**']]
2026-06-05T11:41:01.294-03:00 DEBUG 512 --- [libraryapi] [main] s.w.s.m.m.a.RequestMappingHandlerAdapter : ControllerAdvice beans: 0 @ModelAttribute, 0 @InitBinder, 1 RequestBodyAdvice, 1 ResponseBodyAdvice
2026-06-05T11:41:01.321-03:00 DEBUG 512 --- [libraryapi] [main] .m.m.a.ExceptionHandlerExceptionResolver : ControllerAdvice beans: 2 @ExceptionHandler, 1 ResponseBodyAdvice
2026-06-05T11:41:01.707-03:00  INFO 512 --- [libraryapi] [main] c.g.iuryrayam.libraryapi.Application     : Started Application in 8.999 seconds (process running for 9.725)
2026-06-05T11:41:17.320-03:00  INFO 512 --- [libraryapi] [http-nio-8080-exec-1] o.s.web.servlet.DispatcherServlet        : Initializing Servlet 'dispatcherServlet'
2026-06-05T11:41:17.321-03:00 DEBUG 512 --- [libraryapi] [http-nio-8080-exec-1] o.s.web.servlet.DispatcherServlet        : Detected StandardServletMultipartResolver
2026-06-05T11:41:17.322-03:00 DEBUG 512 --- [libraryapi] [http-nio-8080-exec-1] o.s.web.servlet.DispatcherServlet        : Detected AcceptHeaderLocaleResolver
2026-06-05T11:41:17.322-03:00 DEBUG 512 --- [libraryapi] [http-nio-8080-exec-1] o.s.web.servlet.DispatcherServlet        : Detected FixedThemeResolver
2026-06-05T11:41:17.324-03:00 DEBUG 512 --- [libraryapi] [http-nio-8080-exec-1] o.s.web.servlet.DispatcherServlet        : Detected org.springframework.web.servlet.view.DefaultRequestToViewNameTranslator@7321f698
2026-06-05T11:41:17.326-03:00 DEBUG 512 --- [libraryapi] [http-nio-8080-exec-1] o.s.web.servlet.DispatcherServlet        : Detected org.springframework.web.servlet.support.SessionFlashMapManager@3ace955c
2026-06-05T11:41:17.327-03:00 DEBUG 512 --- [libraryapi] [http-nio-8080-exec-1] o.s.web.servlet.DispatcherServlet        : enableLoggingRequestDetails='false': request parameters and headers will be masked to prevent unsafe logging of potentially sensitive data
2026-06-05T11:41:17.328-03:00  INFO 512 --- [libraryapi] [http-nio-8080-exec-1] o.s.web.servlet.DispatcherServlet        : Completed initialization in 6 ms
2026-06-05T11:41:17.349-03:00 TRACE 512 --- [libraryapi] [http-nio-8080-exec-1] o.s.security.web.FilterChainProxy        : Trying to match request against DefaultSecurityFilterChain [RequestMatcher=Deferred [Mvc [pattern='/v2/api-docs/**'], Ant [pattern='/v2/api-docs/**']], Filters=[]] (1/8)
2026-06-05T11:41:17.350-03:00 TRACE 512 --- [libraryapi] [http-nio-8080-exec-1] o.s.security.web.FilterChainProxy        : Trying to match request against DefaultSecurityFilterChain [RequestMatcher=Deferred [Mvc [pattern='v3/api-docs/**'], Ant [pattern='v3/api-docs/**']], Filters=[]] (2/8)
2026-06-05T11:41:17.351-03:00 TRACE 512 --- [libraryapi] [http-nio-8080-exec-1] o.s.security.web.FilterChainProxy        : Trying to match request against DefaultSecurityFilterChain [RequestMatcher=Deferred [Mvc [pattern='/swagger-resource/**'], Ant [pattern='/swagger-resource/**']], Filters=[]] (3/8)
2026-06-05T11:41:17.351-03:00 TRACE 512 --- [libraryapi] [http-nio-8080-exec-1] o.s.security.web.FilterChainProxy        : Trying to match request against DefaultSecurityFilterChain [RequestMatcher=Deferred [Mvc [pattern='/swagger-ui.html'], Ant [pattern='/swagger-ui.html']], Filters=[]] (4/8)
2026-06-05T11:41:17.351-03:00 TRACE 512 --- [libraryapi] [http-nio-8080-exec-1] o.s.security.web.FilterChainProxy        : Trying to match request against DefaultSecurityFilterChain [RequestMatcher=Deferred [Mvc [pattern='/swagger-ui/**'], Ant [pattern='/swagger-ui/**']], Filters=[]] (5/8)
2026-06-05T11:41:17.351-03:00 TRACE 512 --- [libraryapi] [http-nio-8080-exec-1] o.s.security.web.FilterChainProxy        : Trying to match request against DefaultSecurityFilterChain [RequestMatcher=Deferred [Mvc [pattern='/webjars/**'], Ant [pattern='/webjars/**']], Filters=[]] (6/8)
2026-06-05T11:41:17.352-03:00 TRACE 512 --- [libraryapi] [http-nio-8080-exec-1] o.s.security.web.FilterChainProxy        : Trying to match request against DefaultSecurityFilterChain [RequestMatcher=org.springframework.security.oauth2.server.authorization.config.annotation.web.configurers.OAuth2AuthorizationServerConfigurer$$Lambda/0x0000018f81a77688@5e4d55a6, Filters=[org.springframework.security.web.session.DisableEncodeUrlFilter@582d08a1, org.springframework.security.web.context.request.async.WebAsyncManagerIntegrationFilter@3da87add, org.springframework.security.web.context.SecurityContextHolderFilter@79e2aa2d, org.springframework.security.oauth2.server.authorization.config.annotation.web.configurers.AuthorizationServerContextFilter@20bd3082, org.springframework.security.web.header.HeaderWriterFilter@24b9c037, org.springframework.security.web.csrf.CsrfFilter@77d771a2, org.springframework.security.oauth2.server.authorization.oidc.web.OidcLogoutEndpointFilter@3e42cff9, org.springframework.security.web.authentication.logout.LogoutFilter@6ad4d333, org.springframework.security.oauth2.server.authorization.web.OAuth2AuthorizationServerMetadataEndpointFilter@6eb8fd79, org.springframework.security.oauth2.server.authorization.web.OAuth2AuthorizationEndpointFilter@279c94ad, org.springframework.security.oauth2.server.authorization.web.OAuth2DeviceVerificationEndpointFilter@2295535f, org.springframework.security.oauth2.server.authorization.oidc.web.OidcProviderConfigurationEndpointFilter@2174fda1, org.springframework.security.oauth2.server.authorization.web.NimbusJwkSetEndpointFilter@69cd4267, org.springframework.security.oauth2.server.authorization.web.OAuth2ClientAuthenticationFilter@393e6bdd, org.springframework.security.web.authentication.UsernamePasswordAuthenticationFilter@4cef1ea6, org.springframework.security.oauth2.server.resource.web.authentication.BearerTokenAuthenticationFilter@73c71083, org.springframework.security.web.savedrequest.RequestCacheAwareFilter@21259314, org.springframework.security.web.servletapi.SecurityContextHolderAwareRequestFilter@7fc8930f, org.springframework.security.web.authentication.AnonymousAuthenticationFilter@23720320, org.springframework.security.web.access.ExceptionTranslationFilter@60bc259a, org.springframework.security.web.access.intercept.AuthorizationFilter@377d66f, org.springframework.security.oauth2.server.authorization.web.OAuth2TokenEndpointFilter@2f71bb66, org.springframework.security.oauth2.server.authorization.web.OAuth2TokenIntrospectionEndpointFilter@27c05ed9, org.springframework.security.oauth2.server.authorization.web.OAuth2TokenRevocationEndpointFilter@2d0ed017, org.springframework.security.oauth2.server.authorization.web.OAuth2DeviceAuthorizationEndpointFilter@76ad048a, org.springframework.security.oauth2.server.authorization.oidc.web.OidcUserInfoEndpointFilter@35ff7336]] (7/8)
2026-06-05T11:41:17.354-03:00 DEBUG 512 --- [libraryapi] [http-nio-8080-exec-1] o.s.security.web.FilterChainProxy        : Securing GET /oauth2/authorize?response_type=code&client_id=meu-client&redirect_uri=http%3A%2F%2Flocalhost%3A8080%2Fauthorized
2026-06-05T11:41:17.357-03:00 TRACE 512 --- [libraryapi] [http-nio-8080-exec-1] o.s.security.web.FilterChainProxy        : Invoking DisableEncodeUrlFilter (1/26)
2026-06-05T11:41:17.358-03:00 TRACE 512 --- [libraryapi] [http-nio-8080-exec-1] o.s.security.web.FilterChainProxy        : Invoking WebAsyncManagerIntegrationFilter (2/26)
2026-06-05T11:41:17.364-03:00 TRACE 512 --- [libraryapi] [http-nio-8080-exec-1] o.s.security.web.FilterChainProxy        : Invoking SecurityContextHolderFilter (3/26)
2026-06-05T11:41:17.366-03:00 TRACE 512 --- [libraryapi] [http-nio-8080-exec-1] o.s.security.web.FilterChainProxy        : Invoking AuthorizationServerContextFilter (4/26)
2026-06-05T11:41:17.376-03:00 TRACE 512 --- [libraryapi] [http-nio-8080-exec-1] o.s.security.web.FilterChainProxy        : Invoking HeaderWriterFilter (5/26)
2026-06-05T11:41:17.381-03:00 TRACE 512 --- [libraryapi] [http-nio-8080-exec-1] o.s.security.web.FilterChainProxy        : Invoking CsrfFilter (6/26)
2026-06-05T11:41:17.383-03:00 TRACE 512 --- [libraryapi] [http-nio-8080-exec-1] o.s.security.web.csrf.CsrfFilter         : Did not protect against CSRF since request did not match And [CsrfNotRequired [TRACE, HEAD, GET, OPTIONS], Not [Or [org.springframework.security.oauth2.server.authorization.config.annotation.web.configurers.OAuth2AuthorizationServerConfigurer$$Lambda/0x0000018f81a77688@5e4d55a6, org.springframework.security.config.annotation.web.configurers.oauth2.server.resource.OAuth2ResourceServerConfigurer$BearerTokenRequestMatcher@4ce2f4d6]]]
2026-06-05T11:41:17.384-03:00 TRACE 512 --- [libraryapi] [http-nio-8080-exec-1] o.s.security.web.FilterChainProxy        : Invoking OidcLogoutEndpointFilter (7/26)
2026-06-05T11:41:17.384-03:00 TRACE 512 --- [libraryapi] [http-nio-8080-exec-1] o.s.security.web.FilterChainProxy        : Invoking LogoutFilter (8/26)
2026-06-05T11:41:17.384-03:00 TRACE 512 --- [libraryapi] [http-nio-8080-exec-1] o.s.s.w.a.logout.LogoutFilter            : Did not match request to Ant [pattern='/logout', POST]
2026-06-05T11:41:17.385-03:00 TRACE 512 --- [libraryapi] [http-nio-8080-exec-1] o.s.security.web.FilterChainProxy        : Invoking OAuth2AuthorizationServerMetadataEndpointFilter (9/26)
2026-06-05T11:41:17.385-03:00 TRACE 512 --- [libraryapi] [http-nio-8080-exec-1] o.s.security.web.FilterChainProxy        : Invoking OAuth2AuthorizationEndpointFilter (10/26)
2026-06-05T11:41:17.391-03:00 TRACE 512 --- [libraryapi] [http-nio-8080-exec-1] w.c.HttpSessionSecurityContextRepository : No HttpSession currently exists
2026-06-05T11:41:17.392-03:00 TRACE 512 --- [libraryapi] [http-nio-8080-exec-1] .s.s.w.c.SupplierDeferredSecurityContext : Created SecurityContextImpl [Null authentication]
2026-06-05T11:41:17.393-03:00 TRACE 512 --- [libraryapi] [http-nio-8080-exec-1] .s.s.w.c.SupplierDeferredSecurityContext : Created SecurityContextImpl [Null authentication]
2026-06-05T11:41:17.396-03:00 TRACE 512 --- [libraryapi] [http-nio-8080-exec-1] o.s.s.authentication.ProviderManager     : Authenticating request with OAuth2AuthorizationCodeRequestAuthenticationProvider (1/20)
2026-06-05T11:41:17.581-03:00 TRACE 512 --- [libraryapi] [http-nio-8080-exec-1] izationCodeRequestAuthenticationProvider : Retrieved registered client
2026-06-05T11:41:17.583-03:00 TRACE 512 --- [libraryapi] [http-nio-8080-exec-1] izationCodeRequestAuthenticationProvider : Validated authorization code request parameters
2026-06-05T11:41:17.583-03:00 TRACE 512 --- [libraryapi] [http-nio-8080-exec-1] izationCodeRequestAuthenticationProvider : Did not authenticate authorization code request since principal not authenticated
2026-06-05T11:41:17.583-03:00 TRACE 512 --- [libraryapi] [http-nio-8080-exec-1] o.s.security.web.FilterChainProxy        : Invoking OAuth2DeviceVerificationEndpointFilter (11/26)
2026-06-05T11:41:17.583-03:00 TRACE 512 --- [libraryapi] [http-nio-8080-exec-1] o.s.security.web.FilterChainProxy        : Invoking OidcProviderConfigurationEndpointFilter (12/26)
2026-06-05T11:41:17.585-03:00 TRACE 512 --- [libraryapi] [http-nio-8080-exec-1] o.s.security.web.FilterChainProxy        : Invoking NimbusJwkSetEndpointFilter (13/26)
2026-06-05T11:41:17.585-03:00 TRACE 512 --- [libraryapi] [http-nio-8080-exec-1] o.s.security.web.FilterChainProxy        : Invoking OAuth2ClientAuthenticationFilter (14/26)
2026-06-05T11:41:17.585-03:00 TRACE 512 --- [libraryapi] [http-nio-8080-exec-1] o.s.security.web.FilterChainProxy        : Invoking UsernamePasswordAuthenticationFilter (15/26)
2026-06-05T11:41:17.585-03:00 TRACE 512 --- [libraryapi] [http-nio-8080-exec-1] w.a.UsernamePasswordAuthenticationFilter : Did not match request to Ant [pattern='/login', POST]
2026-06-05T11:41:17.585-03:00 TRACE 512 --- [libraryapi] [http-nio-8080-exec-1] o.s.security.web.FilterChainProxy        : Invoking BearerTokenAuthenticationFilter (16/26)
2026-06-05T11:41:17.586-03:00 TRACE 512 --- [libraryapi] [http-nio-8080-exec-1] .s.r.w.a.BearerTokenAuthenticationFilter : Did not process request since did not find bearer token
2026-06-05T11:41:17.586-03:00 TRACE 512 --- [libraryapi] [http-nio-8080-exec-1] o.s.security.web.FilterChainProxy        : Invoking RequestCacheAwareFilter (17/26)
2026-06-05T11:41:17.586-03:00 TRACE 512 --- [libraryapi] [http-nio-8080-exec-1] o.s.s.w.s.HttpSessionRequestCache        : matchingRequestParameterName is required for getMatchingRequest to lookup a value, but not provided
2026-06-05T11:41:17.587-03:00 TRACE 512 --- [libraryapi] [http-nio-8080-exec-1] o.s.security.web.FilterChainProxy        : Invoking SecurityContextHolderAwareRequestFilter (18/26)
2026-06-05T11:41:17.589-03:00 TRACE 512 --- [libraryapi] [http-nio-8080-exec-1] o.s.security.web.FilterChainProxy        : Invoking AnonymousAuthenticationFilter (19/26)
2026-06-05T11:41:17.590-03:00 TRACE 512 --- [libraryapi] [http-nio-8080-exec-1] o.s.security.web.FilterChainProxy        : Invoking ExceptionTranslationFilter (20/26)
2026-06-05T11:41:17.590-03:00 TRACE 512 --- [libraryapi] [http-nio-8080-exec-1] o.s.security.web.FilterChainProxy        : Invoking AuthorizationFilter (21/26)
2026-06-05T11:41:17.591-03:00 TRACE 512 --- [libraryapi] [http-nio-8080-exec-1] estMatcherDelegatingAuthorizationManager : Authorizing GET /oauth2/authorize?response_type=code&client_id=meu-client&redirect_uri=http%3A%2F%2Flocalhost%3A8080%2Fauthorized
2026-06-05T11:41:17.591-03:00 TRACE 512 --- [libraryapi] [http-nio-8080-exec-1] estMatcherDelegatingAuthorizationManager : Checking authorization on GET /oauth2/authorize?response_type=code&client_id=meu-client&redirect_uri=http%3A%2F%2Flocalhost%3A8080%2Fauthorized using org.springframework.security.authorization.AuthenticatedAuthorizationManager@30029028
2026-06-05T11:41:17.592-03:00 TRACE 512 --- [libraryapi] [http-nio-8080-exec-1] o.s.s.w.a.AnonymousAuthenticationFilter  : Set SecurityContextHolder to AnonymousAuthenticationToken [Principal=anonymousUser, Credentials=[PROTECTED], Authenticated=true, Details=WebAuthenticationDetails [RemoteIpAddress=0:0:0:0:0:0:0:1, SessionId=null], Granted Authorities=[ROLE_ANONYMOUS]]
2026-06-05T11:41:17.593-03:00 TRACE 512 --- [libraryapi] [http-nio-8080-exec-1] o.s.s.w.a.ExceptionTranslationFilter     : Sending AnonymousAuthenticationToken [Principal=anonymousUser, Credentials=[PROTECTED], Authenticated=true, Details=WebAuthenticationDetails [RemoteIpAddress=0:0:0:0:0:0:0:1, SessionId=null], Granted Authorities=[ROLE_ANONYMOUS]] to authentication entry point since access is denied

org.springframework.security.access.AccessDeniedException: Access Denied
	at org.springframework.security.web.access.intercept.AuthorizationFilter.doFilter(AuthorizationFilter.java:98) ~[spring-security-web-6.3.3.jar:6.3.3]
	at org.springframework.security.web.FilterChainProxy$VirtualFilterChain.doFilter(FilterChainProxy.java:374) ~[spring-security-web-6.3.3.jar:6.3.3]
	at org.springframework.security.web.access.ExceptionTranslationFilter.doFilter(ExceptionTranslationFilter.java:126) ~[spring-security-web-6.3.3.jar:6.3.3]
	at org.springframework.security.web.access.ExceptionTranslationFilter.doFilter(ExceptionTranslationFilter.java:120) ~[spring-security-web-6.3.3.jar:6.3.3]
	at org.springframework.security.web.FilterChainProxy$VirtualFilterChain.doFilter(FilterChainProxy.java:374) ~[spring-security-web-6.3.3.jar:6.3.3]
	at org.springframework.security.web.authentication.AnonymousAuthenticationFilter.doFilter(AnonymousAuthenticationFilter.java:100) ~[spring-security-web-6.3.3.jar:6.3.3]
	at org.springframework.security.web.FilterChainProxy$VirtualFilterChain.doFilter(FilterChainProxy.java:374) ~[spring-security-web-6.3.3.jar:6.3.3]
	at org.springframework.security.web.servletapi.SecurityContextHolderAwareRequestFilter.doFilter(SecurityContextHolderAwareRequestFilter.java:179) ~[spring-security-web-6.3.3.jar:6.3.3]
	at org.springframework.security.web.FilterChainProxy$VirtualFilterChain.doFilter(FilterChainProxy.java:374) ~[spring-security-web-6.3.3.jar:6.3.3]
	at org.springframework.security.web.savedrequest.RequestCacheAwareFilter.doFilter(RequestCacheAwareFilter.java:63) ~[spring-security-web-6.3.3.jar:6.3.3]
	at org.springframework.security.web.FilterChainProxy$VirtualFilterChain.doFilter(FilterChainProxy.java:374) ~[spring-security-web-6.3.3.jar:6.3.3]
	at org.springframework.security.oauth2.server.resource.web.authentication.BearerTokenAuthenticationFilter.doFilterInternal(BearerTokenAuthenticationFilter.java:128) ~[spring-security-oauth2-resource-server-6.3.3.jar:6.3.3]
	at org.springframework.web.filter.OncePerRequestFilter.doFilter(OncePerRequestFilter.java:116) ~[spring-web-6.1.13.jar:6.1.13]
	at org.springframework.security.web.FilterChainProxy$VirtualFilterChain.doFilter(FilterChainProxy.java:374) ~[spring-security-web-6.3.3.jar:6.3.3]
	at org.springframework.security.web.authentication.AbstractAuthenticationProcessingFilter.doFilter(AbstractAuthenticationProcessingFilter.java:227) ~[spring-security-web-6.3.3.jar:6.3.3]
	at org.springframework.security.web.authentication.AbstractAuthenticationProcessingFilter.doFilter(AbstractAuthenticationProcessingFilter.java:221) ~[spring-security-web-6.3.3.jar:6.3.3]
	at org.springframework.security.web.FilterChainProxy$VirtualFilterChain.doFilter(FilterChainProxy.java:374) ~[spring-security-web-6.3.3.jar:6.3.3]
	at org.springframework.security.oauth2.server.authorization.web.OAuth2ClientAuthenticationFilter.doFilterInternal(OAuth2ClientAuthenticationFilter.java:129) ~[spring-security-oauth2-authorization-server-1.3.2.jar:1.3.2]
	at org.springframework.web.filter.OncePerRequestFilter.doFilter(OncePerRequestFilter.java:116) ~[spring-web-6.1.13.jar:6.1.13]
	at org.springframework.security.web.FilterChainProxy$VirtualFilterChain.doFilter(FilterChainProxy.java:374) ~[spring-security-web-6.3.3.jar:6.3.3]
	at org.springframework.security.oauth2.server.authorization.web.NimbusJwkSetEndpointFilter.doFilterInternal(NimbusJwkSetEndpointFilter.java:88) ~[spring-security-oauth2-authorization-server-1.3.2.jar:1.3.2]
	at org.springframework.web.filter.OncePerRequestFilter.doFilter(OncePerRequestFilter.java:116) ~[spring-web-6.1.13.jar:6.1.13]
	at org.springframework.security.web.FilterChainProxy$VirtualFilterChain.doFilter(FilterChainProxy.java:374) ~[spring-security-web-6.3.3.jar:6.3.3]
	at org.springframework.security.oauth2.server.authorization.oidc.web.OidcProviderConfigurationEndpointFilter.doFilterInternal(OidcProviderConfigurationEndpointFilter.java:91) ~[spring-security-oauth2-authorization-server-1.3.2.jar:1.3.2]
	at org.springframework.web.filter.OncePerRequestFilter.doFilter(OncePerRequestFilter.java:116) ~[spring-web-6.1.13.jar:6.1.13]
	at org.springframework.security.web.FilterChainProxy$VirtualFilterChain.doFilter(FilterChainProxy.java:374) ~[spring-security-web-6.3.3.jar:6.3.3]
	at org.springframework.security.oauth2.server.authorization.web.OAuth2DeviceVerificationEndpointFilter.doFilterInternal(OAuth2DeviceVerificationEndpointFilter.java:152) ~[spring-security-oauth2-authorization-server-1.3.2.jar:1.3.2]
	at org.springframework.web.filter.OncePerRequestFilter.doFilter(OncePerRequestFilter.java:116) ~[spring-web-6.1.13.jar:6.1.13]
	at org.springframework.security.web.FilterChainProxy$VirtualFilterChain.doFilter(FilterChainProxy.java:374) ~[spring-security-web-6.3.3.jar:6.3.3]
	at org.springframework.security.oauth2.server.authorization.web.OAuth2AuthorizationEndpointFilter.doFilterInternal(OAuth2AuthorizationEndpointFilter.java:192) ~[spring-security-oauth2-authorization-server-1.3.2.jar:1.3.2]
	at org.springframework.web.filter.OncePerRequestFilter.doFilter(OncePerRequestFilter.java:116) ~[spring-web-6.1.13.jar:6.1.13]
	at org.springframework.security.web.FilterChainProxy$VirtualFilterChain.doFilter(FilterChainProxy.java:374) ~[spring-security-web-6.3.3.jar:6.3.3]
	at org.springframework.security.oauth2.server.authorization.web.OAuth2AuthorizationServerMetadataEndpointFilter.doFilterInternal(OAuth2AuthorizationServerMetadataEndpointFilter.java:90) ~[spring-security-oauth2-authorization-server-1.3.2.jar:1.3.2]
	at org.springframework.web.filter.OncePerRequestFilter.doFilter(OncePerRequestFilter.java:116) ~[spring-web-6.1.13.jar:6.1.13]
	at org.springframework.security.web.FilterChainProxy$VirtualFilterChain.doFilter(FilterChainProxy.java:374) ~[spring-security-web-6.3.3.jar:6.3.3]
	at org.springframework.security.web.authentication.logout.LogoutFilter.doFilter(LogoutFilter.java:107) ~[spring-security-web-6.3.3.jar:6.3.3]
	at org.springframework.security.web.authentication.logout.LogoutFilter.doFilter(LogoutFilter.java:93) ~[spring-security-web-6.3.3.jar:6.3.3]
	at org.springframework.security.web.FilterChainProxy$VirtualFilterChain.doFilter(FilterChainProxy.java:374) ~[spring-security-web-6.3.3.jar:6.3.3]
	at org.springframework.security.oauth2.server.authorization.oidc.web.OidcLogoutEndpointFilter.doFilterInternal(OidcLogoutEndpointFilter.java:124) ~[spring-security-oauth2-authorization-server-1.3.2.jar:1.3.2]
	at org.springframework.web.filter.OncePerRequestFilter.doFilter(OncePerRequestFilter.java:116) ~[spring-web-6.1.13.jar:6.1.13]
	at org.springframework.security.web.FilterChainProxy$VirtualFilterChain.doFilter(FilterChainProxy.java:374) ~[spring-security-web-6.3.3.jar:6.3.3]
	at org.springframework.security.web.csrf.CsrfFilter.doFilterInternal(CsrfFilter.java:117) ~[spring-security-web-6.3.3.jar:6.3.3]
	at org.springframework.web.filter.OncePerRequestFilter.doFilter(OncePerRequestFilter.java:116) ~[spring-web-6.1.13.jar:6.1.13]
	at org.springframework.security.web.FilterChainProxy$VirtualFilterChain.doFilter(FilterChainProxy.java:374) ~[spring-security-web-6.3.3.jar:6.3.3]
	at org.springframework.security.web.header.HeaderWriterFilter.doHeadersAfter(HeaderWriterFilter.java:90) ~[spring-security-web-6.3.3.jar:6.3.3]
	at org.springframework.security.web.header.HeaderWriterFilter.doFilterInternal(HeaderWriterFilter.java:75) ~[spring-security-web-6.3.3.jar:6.3.3]
	at org.springframework.web.filter.OncePerRequestFilter.doFilter(OncePerRequestFilter.java:116) ~[spring-web-6.1.13.jar:6.1.13]
	at org.springframework.security.web.FilterChainProxy$VirtualFilterChain.doFilter(FilterChainProxy.java:374) ~[spring-security-web-6.3.3.jar:6.3.3]
	at org.springframework.security.oauth2.server.authorization.config.annotation.web.configurers.AuthorizationServerContextFilter.doFilterInternal(AuthorizationServerContextFilter.java:69) ~[spring-security-oauth2-authorization-server-1.3.2.jar:1.3.2]
	at org.springframework.web.filter.OncePerRequestFilter.doFilter(OncePerRequestFilter.java:116) ~[spring-web-6.1.13.jar:6.1.13]
	at org.springframework.security.web.FilterChainProxy$VirtualFilterChain.doFilter(FilterChainProxy.java:374) ~[spring-security-web-6.3.3.jar:6.3.3]
	at org.springframework.security.web.context.SecurityContextHolderFilter.doFilter(SecurityContextHolderFilter.java:82) ~[spring-security-web-6.3.3.jar:6.3.3]
	at org.springframework.security.web.context.SecurityContextHolderFilter.doFilter(SecurityContextHolderFilter.java:69) ~[spring-security-web-6.3.3.jar:6.3.3]
	at org.springframework.security.web.FilterChainProxy$VirtualFilterChain.doFilter(FilterChainProxy.java:374) ~[spring-security-web-6.3.3.jar:6.3.3]
	at org.springframework.security.web.context.request.async.WebAsyncManagerIntegrationFilter.doFilterInternal(WebAsyncManagerIntegrationFilter.java:62) ~[spring-security-web-6.3.3.jar:6.3.3]
	at org.springframework.web.filter.OncePerRequestFilter.doFilter(OncePerRequestFilter.java:116) ~[spring-web-6.1.13.jar:6.1.13]
	at org.springframework.security.web.FilterChainProxy$VirtualFilterChain.doFilter(FilterChainProxy.java:374) ~[spring-security-web-6.3.3.jar:6.3.3]
	at org.springframework.security.web.session.DisableEncodeUrlFilter.doFilterInternal(DisableEncodeUrlFilter.java:42) ~[spring-security-web-6.3.3.jar:6.3.3]
	at org.springframework.web.filter.OncePerRequestFilter.doFilter(OncePerRequestFilter.java:116) ~[spring-web-6.1.13.jar:6.1.13]
	at org.springframework.security.web.FilterChainProxy$VirtualFilterChain.doFilter(FilterChainProxy.java:374) ~[spring-security-web-6.3.3.jar:6.3.3]
	at org.springframework.security.web.FilterChainProxy.doFilterInternal(FilterChainProxy.java:233) ~[spring-security-web-6.3.3.jar:6.3.3]
	at org.springframework.security.web.FilterChainProxy.doFilter(FilterChainProxy.java:191) ~[spring-security-web-6.3.3.jar:6.3.3]
	at org.springframework.web.filter.CompositeFilter$VirtualFilterChain.doFilter(CompositeFilter.java:113) ~[spring-web-6.1.13.jar:6.1.13]
	at org.springframework.web.servlet.handler.HandlerMappingIntrospector.lambda$createCacheFilter$3(HandlerMappingIntrospector.java:195) ~[spring-webmvc-6.1.13.jar:6.1.13]
	at org.springframework.web.filter.CompositeFilter$VirtualFilterChain.doFilter(CompositeFilter.java:113) ~[spring-web-6.1.13.jar:6.1.13]
	at org.springframework.web.filter.CompositeFilter.doFilter(CompositeFilter.java:74) ~[spring-web-6.1.13.jar:6.1.13]
	at org.springframework.security.config.annotation.web.configuration.WebMvcSecurityConfiguration$CompositeFilterChainProxy.doFilter(WebMvcSecurityConfiguration.java:230) ~[spring-security-config-6.3.3.jar:6.3.3]
	at org.springframework.web.filter.DelegatingFilterProxy.invokeDelegate(DelegatingFilterProxy.java:352) ~[spring-web-6.1.13.jar:6.1.13]
	at org.springframework.web.filter.DelegatingFilterProxy.doFilter(DelegatingFilterProxy.java:268) ~[spring-web-6.1.13.jar:6.1.13]
	at org.apache.catalina.core.ApplicationFilterChain.internalDoFilter(ApplicationFilterChain.java:164) ~[tomcat-embed-core-10.1.30.jar:10.1.30]
	at org.apache.catalina.core.ApplicationFilterChain.doFilter(ApplicationFilterChain.java:140) ~[tomcat-embed-core-10.1.30.jar:10.1.30]
	at org.springframework.web.filter.CharacterEncodingFilter.doFilterInternal(CharacterEncodingFilter.java:201) ~[spring-web-6.1.13.jar:6.1.13]
	at org.springframework.web.filter.OncePerRequestFilter.doFilter(OncePerRequestFilter.java:116) ~[spring-web-6.1.13.jar:6.1.13]
	at org.apache.catalina.core.ApplicationFilterChain.internalDoFilter(ApplicationFilterChain.java:164) ~[tomcat-embed-core-10.1.30.jar:10.1.30]
	at org.apache.catalina.core.ApplicationFilterChain.doFilter(ApplicationFilterChain.java:140) ~[tomcat-embed-core-10.1.30.jar:10.1.30]
	at org.apache.catalina.core.StandardWrapperValve.invoke(StandardWrapperValve.java:167) ~[tomcat-embed-core-10.1.30.jar:10.1.30]
	at org.apache.catalina.core.StandardContextValve.invoke(StandardContextValve.java:90) ~[tomcat-embed-core-10.1.30.jar:10.1.30]
	at org.apache.catalina.authenticator.AuthenticatorBase.invoke(AuthenticatorBase.java:483) ~[tomcat-embed-core-10.1.30.jar:10.1.30]
	at org.apache.catalina.core.StandardHostValve.invoke(StandardHostValve.java:115) ~[tomcat-embed-core-10.1.30.jar:10.1.30]
	at org.apache.catalina.valves.ErrorReportValve.invoke(ErrorReportValve.java:93) ~[tomcat-embed-core-10.1.30.jar:10.1.30]
	at org.apache.catalina.core.StandardEngineValve.invoke(StandardEngineValve.java:74) ~[tomcat-embed-core-10.1.30.jar:10.1.30]
	at org.apache.catalina.connector.CoyoteAdapter.service(CoyoteAdapter.java:344) ~[tomcat-embed-core-10.1.30.jar:10.1.30]
	at org.apache.coyote.http11.Http11Processor.service(Http11Processor.java:384) ~[tomcat-embed-core-10.1.30.jar:10.1.30]
	at org.apache.coyote.AbstractProcessorLight.process(AbstractProcessorLight.java:63) ~[tomcat-embed-core-10.1.30.jar:10.1.30]
	at org.apache.coyote.AbstractProtocol$ConnectionHandler.process(AbstractProtocol.java:905) ~[tomcat-embed-core-10.1.30.jar:10.1.30]
	at org.apache.tomcat.util.net.NioEndpoint$SocketProcessor.doRun(NioEndpoint.java:1741) ~[tomcat-embed-core-10.1.30.jar:10.1.30]
	at org.apache.tomcat.util.net.SocketProcessorBase.run(SocketProcessorBase.java:52) ~[tomcat-embed-core-10.1.30.jar:10.1.30]
	at org.apache.tomcat.util.threads.ThreadPoolExecutor.runWorker(ThreadPoolExecutor.java:1190) ~[tomcat-embed-core-10.1.30.jar:10.1.30]
	at org.apache.tomcat.util.threads.ThreadPoolExecutor$Worker.run(ThreadPoolExecutor.java:659) ~[tomcat-embed-core-10.1.30.jar:10.1.30]
	at org.apache.tomcat.util.threads.TaskThread$WrappingRunnable.run(TaskThread.java:63) ~[tomcat-embed-core-10.1.30.jar:10.1.30]
	at java.base/java.lang.Thread.run(Thread.java:1583) ~[na:na]

2026-06-05T11:41:17.624-03:00 DEBUG 512 --- [libraryapi] [http-nio-8080-exec-1] o.s.s.w.s.HttpSessionRequestCache        : Saved request http://localhost:8080/oauth2/authorize?response_type=code&client_id=meu-client&redirect_uri=http%3A%2F%2Flocalhost%3A8080%2Fauthorized&continue to session
2026-06-05T11:41:17.625-03:00 DEBUG 512 --- [libraryapi] [http-nio-8080-exec-1] s.w.a.DelegatingAuthenticationEntryPoint : Trying to match using Or [Ant [pattern='/oauth2/token', POST], Ant [pattern='/oauth2/introspect', POST], Ant [pattern='/oauth2/revoke', POST], Ant [pattern='/oauth2/device_authorization', POST]]
2026-06-05T11:41:17.627-03:00 DEBUG 512 --- [libraryapi] [http-nio-8080-exec-1] s.w.a.DelegatingAuthenticationEntryPoint : Trying to match using Or [org.springframework.security.config.annotation.web.configurers.oauth2.server.resource.OAuth2ResourceServerConfigurer$BearerTokenRequestMatcher@4ce2f4d6, RequestHeaderRequestMatcher [expectedHeaderName=X-Requested-With, expectedHeaderValue=XMLHttpRequest], And [Not [MediaTypeRequestMatcher [contentNegotiationStrategy=org.springframework.web.accept.ContentNegotiationManager@1836228d, matchingMediaTypes=[text/html], useEquals=false, ignoredMediaTypes=[]]], MediaTypeRequestMatcher [contentNegotiationStrategy=org.springframework.web.accept.ContentNegotiationManager@1836228d, matchingMediaTypes=[application/atom+xml, application/x-www-form-urlencoded, application/json, application/octet-stream, application/xml, multipart/form-data, text/xml], useEquals=false, ignoredMediaTypes=[*/*]]], MediaTypeRequestMatcher [contentNegotiationStrategy=org.springframework.web.accept.ContentNegotiationManager@1836228d, matchingMediaTypes=[*/*], useEquals=true, ignoredMediaTypes=[]]]
2026-06-05T11:41:17.628-03:00 DEBUG 512 --- [libraryapi] [http-nio-8080-exec-1] s.w.a.DelegatingAuthenticationEntryPoint : Trying to match using And [Not [RequestHeaderRequestMatcher [expectedHeaderName=X-Requested-With, expectedHeaderValue=XMLHttpRequest]], MediaTypeRequestMatcher [contentNegotiationStrategy=org.springframework.web.accept.ContentNegotiationManager@1836228d, matchingMediaTypes=[application/xhtml+xml, image/*, text/html, text/plain], useEquals=false, ignoredMediaTypes=[*/*]]]
2026-06-05T11:41:17.629-03:00 DEBUG 512 --- [libraryapi] [http-nio-8080-exec-1] s.w.a.DelegatingAuthenticationEntryPoint : Match found! Executing org.springframework.security.web.authentication.LoginUrlAuthenticationEntryPoint@3a2f4611
2026-06-05T11:41:17.631-03:00 DEBUG 512 --- [libraryapi] [http-nio-8080-exec-1] o.s.s.web.DefaultRedirectStrategy        : Redirecting to http://localhost:8080/login
2026-06-05T11:41:17.631-03:00 TRACE 512 --- [libraryapi] [http-nio-8080-exec-1] o.s.s.w.header.writers.HstsHeaderWriter  : Not injecting HSTS header since it did not match request to [Is Secure]
2026-06-05T11:41:17.646-03:00 TRACE 512 --- [libraryapi] [http-nio-8080-exec-2] o.s.security.web.FilterChainProxy        : Trying to match request against DefaultSecurityFilterChain [RequestMatcher=Deferred [Mvc [pattern='/v2/api-docs/**'], Ant [pattern='/v2/api-docs/**']], Filters=[]] (1/8)
2026-06-05T11:41:17.647-03:00 TRACE 512 --- [libraryapi] [http-nio-8080-exec-2] o.s.security.web.FilterChainProxy        : Trying to match request against DefaultSecurityFilterChain [RequestMatcher=Deferred [Mvc [pattern='v3/api-docs/**'], Ant [pattern='v3/api-docs/**']], Filters=[]] (2/8)
2026-06-05T11:41:17.647-03:00 TRACE 512 --- [libraryapi] [http-nio-8080-exec-2] o.s.security.web.FilterChainProxy        : Trying to match request against DefaultSecurityFilterChain [RequestMatcher=Deferred [Mvc [pattern='/swagger-resource/**'], Ant [pattern='/swagger-resource/**']], Filters=[]] (3/8)
2026-06-05T11:41:17.647-03:00 TRACE 512 --- [libraryapi] [http-nio-8080-exec-2] o.s.security.web.FilterChainProxy        : Trying to match request against DefaultSecurityFilterChain [RequestMatcher=Deferred [Mvc [pattern='/swagger-ui.html'], Ant [pattern='/swagger-ui.html']], Filters=[]] (4/8)
2026-06-05T11:41:17.648-03:00 TRACE 512 --- [libraryapi] [http-nio-8080-exec-2] o.s.security.web.FilterChainProxy        : Trying to match request against DefaultSecurityFilterChain [RequestMatcher=Deferred [Mvc [pattern='/swagger-ui/**'], Ant [pattern='/swagger-ui/**']], Filters=[]] (5/8)
2026-06-05T11:41:17.648-03:00 TRACE 512 --- [libraryapi] [http-nio-8080-exec-2] o.s.security.web.FilterChainProxy        : Trying to match request against DefaultSecurityFilterChain [RequestMatcher=Deferred [Mvc [pattern='/webjars/**'], Ant [pattern='/webjars/**']], Filters=[]] (6/8)
2026-06-05T11:41:17.648-03:00 TRACE 512 --- [libraryapi] [http-nio-8080-exec-2] o.s.security.web.FilterChainProxy        : Trying to match request against DefaultSecurityFilterChain [RequestMatcher=org.springframework.security.oauth2.server.authorization.config.annotation.web.configurers.OAuth2AuthorizationServerConfigurer$$Lambda/0x0000018f81a77688@5e4d55a6, Filters=[org.springframework.security.web.session.DisableEncodeUrlFilter@582d08a1, org.springframework.security.web.context.request.async.WebAsyncManagerIntegrationFilter@3da87add, org.springframework.security.web.context.SecurityContextHolderFilter@79e2aa2d, org.springframework.security.oauth2.server.authorization.config.annotation.web.configurers.AuthorizationServerContextFilter@20bd3082, org.springframework.security.web.header.HeaderWriterFilter@24b9c037, org.springframework.security.web.csrf.CsrfFilter@77d771a2, org.springframework.security.oauth2.server.authorization.oidc.web.OidcLogoutEndpointFilter@3e42cff9, org.springframework.security.web.authentication.logout.LogoutFilter@6ad4d333, org.springframework.security.oauth2.server.authorization.web.OAuth2AuthorizationServerMetadataEndpointFilter@6eb8fd79, org.springframework.security.oauth2.server.authorization.web.OAuth2AuthorizationEndpointFilter@279c94ad, org.springframework.security.oauth2.server.authorization.web.OAuth2DeviceVerificationEndpointFilter@2295535f, org.springframework.security.oauth2.server.authorization.oidc.web.OidcProviderConfigurationEndpointFilter@2174fda1, org.springframework.security.oauth2.server.authorization.web.NimbusJwkSetEndpointFilter@69cd4267, org.springframework.security.oauth2.server.authorization.web.OAuth2ClientAuthenticationFilter@393e6bdd, org.springframework.security.web.authentication.UsernamePasswordAuthenticationFilter@4cef1ea6, org.springframework.security.oauth2.server.resource.web.authentication.BearerTokenAuthenticationFilter@73c71083, org.springframework.security.web.savedrequest.RequestCacheAwareFilter@21259314, org.springframework.security.web.servletapi.SecurityContextHolderAwareRequestFilter@7fc8930f, org.springframework.security.web.authentication.AnonymousAuthenticationFilter@23720320, org.springframework.security.web.access.ExceptionTranslationFilter@60bc259a, org.springframework.security.web.access.intercept.AuthorizationFilter@377d66f, org.springframework.security.oauth2.server.authorization.web.OAuth2TokenEndpointFilter@2f71bb66, org.springframework.security.oauth2.server.authorization.web.OAuth2TokenIntrospectionEndpointFilter@27c05ed9, org.springframework.security.oauth2.server.authorization.web.OAuth2TokenRevocationEndpointFilter@2d0ed017, org.springframework.security.oauth2.server.authorization.web.OAuth2DeviceAuthorizationEndpointFilter@76ad048a, org.springframework.security.oauth2.server.authorization.oidc.web.OidcUserInfoEndpointFilter@35ff7336]] (7/8)
2026-06-05T11:41:17.648-03:00 TRACE 512 --- [libraryapi] [http-nio-8080-exec-2] o.s.security.web.FilterChainProxy        : Trying to match request against DefaultSecurityFilterChain [RequestMatcher=any request, Filters=[org.springframework.security.web.session.DisableEncodeUrlFilter@440dee0e, org.springframework.security.web.context.request.async.WebAsyncManagerIntegrationFilter@25b606dd, org.springframework.security.web.context.SecurityContextHolderFilter@21707a18, org.springframework.security.web.header.HeaderWriterFilter@3593e8dd, org.springframework.security.web.authentication.logout.LogoutFilter@fe739e7, org.springframework.security.oauth2.client.web.OAuth2AuthorizationRequestRedirectFilter@11e2de88, org.springframework.security.oauth2.client.web.OAuth2LoginAuthenticationFilter@2c17ebb7, org.springframework.security.web.authentication.UsernamePasswordAuthenticationFilter@2c513e9f, org.springframework.security.oauth2.server.resource.web.authentication.BearerTokenAuthenticationFilter@2b867623, com.github.iuryrayam.libraryapi.security.JwtCustomAuthenticationFilter@5e781b4f, org.springframework.security.web.savedrequest.RequestCacheAwareFilter@6ac93b87, org.springframework.security.web.servletapi.SecurityContextHolderAwareRequestFilter@71af3c7, org.springframework.security.web.authentication.AnonymousAuthenticationFilter@30928778, org.springframework.security.web.access.ExceptionTranslationFilter@66e17bf2, org.springframework.security.web.access.intercept.AuthorizationFilter@78d3578e]] (8/8)
2026-06-05T11:41:17.648-03:00 DEBUG 512 --- [libraryapi] [http-nio-8080-exec-2] o.s.security.web.FilterChainProxy        : Securing GET /login
2026-06-05T11:41:17.649-03:00 TRACE 512 --- [libraryapi] [http-nio-8080-exec-2] o.s.security.web.FilterChainProxy        : Invoking DisableEncodeUrlFilter (1/15)
2026-06-05T11:41:17.649-03:00 TRACE 512 --- [libraryapi] [http-nio-8080-exec-2] o.s.security.web.FilterChainProxy        : Invoking WebAsyncManagerIntegrationFilter (2/15)
2026-06-05T11:41:17.649-03:00 TRACE 512 --- [libraryapi] [http-nio-8080-exec-2] o.s.security.web.FilterChainProxy        : Invoking SecurityContextHolderFilter (3/15)
2026-06-05T11:41:17.649-03:00 TRACE 512 --- [libraryapi] [http-nio-8080-exec-2] o.s.security.web.FilterChainProxy        : Invoking HeaderWriterFilter (4/15)
2026-06-05T11:41:17.649-03:00 TRACE 512 --- [libraryapi] [http-nio-8080-exec-2] o.s.security.web.FilterChainProxy        : Invoking LogoutFilter (5/15)
2026-06-05T11:41:17.650-03:00 TRACE 512 --- [libraryapi] [http-nio-8080-exec-2] o.s.s.w.a.logout.LogoutFilter            : Did not match request to Or [Ant [pattern='/logout', GET], Ant [pattern='/logout', POST], Ant [pattern='/logout', PUT], Ant [pattern='/logout', DELETE]]
2026-06-05T11:41:17.650-03:00 TRACE 512 --- [libraryapi] [http-nio-8080-exec-2] o.s.security.web.FilterChainProxy        : Invoking OAuth2AuthorizationRequestRedirectFilter (6/15)
2026-06-05T11:41:17.650-03:00 TRACE 512 --- [libraryapi] [http-nio-8080-exec-2] o.s.security.web.FilterChainProxy        : Invoking OAuth2LoginAuthenticationFilter (7/15)
2026-06-05T11:41:17.650-03:00 TRACE 512 --- [libraryapi] [http-nio-8080-exec-2] .s.o.c.w.OAuth2LoginAuthenticationFilter : Did not match request to Ant [pattern='/login/oauth2/code/*']
2026-06-05T11:41:17.650-03:00 TRACE 512 --- [libraryapi] [http-nio-8080-exec-2] o.s.security.web.FilterChainProxy        : Invoking UsernamePasswordAuthenticationFilter (8/15)
2026-06-05T11:41:17.650-03:00 TRACE 512 --- [libraryapi] [http-nio-8080-exec-2] w.a.UsernamePasswordAuthenticationFilter : Did not match request to Ant [pattern='/login', POST]
2026-06-05T11:41:17.650-03:00 TRACE 512 --- [libraryapi] [http-nio-8080-exec-2] o.s.security.web.FilterChainProxy        : Invoking BearerTokenAuthenticationFilter (9/15)
2026-06-05T11:41:17.650-03:00 TRACE 512 --- [libraryapi] [http-nio-8080-exec-2] .s.r.w.a.BearerTokenAuthenticationFilter : Did not process request since did not find bearer token
2026-06-05T11:41:17.650-03:00 TRACE 512 --- [libraryapi] [http-nio-8080-exec-2] o.s.security.web.FilterChainProxy        : Invoking JwtCustomAuthenticationFilter (10/15)
2026-06-05T11:41:17.650-03:00 TRACE 512 --- [libraryapi] [http-nio-8080-exec-2] w.c.HttpSessionSecurityContextRepository : Did not find SecurityContext in HttpSession 49272129918F09AA72DFEF8BC0843162 using the SPRING_SECURITY_CONTEXT session attribute
2026-06-05T11:41:17.652-03:00 TRACE 512 --- [libraryapi] [http-nio-8080-exec-2] .s.s.w.c.SupplierDeferredSecurityContext : Created SecurityContextImpl [Null authentication]
2026-06-05T11:41:17.652-03:00 TRACE 512 --- [libraryapi] [http-nio-8080-exec-2] .s.s.w.c.SupplierDeferredSecurityContext : Created SecurityContextImpl [Null authentication]
2026-06-05T11:41:17.652-03:00 TRACE 512 --- [libraryapi] [http-nio-8080-exec-2] o.s.security.web.FilterChainProxy        : Invoking RequestCacheAwareFilter (11/15)
2026-06-05T11:41:17.652-03:00 TRACE 512 --- [libraryapi] [http-nio-8080-exec-2] o.s.s.w.s.HttpSessionRequestCache        : matchingRequestParameterName is required for getMatchingRequest to lookup a value, but not provided
2026-06-05T11:41:17.652-03:00 TRACE 512 --- [libraryapi] [http-nio-8080-exec-2] o.s.security.web.FilterChainProxy        : Invoking SecurityContextHolderAwareRequestFilter (12/15)
2026-06-05T11:41:17.652-03:00 TRACE 512 --- [libraryapi] [http-nio-8080-exec-2] o.s.security.web.FilterChainProxy        : Invoking AnonymousAuthenticationFilter (13/15)
2026-06-05T11:41:17.652-03:00 TRACE 512 --- [libraryapi] [http-nio-8080-exec-2] o.s.security.web.FilterChainProxy        : Invoking ExceptionTranslationFilter (14/15)
2026-06-05T11:41:17.652-03:00 TRACE 512 --- [libraryapi] [http-nio-8080-exec-2] o.s.security.web.FilterChainProxy        : Invoking AuthorizationFilter (15/15)
2026-06-05T11:41:17.653-03:00 TRACE 512 --- [libraryapi] [http-nio-8080-exec-2] estMatcherDelegatingAuthorizationManager : Authorizing GET /login
2026-06-05T11:41:17.654-03:00 TRACE 512 --- [libraryapi] [http-nio-8080-exec-2] estMatcherDelegatingAuthorizationManager : Checking authorization on GET /login using org.springframework.security.config.annotation.web.configurers.AuthorizeHttpRequestsConfigurer$$Lambda/0x0000018f81a77cc0@771bd42a
2026-06-05T11:41:17.655-03:00 DEBUG 512 --- [libraryapi] [http-nio-8080-exec-2] o.s.security.web.FilterChainProxy        : Secured GET /login
2026-06-05T11:41:17.659-03:00 DEBUG 512 --- [libraryapi] [http-nio-8080-exec-2] o.s.web.servlet.DispatcherServlet        : GET "/login", parameters={}
2026-06-05T11:41:17.661-03:00 DEBUG 512 --- [libraryapi] [http-nio-8080-exec-2] o.s.w.s.handler.SimpleUrlHandlerMapping  : Mapped to ParameterizableViewController [view="login"]
2026-06-05T11:41:17.997-03:00 TRACE 512 --- [libraryapi] [http-nio-8080-exec-2] o.s.s.w.header.writers.HstsHeaderWriter  : Not injecting HSTS header since it did not match request to [Is Secure]
2026-06-05T11:41:17.999-03:00 DEBUG 512 --- [libraryapi] [http-nio-8080-exec-2] o.s.web.servlet.DispatcherServlet        : Completed 200 OK
2026-06-05T11:41:18.000-03:00 TRACE 512 --- [libraryapi] [http-nio-8080-exec-2] o.s.s.w.a.AnonymousAuthenticationFilter  : Set SecurityContextHolder to AnonymousAuthenticationToken [Principal=anonymousUser, Credentials=[PROTECTED], Authenticated=true, Details=WebAuthenticationDetails [RemoteIpAddress=0:0:0:0:0:0:0:1, SessionId=49272129918F09AA72DFEF8BC0843162], Granted Authorities=[ROLE_ANONYMOUS]]
2026-06-05T11:41:22.814-03:00 TRACE 512 --- [libraryapi] [http-nio-8080-exec-4] o.s.security.web.FilterChainProxy        : Trying to match request against DefaultSecurityFilterChain [RequestMatcher=Deferred [Mvc [pattern='/v2/api-docs/**'], Ant [pattern='/v2/api-docs/**']], Filters=[]] (1/8)
2026-06-05T11:41:22.815-03:00 TRACE 512 --- [libraryapi] [http-nio-8080-exec-4] o.s.security.web.FilterChainProxy        : Trying to match request against DefaultSecurityFilterChain [RequestMatcher=Deferred [Mvc [pattern='v3/api-docs/**'], Ant [pattern='v3/api-docs/**']], Filters=[]] (2/8)
2026-06-05T11:41:22.816-03:00 TRACE 512 --- [libraryapi] [http-nio-8080-exec-4] o.s.security.web.FilterChainProxy        : Trying to match request against DefaultSecurityFilterChain [RequestMatcher=Deferred [Mvc [pattern='/swagger-resource/**'], Ant [pattern='/swagger-resource/**']], Filters=[]] (3/8)
2026-06-05T11:41:22.816-03:00 TRACE 512 --- [libraryapi] [http-nio-8080-exec-4] o.s.security.web.FilterChainProxy        : Trying to match request against DefaultSecurityFilterChain [RequestMatcher=Deferred [Mvc [pattern='/swagger-ui.html'], Ant [pattern='/swagger-ui.html']], Filters=[]] (4/8)
2026-06-05T11:41:22.817-03:00 TRACE 512 --- [libraryapi] [http-nio-8080-exec-4] o.s.security.web.FilterChainProxy        : Trying to match request against DefaultSecurityFilterChain [RequestMatcher=Deferred [Mvc [pattern='/swagger-ui/**'], Ant [pattern='/swagger-ui/**']], Filters=[]] (5/8)
2026-06-05T11:41:22.817-03:00 TRACE 512 --- [libraryapi] [http-nio-8080-exec-4] o.s.security.web.FilterChainProxy        : Trying to match request against DefaultSecurityFilterChain [RequestMatcher=Deferred [Mvc [pattern='/webjars/**'], Ant [pattern='/webjars/**']], Filters=[]] (6/8)
2026-06-05T11:41:22.817-03:00 TRACE 512 --- [libraryapi] [http-nio-8080-exec-4] o.s.security.web.FilterChainProxy        : Trying to match request against DefaultSecurityFilterChain [RequestMatcher=org.springframework.security.oauth2.server.authorization.config.annotation.web.configurers.OAuth2AuthorizationServerConfigurer$$Lambda/0x0000018f81a77688@5e4d55a6, Filters=[org.springframework.security.web.session.DisableEncodeUrlFilter@582d08a1, org.springframework.security.web.context.request.async.WebAsyncManagerIntegrationFilter@3da87add, org.springframework.security.web.context.SecurityContextHolderFilter@79e2aa2d, org.springframework.security.oauth2.server.authorization.config.annotation.web.configurers.AuthorizationServerContextFilter@20bd3082, org.springframework.security.web.header.HeaderWriterFilter@24b9c037, org.springframework.security.web.csrf.CsrfFilter@77d771a2, org.springframework.security.oauth2.server.authorization.oidc.web.OidcLogoutEndpointFilter@3e42cff9, org.springframework.security.web.authentication.logout.LogoutFilter@6ad4d333, org.springframework.security.oauth2.server.authorization.web.OAuth2AuthorizationServerMetadataEndpointFilter@6eb8fd79, org.springframework.security.oauth2.server.authorization.web.OAuth2AuthorizationEndpointFilter@279c94ad, org.springframework.security.oauth2.server.authorization.web.OAuth2DeviceVerificationEndpointFilter@2295535f, org.springframework.security.oauth2.server.authorization.oidc.web.OidcProviderConfigurationEndpointFilter@2174fda1, org.springframework.security.oauth2.server.authorization.web.NimbusJwkSetEndpointFilter@69cd4267, org.springframework.security.oauth2.server.authorization.web.OAuth2ClientAuthenticationFilter@393e6bdd, org.springframework.security.web.authentication.UsernamePasswordAuthenticationFilter@4cef1ea6, org.springframework.security.oauth2.server.resource.web.authentication.BearerTokenAuthenticationFilter@73c71083, org.springframework.security.web.savedrequest.RequestCacheAwareFilter@21259314, org.springframework.security.web.servletapi.SecurityContextHolderAwareRequestFilter@7fc8930f, org.springframework.security.web.authentication.AnonymousAuthenticationFilter@23720320, org.springframework.security.web.access.ExceptionTranslationFilter@60bc259a, org.springframework.security.web.access.intercept.AuthorizationFilter@377d66f, org.springframework.security.oauth2.server.authorization.web.OAuth2TokenEndpointFilter@2f71bb66, org.springframework.security.oauth2.server.authorization.web.OAuth2TokenIntrospectionEndpointFilter@27c05ed9, org.springframework.security.oauth2.server.authorization.web.OAuth2TokenRevocationEndpointFilter@2d0ed017, org.springframework.security.oauth2.server.authorization.web.OAuth2DeviceAuthorizationEndpointFilter@76ad048a, org.springframework.security.oauth2.server.authorization.oidc.web.OidcUserInfoEndpointFilter@35ff7336]] (7/8)
2026-06-05T11:41:22.818-03:00 TRACE 512 --- [libraryapi] [http-nio-8080-exec-4] o.s.security.web.FilterChainProxy        : Trying to match request against DefaultSecurityFilterChain [RequestMatcher=any request, Filters=[org.springframework.security.web.session.DisableEncodeUrlFilter@440dee0e, org.springframework.security.web.context.request.async.WebAsyncManagerIntegrationFilter@25b606dd, org.springframework.security.web.context.SecurityContextHolderFilter@21707a18, org.springframework.security.web.header.HeaderWriterFilter@3593e8dd, org.springframework.security.web.authentication.logout.LogoutFilter@fe739e7, org.springframework.security.oauth2.client.web.OAuth2AuthorizationRequestRedirectFilter@11e2de88, org.springframework.security.oauth2.client.web.OAuth2LoginAuthenticationFilter@2c17ebb7, org.springframework.security.web.authentication.UsernamePasswordAuthenticationFilter@2c513e9f, org.springframework.security.oauth2.server.resource.web.authentication.BearerTokenAuthenticationFilter@2b867623, com.github.iuryrayam.libraryapi.security.JwtCustomAuthenticationFilter@5e781b4f, org.springframework.security.web.savedrequest.RequestCacheAwareFilter@6ac93b87, org.springframework.security.web.servletapi.SecurityContextHolderAwareRequestFilter@71af3c7, org.springframework.security.web.authentication.AnonymousAuthenticationFilter@30928778, org.springframework.security.web.access.ExceptionTranslationFilter@66e17bf2, org.springframework.security.web.access.intercept.AuthorizationFilter@78d3578e]] (8/8)
2026-06-05T11:41:22.818-03:00 DEBUG 512 --- [libraryapi] [http-nio-8080-exec-4] o.s.security.web.FilterChainProxy        : Securing POST /login
2026-06-05T11:41:22.819-03:00 TRACE 512 --- [libraryapi] [http-nio-8080-exec-4] o.s.security.web.FilterChainProxy        : Invoking DisableEncodeUrlFilter (1/15)
2026-06-05T11:41:22.819-03:00 TRACE 512 --- [libraryapi] [http-nio-8080-exec-4] o.s.security.web.FilterChainProxy        : Invoking WebAsyncManagerIntegrationFilter (2/15)
2026-06-05T11:41:22.819-03:00 TRACE 512 --- [libraryapi] [http-nio-8080-exec-4] o.s.security.web.FilterChainProxy        : Invoking SecurityContextHolderFilter (3/15)
2026-06-05T11:41:22.819-03:00 TRACE 512 --- [libraryapi] [http-nio-8080-exec-4] o.s.security.web.FilterChainProxy        : Invoking HeaderWriterFilter (4/15)
2026-06-05T11:41:22.819-03:00 TRACE 512 --- [libraryapi] [http-nio-8080-exec-4] o.s.security.web.FilterChainProxy        : Invoking LogoutFilter (5/15)
2026-06-05T11:41:22.819-03:00 TRACE 512 --- [libraryapi] [http-nio-8080-exec-4] o.s.s.w.a.logout.LogoutFilter            : Did not match request to Or [Ant [pattern='/logout', GET], Ant [pattern='/logout', POST], Ant [pattern='/logout', PUT], Ant [pattern='/logout', DELETE]]
2026-06-05T11:41:22.819-03:00 TRACE 512 --- [libraryapi] [http-nio-8080-exec-4] o.s.security.web.FilterChainProxy        : Invoking OAuth2AuthorizationRequestRedirectFilter (6/15)
2026-06-05T11:41:22.820-03:00 TRACE 512 --- [libraryapi] [http-nio-8080-exec-4] o.s.security.web.FilterChainProxy        : Invoking OAuth2LoginAuthenticationFilter (7/15)
2026-06-05T11:41:22.820-03:00 TRACE 512 --- [libraryapi] [http-nio-8080-exec-4] .s.o.c.w.OAuth2LoginAuthenticationFilter : Did not match request to Ant [pattern='/login/oauth2/code/*']
2026-06-05T11:41:22.820-03:00 TRACE 512 --- [libraryapi] [http-nio-8080-exec-4] o.s.security.web.FilterChainProxy        : Invoking UsernamePasswordAuthenticationFilter (8/15)
2026-06-05T11:41:22.820-03:00 TRACE 512 --- [libraryapi] [http-nio-8080-exec-4] o.s.s.authentication.ProviderManager     : Authenticating request with CustomAuthenticationProvider (1/1)
2026-06-05T11:41:22.925-03:00 TRACE 512 --- [libraryapi] [http-nio-8080-exec-4] s.CompositeSessionAuthenticationStrategy : Preparing session with ChangeSessionIdAuthenticationStrategy (1/1)
2026-06-05T11:41:22.926-03:00 DEBUG 512 --- [libraryapi] [http-nio-8080-exec-4] .s.ChangeSessionIdAuthenticationStrategy : Changed session id from 49272129918F09AA72DFEF8BC0843162
2026-06-05T11:41:22.927-03:00 DEBUG 512 --- [libraryapi] [http-nio-8080-exec-4] w.c.HttpSessionSecurityContextRepository : Stored SecurityContextImpl [Authentication=com.github.iuryrayam.libraryapi.security.CustomAuthentication@6a1c632] to HttpSession [org.apache.catalina.session.StandardSessionFacade@778937f5]
2026-06-05T11:41:22.928-03:00 DEBUG 512 --- [libraryapi] [http-nio-8080-exec-4] w.a.UsernamePasswordAuthenticationFilter : Set SecurityContextHolder to com.github.iuryrayam.libraryapi.security.CustomAuthentication@6a1c632
2026-06-05T11:41:22.928-03:00 DEBUG 512 --- [libraryapi] [http-nio-8080-exec-4] o.s.s.web.DefaultRedirectStrategy        : Redirecting to http://localhost:8080/oauth2/authorize?response_type=code&client_id=meu-client&redirect_uri=http%3A%2F%2Flocalhost%3A8080%2Fauthorized&continue
2026-06-05T11:41:22.929-03:00 TRACE 512 --- [libraryapi] [http-nio-8080-exec-4] o.s.s.w.header.writers.HstsHeaderWriter  : Not injecting HSTS header since it did not match request to [Is Secure]
2026-06-05T11:41:22.937-03:00 TRACE 512 --- [libraryapi] [http-nio-8080-exec-3] o.s.security.web.FilterChainProxy        : Trying to match request against DefaultSecurityFilterChain [RequestMatcher=Deferred [Mvc [pattern='/v2/api-docs/**'], Ant [pattern='/v2/api-docs/**']], Filters=[]] (1/8)
2026-06-05T11:41:22.938-03:00 TRACE 512 --- [libraryapi] [http-nio-8080-exec-3] o.s.security.web.FilterChainProxy        : Trying to match request against DefaultSecurityFilterChain [RequestMatcher=Deferred [Mvc [pattern='v3/api-docs/**'], Ant [pattern='v3/api-docs/**']], Filters=[]] (2/8)
2026-06-05T11:41:22.938-03:00 TRACE 512 --- [libraryapi] [http-nio-8080-exec-3] o.s.security.web.FilterChainProxy        : Trying to match request against DefaultSecurityFilterChain [RequestMatcher=Deferred [Mvc [pattern='/swagger-resource/**'], Ant [pattern='/swagger-resource/**']], Filters=[]] (3/8)
2026-06-05T11:41:22.938-03:00 TRACE 512 --- [libraryapi] [http-nio-8080-exec-3] o.s.security.web.FilterChainProxy        : Trying to match request against DefaultSecurityFilterChain [RequestMatcher=Deferred [Mvc [pattern='/swagger-ui.html'], Ant [pattern='/swagger-ui.html']], Filters=[]] (4/8)
2026-06-05T11:41:22.938-03:00 TRACE 512 --- [libraryapi] [http-nio-8080-exec-3] o.s.security.web.FilterChainProxy        : Trying to match request against DefaultSecurityFilterChain [RequestMatcher=Deferred [Mvc [pattern='/swagger-ui/**'], Ant [pattern='/swagger-ui/**']], Filters=[]] (5/8)
2026-06-05T11:41:22.939-03:00 TRACE 512 --- [libraryapi] [http-nio-8080-exec-3] o.s.security.web.FilterChainProxy        : Trying to match request against DefaultSecurityFilterChain [RequestMatcher=Deferred [Mvc [pattern='/webjars/**'], Ant [pattern='/webjars/**']], Filters=[]] (6/8)
2026-06-05T11:41:22.939-03:00 TRACE 512 --- [libraryapi] [http-nio-8080-exec-3] o.s.security.web.FilterChainProxy        : Trying to match request against DefaultSecurityFilterChain [RequestMatcher=org.springframework.security.oauth2.server.authorization.config.annotation.web.configurers.OAuth2AuthorizationServerConfigurer$$Lambda/0x0000018f81a77688@5e4d55a6, Filters=[org.springframework.security.web.session.DisableEncodeUrlFilter@582d08a1, org.springframework.security.web.context.request.async.WebAsyncManagerIntegrationFilter@3da87add, org.springframework.security.web.context.SecurityContextHolderFilter@79e2aa2d, org.springframework.security.oauth2.server.authorization.config.annotation.web.configurers.AuthorizationServerContextFilter@20bd3082, org.springframework.security.web.header.HeaderWriterFilter@24b9c037, org.springframework.security.web.csrf.CsrfFilter@77d771a2, org.springframework.security.oauth2.server.authorization.oidc.web.OidcLogoutEndpointFilter@3e42cff9, org.springframework.security.web.authentication.logout.LogoutFilter@6ad4d333, org.springframework.security.oauth2.server.authorization.web.OAuth2AuthorizationServerMetadataEndpointFilter@6eb8fd79, org.springframework.security.oauth2.server.authorization.web.OAuth2AuthorizationEndpointFilter@279c94ad, org.springframework.security.oauth2.server.authorization.web.OAuth2DeviceVerificationEndpointFilter@2295535f, org.springframework.security.oauth2.server.authorization.oidc.web.OidcProviderConfigurationEndpointFilter@2174fda1, org.springframework.security.oauth2.server.authorization.web.NimbusJwkSetEndpointFilter@69cd4267, org.springframework.security.oauth2.server.authorization.web.OAuth2ClientAuthenticationFilter@393e6bdd, org.springframework.security.web.authentication.UsernamePasswordAuthenticationFilter@4cef1ea6, org.springframework.security.oauth2.server.resource.web.authentication.BearerTokenAuthenticationFilter@73c71083, org.springframework.security.web.savedrequest.RequestCacheAwareFilter@21259314, org.springframework.security.web.servletapi.SecurityContextHolderAwareRequestFilter@7fc8930f, org.springframework.security.web.authentication.AnonymousAuthenticationFilter@23720320, org.springframework.security.web.access.ExceptionTranslationFilter@60bc259a, org.springframework.security.web.access.intercept.AuthorizationFilter@377d66f, org.springframework.security.oauth2.server.authorization.web.OAuth2TokenEndpointFilter@2f71bb66, org.springframework.security.oauth2.server.authorization.web.OAuth2TokenIntrospectionEndpointFilter@27c05ed9, org.springframework.security.oauth2.server.authorization.web.OAuth2TokenRevocationEndpointFilter@2d0ed017, org.springframework.security.oauth2.server.authorization.web.OAuth2DeviceAuthorizationEndpointFilter@76ad048a, org.springframework.security.oauth2.server.authorization.oidc.web.OidcUserInfoEndpointFilter@35ff7336]] (7/8)
2026-06-05T11:41:22.940-03:00 DEBUG 512 --- [libraryapi] [http-nio-8080-exec-3] o.s.security.web.FilterChainProxy        : Securing GET /oauth2/authorize?response_type=code&client_id=meu-client&redirect_uri=http%3A%2F%2Flocalhost%3A8080%2Fauthorized&continue
2026-06-05T11:41:22.940-03:00 TRACE 512 --- [libraryapi] [http-nio-8080-exec-3] o.s.security.web.FilterChainProxy        : Invoking DisableEncodeUrlFilter (1/26)
2026-06-05T11:41:22.940-03:00 TRACE 512 --- [libraryapi] [http-nio-8080-exec-3] o.s.security.web.FilterChainProxy        : Invoking WebAsyncManagerIntegrationFilter (2/26)
2026-06-05T11:41:22.940-03:00 TRACE 512 --- [libraryapi] [http-nio-8080-exec-3] o.s.security.web.FilterChainProxy        : Invoking SecurityContextHolderFilter (3/26)
2026-06-05T11:41:22.941-03:00 TRACE 512 --- [libraryapi] [http-nio-8080-exec-3] o.s.security.web.FilterChainProxy        : Invoking AuthorizationServerContextFilter (4/26)
2026-06-05T11:41:22.941-03:00 TRACE 512 --- [libraryapi] [http-nio-8080-exec-3] o.s.security.web.FilterChainProxy        : Invoking HeaderWriterFilter (5/26)
2026-06-05T11:41:22.941-03:00 TRACE 512 --- [libraryapi] [http-nio-8080-exec-3] o.s.security.web.FilterChainProxy        : Invoking CsrfFilter (6/26)
2026-06-05T11:41:22.941-03:00 TRACE 512 --- [libraryapi] [http-nio-8080-exec-3] o.s.security.web.csrf.CsrfFilter         : Did not protect against CSRF since request did not match And [CsrfNotRequired [TRACE, HEAD, GET, OPTIONS], Not [Or [org.springframework.security.oauth2.server.authorization.config.annotation.web.configurers.OAuth2AuthorizationServerConfigurer$$Lambda/0x0000018f81a77688@5e4d55a6, org.springframework.security.config.annotation.web.configurers.oauth2.server.resource.OAuth2ResourceServerConfigurer$BearerTokenRequestMatcher@4ce2f4d6]]]
2026-06-05T11:41:22.942-03:00 TRACE 512 --- [libraryapi] [http-nio-8080-exec-3] o.s.security.web.FilterChainProxy        : Invoking OidcLogoutEndpointFilter (7/26)
2026-06-05T11:41:22.942-03:00 TRACE 512 --- [libraryapi] [http-nio-8080-exec-3] o.s.security.web.FilterChainProxy        : Invoking LogoutFilter (8/26)
2026-06-05T11:41:22.942-03:00 TRACE 512 --- [libraryapi] [http-nio-8080-exec-3] o.s.s.w.a.logout.LogoutFilter            : Did not match request to Ant [pattern='/logout', POST]
2026-06-05T11:41:22.942-03:00 TRACE 512 --- [libraryapi] [http-nio-8080-exec-3] o.s.security.web.FilterChainProxy        : Invoking OAuth2AuthorizationServerMetadataEndpointFilter (9/26)
2026-06-05T11:41:22.943-03:00 TRACE 512 --- [libraryapi] [http-nio-8080-exec-3] o.s.security.web.FilterChainProxy        : Invoking OAuth2AuthorizationEndpointFilter (10/26)
2026-06-05T11:41:22.944-03:00 TRACE 512 --- [libraryapi] [http-nio-8080-exec-3] w.c.HttpSessionSecurityContextRepository : Retrieved SecurityContextImpl [Authentication=com.github.iuryrayam.libraryapi.security.CustomAuthentication@6a1c632] from SPRING_SECURITY_CONTEXT
2026-06-05T11:41:22.944-03:00 TRACE 512 --- [libraryapi] [http-nio-8080-exec-3] o.s.s.authentication.ProviderManager     : Authenticating request with OAuth2AuthorizationCodeRequestAuthenticationProvider (1/20)
2026-06-05T11:41:22.949-03:00 TRACE 512 --- [libraryapi] [http-nio-8080-exec-3] izationCodeRequestAuthenticationProvider : Retrieved registered client
2026-06-05T11:41:22.949-03:00 TRACE 512 --- [libraryapi] [http-nio-8080-exec-3] izationCodeRequestAuthenticationProvider : Validated authorization code request parameters
2026-06-05T11:41:22.959-03:00 TRACE 512 --- [libraryapi] [http-nio-8080-exec-3] izationCodeRequestAuthenticationProvider : Generated authorization code
2026-06-05T11:41:22.960-03:00 TRACE 512 --- [libraryapi] [http-nio-8080-exec-3] izationCodeRequestAuthenticationProvider : Saved authorization
2026-06-05T11:41:22.960-03:00 TRACE 512 --- [libraryapi] [http-nio-8080-exec-3] izationCodeRequestAuthenticationProvider : Authenticated authorization code request
2026-06-05T11:41:22.960-03:00 DEBUG 512 --- [libraryapi] [http-nio-8080-exec-3] o.s.s.web.DefaultRedirectStrategy        : Redirecting to http://localhost:8080/authorized?code=r_EhVswYv2UG5uCQ9qkJJ114eymv5DkvdxF4g2Ty6nhkFQ4BFrnQpuzSL5MuprsSxjzoARSSCCcZIfa6ZpYKA5qYo0S_SWZFgUdkRWkfNOFoShn59sCe7o6Fr7Imt4YC
2026-06-05T11:41:22.960-03:00 TRACE 512 --- [libraryapi] [http-nio-8080-exec-3] o.s.s.w.header.writers.HstsHeaderWriter  : Not injecting HSTS header since it did not match request to [Is Secure]
2026-06-05T11:41:23.339-03:00 TRACE 512 --- [libraryapi] [http-nio-8080-exec-6] o.s.security.web.FilterChainProxy        : Trying to match request against DefaultSecurityFilterChain [RequestMatcher=Deferred [Mvc [pattern='/v2/api-docs/**'], Ant [pattern='/v2/api-docs/**']], Filters=[]] (1/8)
2026-06-05T11:41:23.339-03:00 TRACE 512 --- [libraryapi] [http-nio-8080-exec-6] o.s.security.web.FilterChainProxy        : Trying to match request against DefaultSecurityFilterChain [RequestMatcher=Deferred [Mvc [pattern='v3/api-docs/**'], Ant [pattern='v3/api-docs/**']], Filters=[]] (2/8)
2026-06-05T11:41:23.340-03:00 TRACE 512 --- [libraryapi] [http-nio-8080-exec-6] o.s.security.web.FilterChainProxy        : Trying to match request against DefaultSecurityFilterChain [RequestMatcher=Deferred [Mvc [pattern='/swagger-resource/**'], Ant [pattern='/swagger-resource/**']], Filters=[]] (3/8)
2026-06-05T11:41:23.340-03:00 TRACE 512 --- [libraryapi] [http-nio-8080-exec-6] o.s.security.web.FilterChainProxy        : Trying to match request against DefaultSecurityFilterChain [RequestMatcher=Deferred [Mvc [pattern='/swagger-ui.html'], Ant [pattern='/swagger-ui.html']], Filters=[]] (4/8)
2026-06-05T11:41:23.340-03:00 TRACE 512 --- [libraryapi] [http-nio-8080-exec-6] o.s.security.web.FilterChainProxy        : Trying to match request against DefaultSecurityFilterChain [RequestMatcher=Deferred [Mvc [pattern='/swagger-ui/**'], Ant [pattern='/swagger-ui/**']], Filters=[]] (5/8)
2026-06-05T11:41:23.340-03:00 TRACE 512 --- [libraryapi] [http-nio-8080-exec-6] o.s.security.web.FilterChainProxy        : Trying to match request against DefaultSecurityFilterChain [RequestMatcher=Deferred [Mvc [pattern='/webjars/**'], Ant [pattern='/webjars/**']], Filters=[]] (6/8)
2026-06-05T11:41:23.341-03:00 TRACE 512 --- [libraryapi] [http-nio-8080-exec-6] o.s.security.web.FilterChainProxy        : Trying to match request against DefaultSecurityFilterChain [RequestMatcher=org.springframework.security.oauth2.server.authorization.config.annotation.web.configurers.OAuth2AuthorizationServerConfigurer$$Lambda/0x0000018f81a77688@5e4d55a6, Filters=[org.springframework.security.web.session.DisableEncodeUrlFilter@582d08a1, org.springframework.security.web.context.request.async.WebAsyncManagerIntegrationFilter@3da87add, org.springframework.security.web.context.SecurityContextHolderFilter@79e2aa2d, org.springframework.security.oauth2.server.authorization.config.annotation.web.configurers.AuthorizationServerContextFilter@20bd3082, org.springframework.security.web.header.HeaderWriterFilter@24b9c037, org.springframework.security.web.csrf.CsrfFilter@77d771a2, org.springframework.security.oauth2.server.authorization.oidc.web.OidcLogoutEndpointFilter@3e42cff9, org.springframework.security.web.authentication.logout.LogoutFilter@6ad4d333, org.springframework.security.oauth2.server.authorization.web.OAuth2AuthorizationServerMetadataEndpointFilter@6eb8fd79, org.springframework.security.oauth2.server.authorization.web.OAuth2AuthorizationEndpointFilter@279c94ad, org.springframework.security.oauth2.server.authorization.web.OAuth2DeviceVerificationEndpointFilter@2295535f, org.springframework.security.oauth2.server.authorization.oidc.web.OidcProviderConfigurationEndpointFilter@2174fda1, org.springframework.security.oauth2.server.authorization.web.NimbusJwkSetEndpointFilter@69cd4267, org.springframework.security.oauth2.server.authorization.web.OAuth2ClientAuthenticationFilter@393e6bdd, org.springframework.security.web.authentication.UsernamePasswordAuthenticationFilter@4cef1ea6, org.springframework.security.oauth2.server.resource.web.authentication.BearerTokenAuthenticationFilter@73c71083, org.springframework.security.web.savedrequest.RequestCacheAwareFilter@21259314, org.springframework.security.web.servletapi.SecurityContextHolderAwareRequestFilter@7fc8930f, org.springframework.security.web.authentication.AnonymousAuthenticationFilter@23720320, org.springframework.security.web.access.ExceptionTranslationFilter@60bc259a, org.springframework.security.web.access.intercept.AuthorizationFilter@377d66f, org.springframework.security.oauth2.server.authorization.web.OAuth2TokenEndpointFilter@2f71bb66, org.springframework.security.oauth2.server.authorization.web.OAuth2TokenIntrospectionEndpointFilter@27c05ed9, org.springframework.security.oauth2.server.authorization.web.OAuth2TokenRevocationEndpointFilter@2d0ed017, org.springframework.security.oauth2.server.authorization.web.OAuth2DeviceAuthorizationEndpointFilter@76ad048a, org.springframework.security.oauth2.server.authorization.oidc.web.OidcUserInfoEndpointFilter@35ff7336]] (7/8)
2026-06-05T11:41:23.341-03:00 DEBUG 512 --- [libraryapi] [http-nio-8080-exec-6] o.s.security.web.FilterChainProxy        : Securing POST /oauth2/token
2026-06-05T11:41:23.341-03:00 TRACE 512 --- [libraryapi] [http-nio-8080-exec-6] o.s.security.web.FilterChainProxy        : Invoking DisableEncodeUrlFilter (1/26)
2026-06-05T11:41:23.341-03:00 TRACE 512 --- [libraryapi] [http-nio-8080-exec-6] o.s.security.web.FilterChainProxy        : Invoking WebAsyncManagerIntegrationFilter (2/26)
2026-06-05T11:41:23.342-03:00 TRACE 512 --- [libraryapi] [http-nio-8080-exec-6] o.s.security.web.FilterChainProxy        : Invoking SecurityContextHolderFilter (3/26)
2026-06-05T11:41:23.342-03:00 TRACE 512 --- [libraryapi] [http-nio-8080-exec-6] o.s.security.web.FilterChainProxy        : Invoking AuthorizationServerContextFilter (4/26)
2026-06-05T11:41:23.342-03:00 TRACE 512 --- [libraryapi] [http-nio-8080-exec-6] o.s.security.web.FilterChainProxy        : Invoking HeaderWriterFilter (5/26)
2026-06-05T11:41:23.342-03:00 TRACE 512 --- [libraryapi] [http-nio-8080-exec-6] o.s.security.web.FilterChainProxy        : Invoking CsrfFilter (6/26)
2026-06-05T11:41:23.342-03:00 TRACE 512 --- [libraryapi] [http-nio-8080-exec-6] o.s.security.web.csrf.CsrfFilter         : Did not protect against CSRF since request did not match And [CsrfNotRequired [TRACE, HEAD, GET, OPTIONS], Not [Or [org.springframework.security.oauth2.server.authorization.config.annotation.web.configurers.OAuth2AuthorizationServerConfigurer$$Lambda/0x0000018f81a77688@5e4d55a6, org.springframework.security.config.annotation.web.configurers.oauth2.server.resource.OAuth2ResourceServerConfigurer$BearerTokenRequestMatcher@4ce2f4d6]]]
2026-06-05T11:41:23.342-03:00 TRACE 512 --- [libraryapi] [http-nio-8080-exec-6] o.s.security.web.FilterChainProxy        : Invoking OidcLogoutEndpointFilter (7/26)
2026-06-05T11:41:23.342-03:00 TRACE 512 --- [libraryapi] [http-nio-8080-exec-6] o.s.security.web.FilterChainProxy        : Invoking LogoutFilter (8/26)
2026-06-05T11:41:23.342-03:00 TRACE 512 --- [libraryapi] [http-nio-8080-exec-6] o.s.s.w.a.logout.LogoutFilter            : Did not match request to Ant [pattern='/logout', POST]
2026-06-05T11:41:23.342-03:00 TRACE 512 --- [libraryapi] [http-nio-8080-exec-6] o.s.security.web.FilterChainProxy        : Invoking OAuth2AuthorizationServerMetadataEndpointFilter (9/26)
2026-06-05T11:41:23.343-03:00 TRACE 512 --- [libraryapi] [http-nio-8080-exec-6] o.s.security.web.FilterChainProxy        : Invoking OAuth2AuthorizationEndpointFilter (10/26)
2026-06-05T11:41:23.343-03:00 TRACE 512 --- [libraryapi] [http-nio-8080-exec-6] o.s.security.web.FilterChainProxy        : Invoking OAuth2DeviceVerificationEndpointFilter (11/26)
2026-06-05T11:41:23.343-03:00 TRACE 512 --- [libraryapi] [http-nio-8080-exec-6] o.s.security.web.FilterChainProxy        : Invoking OidcProviderConfigurationEndpointFilter (12/26)
2026-06-05T11:41:23.343-03:00 TRACE 512 --- [libraryapi] [http-nio-8080-exec-6] o.s.security.web.FilterChainProxy        : Invoking NimbusJwkSetEndpointFilter (13/26)
2026-06-05T11:41:23.343-03:00 TRACE 512 --- [libraryapi] [http-nio-8080-exec-6] o.s.security.web.FilterChainProxy        : Invoking OAuth2ClientAuthenticationFilter (14/26)
2026-06-05T11:41:23.345-03:00 TRACE 512 --- [libraryapi] [http-nio-8080-exec-6] o.s.s.authentication.ProviderManager     : Authenticating request with JwtClientAssertionAuthenticationProvider (1/20)
2026-06-05T11:41:23.345-03:00 TRACE 512 --- [libraryapi] [http-nio-8080-exec-6] o.s.s.authentication.ProviderManager     : Authenticating request with X509ClientCertificateAuthenticationProvider (2/20)
2026-06-05T11:41:23.345-03:00 TRACE 512 --- [libraryapi] [http-nio-8080-exec-6] o.s.s.authentication.ProviderManager     : Authenticating request with ClientSecretAuthenticationProvider (3/20)
2026-06-05T11:41:23.351-03:00 TRACE 512 --- [libraryapi] [http-nio-8080-exec-6] s.a.a.ClientSecretAuthenticationProvider : Retrieved registered client
2026-06-05T11:41:23.439-03:00 TRACE 512 --- [libraryapi] [http-nio-8080-exec-6] s.a.a.ClientSecretAuthenticationProvider : Validated client authentication parameters
2026-06-05T11:41:23.440-03:00 TRACE 512 --- [libraryapi] [http-nio-8080-exec-6] o.s.s.o.s.a.a.CodeVerifierAuthenticator  : Retrieved authorization with authorization code
2026-06-05T11:41:23.440-03:00 TRACE 512 --- [libraryapi] [http-nio-8080-exec-6] o.s.s.o.s.a.a.CodeVerifierAuthenticator  : Did not authenticate code verifier since requireProofKey=false
2026-06-05T11:41:23.440-03:00 TRACE 512 --- [libraryapi] [http-nio-8080-exec-6] s.a.a.ClientSecretAuthenticationProvider : Authenticated client secret
2026-06-05T11:41:23.441-03:00 DEBUG 512 --- [libraryapi] [http-nio-8080-exec-6] o.s.a.w.OAuth2ClientAuthenticationFilter : Set SecurityContextHolder authentication to OAuth2ClientAuthenticationToken
2026-06-05T11:41:23.441-03:00 TRACE 512 --- [libraryapi] [http-nio-8080-exec-6] o.s.security.web.FilterChainProxy        : Invoking UsernamePasswordAuthenticationFilter (15/26)
2026-06-05T11:41:23.441-03:00 TRACE 512 --- [libraryapi] [http-nio-8080-exec-6] w.a.UsernamePasswordAuthenticationFilter : Did not match request to Ant [pattern='/login', POST]
2026-06-05T11:41:23.441-03:00 TRACE 512 --- [libraryapi] [http-nio-8080-exec-6] o.s.security.web.FilterChainProxy        : Invoking BearerTokenAuthenticationFilter (16/26)
2026-06-05T11:41:23.442-03:00 TRACE 512 --- [libraryapi] [http-nio-8080-exec-6] .s.r.w.a.BearerTokenAuthenticationFilter : Did not process request since did not find bearer token
2026-06-05T11:41:23.442-03:00 TRACE 512 --- [libraryapi] [http-nio-8080-exec-6] o.s.security.web.FilterChainProxy        : Invoking RequestCacheAwareFilter (17/26)
2026-06-05T11:41:23.442-03:00 TRACE 512 --- [libraryapi] [http-nio-8080-exec-6] o.s.s.w.s.HttpSessionRequestCache        : matchingRequestParameterName is required for getMatchingRequest to lookup a value, but not provided
2026-06-05T11:41:23.442-03:00 TRACE 512 --- [libraryapi] [http-nio-8080-exec-6] o.s.security.web.FilterChainProxy        : Invoking SecurityContextHolderAwareRequestFilter (18/26)
2026-06-05T11:41:23.442-03:00 TRACE 512 --- [libraryapi] [http-nio-8080-exec-6] o.s.security.web.FilterChainProxy        : Invoking AnonymousAuthenticationFilter (19/26)
2026-06-05T11:41:23.442-03:00 TRACE 512 --- [libraryapi] [http-nio-8080-exec-6] o.s.security.web.FilterChainProxy        : Invoking ExceptionTranslationFilter (20/26)
2026-06-05T11:41:23.442-03:00 TRACE 512 --- [libraryapi] [http-nio-8080-exec-6] o.s.security.web.FilterChainProxy        : Invoking AuthorizationFilter (21/26)
2026-06-05T11:41:23.443-03:00 TRACE 512 --- [libraryapi] [http-nio-8080-exec-6] estMatcherDelegatingAuthorizationManager : Authorizing POST /oauth2/token
2026-06-05T11:41:23.443-03:00 TRACE 512 --- [libraryapi] [http-nio-8080-exec-6] estMatcherDelegatingAuthorizationManager : Checking authorization on POST /oauth2/token using org.springframework.security.authorization.AuthenticatedAuthorizationManager@30029028
2026-06-05T11:41:23.443-03:00 TRACE 512 --- [libraryapi] [http-nio-8080-exec-6] o.s.s.w.a.AnonymousAuthenticationFilter  : Did not set SecurityContextHolder since already authenticated OAuth2ClientAuthenticationToken [Principal=meu-client, Credentials=[PROTECTED], Authenticated=true, Details=WebAuthenticationDetails [RemoteIpAddress=0:0:0:0:0:0:0:1, SessionId=null], Granted Authorities=[]]
2026-06-05T11:41:23.444-03:00 TRACE 512 --- [libraryapi] [http-nio-8080-exec-6] o.s.security.web.FilterChainProxy        : Invoking OAuth2TokenEndpointFilter (22/26)
2026-06-05T11:41:23.447-03:00 TRACE 512 --- [libraryapi] [http-nio-8080-exec-6] o.s.s.authentication.ProviderManager     : Authenticating request with OAuth2AuthorizationCodeAuthenticationProvider (1/20)
2026-06-05T11:41:23.449-03:00 TRACE 512 --- [libraryapi] [http-nio-8080-exec-6] 2AuthorizationCodeAuthenticationProvider : Retrieved registered client
2026-06-05T11:41:23.450-03:00 TRACE 512 --- [libraryapi] [http-nio-8080-exec-6] 2AuthorizationCodeAuthenticationProvider : Retrieved authorization with authorization code
2026-06-05T11:41:23.450-03:00 TRACE 512 --- [libraryapi] [http-nio-8080-exec-6] 2AuthorizationCodeAuthenticationProvider : Validated token request parameters
2026-06-05T11:41:23.612-03:00 TRACE 512 --- [libraryapi] [http-nio-8080-exec-6] 2AuthorizationCodeAuthenticationProvider : Generated access token
2026-06-05T11:41:23.616-03:00 TRACE 512 --- [libraryapi] [http-nio-8080-exec-6] 2AuthorizationCodeAuthenticationProvider : Generated refresh token
2026-06-05T11:41:23.617-03:00 TRACE 512 --- [libraryapi] [http-nio-8080-exec-6] 2AuthorizationCodeAuthenticationProvider : Saved authorization
2026-06-05T11:41:23.617-03:00 TRACE 512 --- [libraryapi] [http-nio-8080-exec-6] 2AuthorizationCodeAuthenticationProvider : Authenticated token request
2026-06-05T11:41:23.669-03:00 TRACE 512 --- [libraryapi] [http-nio-8080-exec-6] o.s.s.w.header.writers.HstsHeaderWriter  : Not injecting HSTS header since it did not match request to [Is Secure]
2026-06-05T11:42:43.988-03:00 TRACE 512 --- [libraryapi] [http-nio-8080-exec-5] o.s.security.web.FilterChainProxy        : Trying to match request against DefaultSecurityFilterChain [RequestMatcher=Deferred [Mvc [pattern='/v2/api-docs/**'], Ant [pattern='/v2/api-docs/**']], Filters=[]] (1/8)
2026-06-05T11:42:43.988-03:00 TRACE 512 --- [libraryapi] [http-nio-8080-exec-5] o.s.security.web.FilterChainProxy        : Trying to match request against DefaultSecurityFilterChain [RequestMatcher=Deferred [Mvc [pattern='v3/api-docs/**'], Ant [pattern='v3/api-docs/**']], Filters=[]] (2/8)
2026-06-05T11:42:43.988-03:00 TRACE 512 --- [libraryapi] [http-nio-8080-exec-5] o.s.security.web.FilterChainProxy        : Trying to match request against DefaultSecurityFilterChain [RequestMatcher=Deferred [Mvc [pattern='/swagger-resource/**'], Ant [pattern='/swagger-resource/**']], Filters=[]] (3/8)
2026-06-05T11:42:43.988-03:00 TRACE 512 --- [libraryapi] [http-nio-8080-exec-5] o.s.security.web.FilterChainProxy        : Trying to match request against DefaultSecurityFilterChain [RequestMatcher=Deferred [Mvc [pattern='/swagger-ui.html'], Ant [pattern='/swagger-ui.html']], Filters=[]] (4/8)
2026-06-05T11:42:43.988-03:00 TRACE 512 --- [libraryapi] [http-nio-8080-exec-5] o.s.security.web.FilterChainProxy        : Trying to match request against DefaultSecurityFilterChain [RequestMatcher=Deferred [Mvc [pattern='/swagger-ui/**'], Ant [pattern='/swagger-ui/**']], Filters=[]] (5/8)
2026-06-05T11:42:43.988-03:00 TRACE 512 --- [libraryapi] [http-nio-8080-exec-5] o.s.security.web.FilterChainProxy        : Trying to match request against DefaultSecurityFilterChain [RequestMatcher=Deferred [Mvc [pattern='/webjars/**'], Ant [pattern='/webjars/**']], Filters=[]] (6/8)
2026-06-05T11:42:43.990-03:00 TRACE 512 --- [libraryapi] [http-nio-8080-exec-5] o.s.security.web.FilterChainProxy        : Trying to match request against DefaultSecurityFilterChain [RequestMatcher=org.springframework.security.oauth2.server.authorization.config.annotation.web.configurers.OAuth2AuthorizationServerConfigurer$$Lambda/0x0000018f81a77688@5e4d55a6, Filters=[org.springframework.security.web.session.DisableEncodeUrlFilter@582d08a1, org.springframework.security.web.context.request.async.WebAsyncManagerIntegrationFilter@3da87add, org.springframework.security.web.context.SecurityContextHolderFilter@79e2aa2d, org.springframework.security.oauth2.server.authorization.config.annotation.web.configurers.AuthorizationServerContextFilter@20bd3082, org.springframework.security.web.header.HeaderWriterFilter@24b9c037, org.springframework.security.web.csrf.CsrfFilter@77d771a2, org.springframework.security.oauth2.server.authorization.oidc.web.OidcLogoutEndpointFilter@3e42cff9, org.springframework.security.web.authentication.logout.LogoutFilter@6ad4d333, org.springframework.security.oauth2.server.authorization.web.OAuth2AuthorizationServerMetadataEndpointFilter@6eb8fd79, org.springframework.security.oauth2.server.authorization.web.OAuth2AuthorizationEndpointFilter@279c94ad, org.springframework.security.oauth2.server.authorization.web.OAuth2DeviceVerificationEndpointFilter@2295535f, org.springframework.security.oauth2.server.authorization.oidc.web.OidcProviderConfigurationEndpointFilter@2174fda1, org.springframework.security.oauth2.server.authorization.web.NimbusJwkSetEndpointFilter@69cd4267, org.springframework.security.oauth2.server.authorization.web.OAuth2ClientAuthenticationFilter@393e6bdd, org.springframework.security.web.authentication.UsernamePasswordAuthenticationFilter@4cef1ea6, org.springframework.security.oauth2.server.resource.web.authentication.BearerTokenAuthenticationFilter@73c71083, org.springframework.security.web.savedrequest.RequestCacheAwareFilter@21259314, org.springframework.security.web.servletapi.SecurityContextHolderAwareRequestFilter@7fc8930f, org.springframework.security.web.authentication.AnonymousAuthenticationFilter@23720320, org.springframework.security.web.access.ExceptionTranslationFilter@60bc259a, org.springframework.security.web.access.intercept.AuthorizationFilter@377d66f, org.springframework.security.oauth2.server.authorization.web.OAuth2TokenEndpointFilter@2f71bb66, org.springframework.security.oauth2.server.authorization.web.OAuth2TokenIntrospectionEndpointFilter@27c05ed9, org.springframework.security.oauth2.server.authorization.web.OAuth2TokenRevocationEndpointFilter@2d0ed017, org.springframework.security.oauth2.server.authorization.web.OAuth2DeviceAuthorizationEndpointFilter@76ad048a, org.springframework.security.oauth2.server.authorization.oidc.web.OidcUserInfoEndpointFilter@35ff7336]] (7/8)
2026-06-05T11:42:43.990-03:00 TRACE 512 --- [libraryapi] [http-nio-8080-exec-5] o.s.security.web.FilterChainProxy        : Trying to match request against DefaultSecurityFilterChain [RequestMatcher=any request, Filters=[org.springframework.security.web.session.DisableEncodeUrlFilter@440dee0e, org.springframework.security.web.context.request.async.WebAsyncManagerIntegrationFilter@25b606dd, org.springframework.security.web.context.SecurityContextHolderFilter@21707a18, org.springframework.security.web.header.HeaderWriterFilter@3593e8dd, org.springframework.security.web.authentication.logout.LogoutFilter@fe739e7, org.springframework.security.oauth2.client.web.OAuth2AuthorizationRequestRedirectFilter@11e2de88, org.springframework.security.oauth2.client.web.OAuth2LoginAuthenticationFilter@2c17ebb7, org.springframework.security.web.authentication.UsernamePasswordAuthenticationFilter@2c513e9f, org.springframework.security.oauth2.server.resource.web.authentication.BearerTokenAuthenticationFilter@2b867623, com.github.iuryrayam.libraryapi.security.JwtCustomAuthenticationFilter@5e781b4f, org.springframework.security.web.savedrequest.RequestCacheAwareFilter@6ac93b87, org.springframework.security.web.servletapi.SecurityContextHolderAwareRequestFilter@71af3c7, org.springframework.security.web.authentication.AnonymousAuthenticationFilter@30928778, org.springframework.security.web.access.ExceptionTranslationFilter@66e17bf2, org.springframework.security.web.access.intercept.AuthorizationFilter@78d3578e]] (8/8)
2026-06-05T11:42:43.990-03:00 DEBUG 512 --- [libraryapi] [http-nio-8080-exec-5] o.s.security.web.FilterChainProxy        : Securing POST /clients
2026-06-05T11:42:43.990-03:00 TRACE 512 --- [libraryapi] [http-nio-8080-exec-5] o.s.security.web.FilterChainProxy        : Invoking DisableEncodeUrlFilter (1/15)
2026-06-05T11:42:43.990-03:00 TRACE 512 --- [libraryapi] [http-nio-8080-exec-5] o.s.security.web.FilterChainProxy        : Invoking WebAsyncManagerIntegrationFilter (2/15)
2026-06-05T11:42:43.991-03:00 TRACE 512 --- [libraryapi] [http-nio-8080-exec-5] o.s.security.web.FilterChainProxy        : Invoking SecurityContextHolderFilter (3/15)
2026-06-05T11:42:43.991-03:00 TRACE 512 --- [libraryapi] [http-nio-8080-exec-5] o.s.security.web.FilterChainProxy        : Invoking HeaderWriterFilter (4/15)
2026-06-05T11:42:43.991-03:00 TRACE 512 --- [libraryapi] [http-nio-8080-exec-5] o.s.security.web.FilterChainProxy        : Invoking LogoutFilter (5/15)
2026-06-05T11:42:43.991-03:00 TRACE 512 --- [libraryapi] [http-nio-8080-exec-5] o.s.s.w.a.logout.LogoutFilter            : Did not match request to Or [Ant [pattern='/logout', GET], Ant [pattern='/logout', POST], Ant [pattern='/logout', PUT], Ant [pattern='/logout', DELETE]]
2026-06-05T11:42:43.992-03:00 TRACE 512 --- [libraryapi] [http-nio-8080-exec-5] o.s.security.web.FilterChainProxy        : Invoking OAuth2AuthorizationRequestRedirectFilter (6/15)
2026-06-05T11:42:43.992-03:00 TRACE 512 --- [libraryapi] [http-nio-8080-exec-5] o.s.security.web.FilterChainProxy        : Invoking OAuth2LoginAuthenticationFilter (7/15)
2026-06-05T11:42:43.992-03:00 TRACE 512 --- [libraryapi] [http-nio-8080-exec-5] .s.o.c.w.OAuth2LoginAuthenticationFilter : Did not match request to Ant [pattern='/login/oauth2/code/*']
2026-06-05T11:42:43.992-03:00 TRACE 512 --- [libraryapi] [http-nio-8080-exec-5] o.s.security.web.FilterChainProxy        : Invoking UsernamePasswordAuthenticationFilter (8/15)
2026-06-05T11:42:43.992-03:00 TRACE 512 --- [libraryapi] [http-nio-8080-exec-5] w.a.UsernamePasswordAuthenticationFilter : Did not match request to Ant [pattern='/login', POST]
2026-06-05T11:42:43.992-03:00 TRACE 512 --- [libraryapi] [http-nio-8080-exec-5] o.s.security.web.FilterChainProxy        : Invoking BearerTokenAuthenticationFilter (9/15)
2026-06-05T11:42:43.993-03:00 TRACE 512 --- [libraryapi] [http-nio-8080-exec-5] o.s.s.authentication.ProviderManager     : Authenticating request with JwtAuthenticationProvider (1/4)
2026-06-05T11:42:44.009-03:00 TRACE 512 --- [libraryapi] [http-nio-8080-exec-5] s.o.s.r.a.JwtGrantedAuthoritiesConverter : Returning no authorities since could not find any claims that might contain scopes
2026-06-05T11:42:44.010-03:00 DEBUG 512 --- [libraryapi] [http-nio-8080-exec-5] o.s.s.o.s.r.a.JwtAuthenticationProvider  : Authenticated token
2026-06-05T11:42:44.010-03:00 DEBUG 512 --- [libraryapi] [http-nio-8080-exec-5] .s.r.w.a.BearerTokenAuthenticationFilter : Set SecurityContextHolder to JwtAuthenticationToken [Principal=org.springframework.security.oauth2.jwt.Jwt@448bb7cf, Credentials=[PROTECTED], Authenticated=true, Details=WebAuthenticationDetails [RemoteIpAddress=0:0:0:0:0:0:0:1, SessionId=null], Granted Authorities=[]]
2026-06-05T11:42:44.011-03:00 TRACE 512 --- [libraryapi] [http-nio-8080-exec-5] o.s.security.web.FilterChainProxy        : Invoking JwtCustomAuthenticationFilter (10/15)
2026-06-05T11:42:44.020-03:00 TRACE 512 --- [libraryapi] [http-nio-8080-exec-5] o.s.security.web.FilterChainProxy        : Invoking RequestCacheAwareFilter (11/15)
2026-06-05T11:42:44.020-03:00 TRACE 512 --- [libraryapi] [http-nio-8080-exec-5] o.s.s.w.s.HttpSessionRequestCache        : matchingRequestParameterName is required for getMatchingRequest to lookup a value, but not provided
2026-06-05T11:42:44.020-03:00 TRACE 512 --- [libraryapi] [http-nio-8080-exec-5] o.s.security.web.FilterChainProxy        : Invoking SecurityContextHolderAwareRequestFilter (12/15)
2026-06-05T11:42:44.020-03:00 TRACE 512 --- [libraryapi] [http-nio-8080-exec-5] o.s.security.web.FilterChainProxy        : Invoking AnonymousAuthenticationFilter (13/15)
2026-06-05T11:42:44.020-03:00 TRACE 512 --- [libraryapi] [http-nio-8080-exec-5] o.s.security.web.FilterChainProxy        : Invoking ExceptionTranslationFilter (14/15)
2026-06-05T11:42:44.020-03:00 TRACE 512 --- [libraryapi] [http-nio-8080-exec-5] o.s.security.web.FilterChainProxy        : Invoking AuthorizationFilter (15/15)
2026-06-05T11:42:44.020-03:00 TRACE 512 --- [libraryapi] [http-nio-8080-exec-5] estMatcherDelegatingAuthorizationManager : Authorizing POST /clients
2026-06-05T11:42:44.021-03:00 TRACE 512 --- [libraryapi] [http-nio-8080-exec-5] estMatcherDelegatingAuthorizationManager : Checking authorization on POST /clients using org.springframework.security.authorization.AuthenticatedAuthorizationManager@43dfb9b8
2026-06-05T11:42:44.021-03:00 TRACE 512 --- [libraryapi] [http-nio-8080-exec-5] o.s.s.w.a.AnonymousAuthenticationFilter  : Did not set SecurityContextHolder since already authenticated com.github.iuryrayam.libraryapi.security.CustomAuthentication@3dc2a2bf
2026-06-05T11:42:44.021-03:00 DEBUG 512 --- [libraryapi] [http-nio-8080-exec-5] o.s.security.web.FilterChainProxy        : Secured POST /clients
2026-06-05T11:42:44.022-03:00 DEBUG 512 --- [libraryapi] [http-nio-8080-exec-5] o.s.web.servlet.DispatcherServlet        : POST "/clients", parameters={}
2026-06-05T11:42:44.022-03:00 DEBUG 512 --- [libraryapi] [http-nio-8080-exec-5] s.w.s.m.m.a.RequestMappingHandlerMapping : Mapped to com.github.iuryrayam.libraryapi.controller.ClientController#salvar(Client)
2026-06-05T11:42:44.140-03:00 DEBUG 512 --- [libraryapi] [http-nio-8080-exec-5] m.m.a.RequestResponseBodyMethodProcessor : Read "application/json;charset=UTF-8" to [Client(id=null, clientId=postman-client, clientSecret=postman-secret, redirectURI=http://localhost:8 (truncated)...]
2026-06-05T11:42:44.151-03:00 DEBUG 512 --- [libraryapi] [http-nio-8080-exec-5] horizationManagerBeforeMethodInterceptor : Authorizing method invocation ReflectiveMethodInvocation: public void com.github.iuryrayam.libraryapi.controller.ClientController.salvar(com.github.iuryrayam.libraryapi.model.Client); target is of class [com.github.iuryrayam.libraryapi.controller.ClientController]
2026-06-05T11:42:44.164-03:00 DEBUG 512 --- [libraryapi] [http-nio-8080-exec-5] horizationManagerBeforeMethodInterceptor : Authorized method invocation ReflectiveMethodInvocation: public void com.github.iuryrayam.libraryapi.controller.ClientController.salvar(com.github.iuryrayam.libraryapi.model.Client); target is of class [com.github.iuryrayam.libraryapi.controller.ClientController]
2026-06-05T11:42:44.164-03:00  INFO 512 --- [libraryapi] [http-nio-8080-exec-5] c.g.i.l.controller.ClientController      : Registrando novo Client: postman-client com scopo: GERENTE
2026-06-05T11:42:44.324-03:00 DEBUG 512 --- [libraryapi] [http-nio-8080-exec-5] o.s.web.servlet.DispatcherServlet        : Completed 201 CREATED
2026-06-05T11:42:44.325-03:00 TRACE 512 --- [libraryapi] [http-nio-8080-exec-5] o.s.s.w.header.writers.HstsHeaderWriter  : Not injecting HSTS header since it did not match request to [Is Secure]
2026-06-05T12:15:06.457-03:00  INFO 9960 --- [libraryapi] [main] c.g.iuryrayam.libraryapi.Application     : Starting Application using Java 21.0.8 with PID 9960 (C:\Users\Iury Rayam\OneDrive\Documentos\projetos de tecnologias\projetos java\spring-boot-expert\libraryapi\target\classes started by Iury Rayam in C:\Users\Iury Rayam\OneDrive\Documentos\projetos de tecnologias\projetos java\spring-boot-expert\libraryapi)
2026-06-05T12:15:06.460-03:00 DEBUG 9960 --- [libraryapi] [main] c.g.iuryrayam.libraryapi.Application     : Running with Spring Boot v3.3.4, Spring v6.1.13
2026-06-05T12:15:06.461-03:00  INFO 9960 --- [libraryapi] [main] c.g.iuryrayam.libraryapi.Application     : No active profile set, falling back to 1 default profile: "default"
2026-06-05T12:15:09.800-03:00  WARN 9960 --- [libraryapi] [main] com.zaxxer.hikari.HikariConfig           : library-db-pool - idleTimeout is close to or more than maxLifetime, disabling it.
2026-06-05T12:15:13.936-03:00 DEBUG 9960 --- [libraryapi] [main] c.g.i.l.s.JwtCustomAuthenticationFilter  : Filter 'jwtCustomAuthenticationFilter' configured for use
2026-06-05T12:15:15.532-03:00  WARN 9960 --- [libraryapi] [main] JpaBaseConfiguration$JpaWebConfiguration : spring.jpa.open-in-view is enabled by default. Therefore, database queries may be performed during view rendering. Explicitly configure spring.jpa.open-in-view to disable this warning
2026-06-05T12:15:15.572-03:00 TRACE 9960 --- [libraryapi] [main] eGlobalAuthenticationAutowiredConfigurer : Eagerly initializing {authorizationServerConfiguration=com.github.iuryrayam.libraryapi.config.AuthorizationServerConfiguration$$SpringCGLIB$$0@58829c2c, securityConfiguration=com.github.iuryrayam.libraryapi.config.SecurityConfiguration$$SpringCGLIB$$0@3070f59f}
2026-06-05T12:15:15.578-03:00  INFO 9960 --- [libraryapi] [main] eAuthenticationProviderManagerConfigurer : Global AuthenticationManager configured with AuthenticationProvider bean with name customAuthenticationProvider
2026-06-05T12:15:15.897-03:00 DEBUG 9960 --- [libraryapi] [main] s.w.s.m.m.a.RequestMappingHandlerMapping : 21 mappings in 'requestMappingHandlerMapping'
2026-06-05T12:15:15.939-03:00 DEBUG 9960 --- [libraryapi] [main] o.s.w.s.handler.SimpleUrlHandlerMapping  : Patterns [/login] in 'viewControllerHandlerMapping'
2026-06-05T12:15:16.012-03:00 DEBUG 9960 --- [libraryapi] [main] o.s.w.s.handler.SimpleUrlHandlerMapping  : Patterns [/swagger-ui*/*swagger-initializer.js, /swagger-ui*/**] in 'resourceHandlerMapping'
2026-06-05T12:15:17.000-03:00 DEBUG 9960 --- [libraryapi] [main] o.s.s.web.DefaultSecurityFilterChain     : Will secure org.springframework.security.oauth2.server.authorization.config.annotation.web.configurers.OAuth2AuthorizationServerConfigurer$$Lambda/0x000001bb57a74800@4a81582c with filters: DisableEncodeUrlFilter, WebAsyncManagerIntegrationFilter, SecurityContextHolderFilter, AuthorizationServerContextFilter, HeaderWriterFilter, CsrfFilter, OidcLogoutEndpointFilter, LogoutFilter, OAuth2AuthorizationServerMetadataEndpointFilter, OAuth2AuthorizationEndpointFilter, OAuth2DeviceVerificationEndpointFilter, OidcProviderConfigurationEndpointFilter, NimbusJwkSetEndpointFilter, OAuth2ClientAuthenticationFilter, UsernamePasswordAuthenticationFilter, BearerTokenAuthenticationFilter, RequestCacheAwareFilter, SecurityContextHolderAwareRequestFilter, AnonymousAuthenticationFilter, ExceptionTranslationFilter, AuthorizationFilter, OAuth2TokenEndpointFilter, OAuth2TokenIntrospectionEndpointFilter, OAuth2TokenRevocationEndpointFilter, OAuth2DeviceAuthorizationEndpointFilter, OidcUserInfoEndpointFilter
2026-06-05T12:15:17.062-03:00 DEBUG 9960 --- [libraryapi] [main] o.s.s.web.DefaultSecurityFilterChain     : Will secure any request with filters: DisableEncodeUrlFilter, WebAsyncManagerIntegrationFilter, SecurityContextHolderFilter, HeaderWriterFilter, LogoutFilter, OAuth2AuthorizationRequestRedirectFilter, OAuth2LoginAuthenticationFilter, UsernamePasswordAuthenticationFilter, BearerTokenAuthenticationFilter, JwtCustomAuthenticationFilter, RequestCacheAwareFilter, SecurityContextHolderAwareRequestFilter, AnonymousAuthenticationFilter, ExceptionTranslationFilter, AuthorizationFilter
2026-06-05T12:15:17.073-03:00  WARN 9960 --- [libraryapi] [main] o.s.s.c.a.web.builders.WebSecurity       : You are asking Spring Security to ignore Deferred [Mvc [pattern='/v2/api-docs/**'], Ant [pattern='/v2/api-docs/**']]. This is not recommended -- please use permitAll via HttpSecurity#authorizeHttpRequests instead.
2026-06-05T12:15:17.074-03:00 DEBUG 9960 --- [libraryapi] [main] o.s.s.web.DefaultSecurityFilterChain     : Will not secure Deferred [Mvc [pattern='/v2/api-docs/**'], Ant [pattern='/v2/api-docs/**']]
2026-06-05T12:15:17.074-03:00  WARN 9960 --- [libraryapi] [main] o.s.s.c.a.web.builders.WebSecurity       : You are asking Spring Security to ignore Deferred [Mvc [pattern='v3/api-docs/**'], Ant [pattern='v3/api-docs/**']]. This is not recommended -- please use permitAll via HttpSecurity#authorizeHttpRequests instead.
2026-06-05T12:15:17.074-03:00 DEBUG 9960 --- [libraryapi] [main] o.s.s.web.DefaultSecurityFilterChain     : Will not secure Deferred [Mvc [pattern='v3/api-docs/**'], Ant [pattern='v3/api-docs/**']]
2026-06-05T12:15:17.074-03:00  WARN 9960 --- [libraryapi] [main] o.s.s.c.a.web.builders.WebSecurity       : You are asking Spring Security to ignore Deferred [Mvc [pattern='/swagger-resource/**'], Ant [pattern='/swagger-resource/**']]. This is not recommended -- please use permitAll via HttpSecurity#authorizeHttpRequests instead.
2026-06-05T12:15:17.075-03:00 DEBUG 9960 --- [libraryapi] [main] o.s.s.web.DefaultSecurityFilterChain     : Will not secure Deferred [Mvc [pattern='/swagger-resource/**'], Ant [pattern='/swagger-resource/**']]
2026-06-05T12:15:17.075-03:00  WARN 9960 --- [libraryapi] [main] o.s.s.c.a.web.builders.WebSecurity       : You are asking Spring Security to ignore Deferred [Mvc [pattern='/swagger-ui.html'], Ant [pattern='/swagger-ui.html']]. This is not recommended -- please use permitAll via HttpSecurity#authorizeHttpRequests instead.
2026-06-05T12:15:17.075-03:00 DEBUG 9960 --- [libraryapi] [main] o.s.s.web.DefaultSecurityFilterChain     : Will not secure Deferred [Mvc [pattern='/swagger-ui.html'], Ant [pattern='/swagger-ui.html']]
2026-06-05T12:15:17.075-03:00  WARN 9960 --- [libraryapi] [main] o.s.s.c.a.web.builders.WebSecurity       : You are asking Spring Security to ignore Deferred [Mvc [pattern='/swagger-ui/**'], Ant [pattern='/swagger-ui/**']]. This is not recommended -- please use permitAll via HttpSecurity#authorizeHttpRequests instead.
2026-06-05T12:15:17.075-03:00 DEBUG 9960 --- [libraryapi] [main] o.s.s.web.DefaultSecurityFilterChain     : Will not secure Deferred [Mvc [pattern='/swagger-ui/**'], Ant [pattern='/swagger-ui/**']]
2026-06-05T12:15:17.075-03:00  WARN 9960 --- [libraryapi] [main] o.s.s.c.a.web.builders.WebSecurity       : You are asking Spring Security to ignore Deferred [Mvc [pattern='/webjars/**'], Ant [pattern='/webjars/**']]. This is not recommended -- please use permitAll via HttpSecurity#authorizeHttpRequests instead.
2026-06-05T12:15:17.075-03:00 DEBUG 9960 --- [libraryapi] [main] o.s.s.web.DefaultSecurityFilterChain     : Will not secure Deferred [Mvc [pattern='/webjars/**'], Ant [pattern='/webjars/**']]
2026-06-05T12:15:17.135-03:00 DEBUG 9960 --- [libraryapi] [main] s.w.s.m.m.a.RequestMappingHandlerAdapter : ControllerAdvice beans: 0 @ModelAttribute, 0 @InitBinder, 1 RequestBodyAdvice, 1 ResponseBodyAdvice
2026-06-05T12:15:17.166-03:00 DEBUG 9960 --- [libraryapi] [main] .m.m.a.ExceptionHandlerExceptionResolver : ControllerAdvice beans: 2 @ExceptionHandler, 1 ResponseBodyAdvice
2026-06-05T12:15:17.841-03:00  INFO 9960 --- [libraryapi] [main] c.g.iuryrayam.libraryapi.Application     : Started Application in 12.267 seconds (process running for 13.089)
2026-06-05T12:15:30.251-03:00  INFO 10628 --- [libraryapi] [main] c.g.iuryrayam.libraryapi.Application     : Starting Application using Java 21.0.8 with PID 10628 (C:\Users\Iury Rayam\OneDrive\Documentos\projetos de tecnologias\projetos java\spring-boot-expert\libraryapi\target\classes started by Iury Rayam in C:\Users\Iury Rayam\OneDrive\Documentos\projetos de tecnologias\projetos java\spring-boot-expert\libraryapi)
2026-06-05T12:15:30.254-03:00 DEBUG 10628 --- [libraryapi] [main] c.g.iuryrayam.libraryapi.Application     : Running with Spring Boot v3.3.4, Spring v6.1.13
2026-06-05T12:15:30.262-03:00  INFO 10628 --- [libraryapi] [main] c.g.iuryrayam.libraryapi.Application     : No active profile set, falling back to 1 default profile: "default"
2026-06-05T12:15:33.271-03:00  WARN 10628 --- [libraryapi] [main] com.zaxxer.hikari.HikariConfig           : library-db-pool - idleTimeout is close to or more than maxLifetime, disabling it.
2026-06-05T12:15:35.613-03:00 DEBUG 10628 --- [libraryapi] [main] c.g.i.l.s.JwtCustomAuthenticationFilter  : Filter 'jwtCustomAuthenticationFilter' configured for use
2026-06-05T12:15:36.679-03:00  WARN 10628 --- [libraryapi] [main] JpaBaseConfiguration$JpaWebConfiguration : spring.jpa.open-in-view is enabled by default. Therefore, database queries may be performed during view rendering. Explicitly configure spring.jpa.open-in-view to disable this warning
2026-06-05T12:15:36.700-03:00 TRACE 10628 --- [libraryapi] [main] eGlobalAuthenticationAutowiredConfigurer : Eagerly initializing {authorizationServerConfiguration=com.github.iuryrayam.libraryapi.config.AuthorizationServerConfiguration$$SpringCGLIB$$0@1dcc0bb8, securityConfiguration=com.github.iuryrayam.libraryapi.config.SecurityConfiguration$$SpringCGLIB$$0@321302bc}
2026-06-05T12:15:36.704-03:00  INFO 10628 --- [libraryapi] [main] eAuthenticationProviderManagerConfigurer : Global AuthenticationManager configured with AuthenticationProvider bean with name customAuthenticationProvider
2026-06-05T12:15:36.893-03:00 DEBUG 10628 --- [libraryapi] [main] s.w.s.m.m.a.RequestMappingHandlerMapping : 21 mappings in 'requestMappingHandlerMapping'
2026-06-05T12:15:36.927-03:00 DEBUG 10628 --- [libraryapi] [main] o.s.w.s.handler.SimpleUrlHandlerMapping  : Patterns [/login] in 'viewControllerHandlerMapping'
2026-06-05T12:15:36.982-03:00 DEBUG 10628 --- [libraryapi] [main] o.s.w.s.handler.SimpleUrlHandlerMapping  : Patterns [/swagger-ui*/*swagger-initializer.js, /swagger-ui*/**] in 'resourceHandlerMapping'
2026-06-05T12:15:37.718-03:00 DEBUG 10628 --- [libraryapi] [main] o.s.s.web.DefaultSecurityFilterChain     : Will secure org.springframework.security.oauth2.server.authorization.config.annotation.web.configurers.OAuth2AuthorizationServerConfigurer$$Lambda/0x0000013ad3a772a8@7ee46aaf with filters: DisableEncodeUrlFilter, WebAsyncManagerIntegrationFilter, SecurityContextHolderFilter, AuthorizationServerContextFilter, HeaderWriterFilter, CsrfFilter, OidcLogoutEndpointFilter, LogoutFilter, OAuth2AuthorizationServerMetadataEndpointFilter, OAuth2AuthorizationEndpointFilter, OAuth2DeviceVerificationEndpointFilter, OidcProviderConfigurationEndpointFilter, NimbusJwkSetEndpointFilter, OAuth2ClientAuthenticationFilter, UsernamePasswordAuthenticationFilter, BearerTokenAuthenticationFilter, RequestCacheAwareFilter, SecurityContextHolderAwareRequestFilter, AnonymousAuthenticationFilter, ExceptionTranslationFilter, AuthorizationFilter, OAuth2TokenEndpointFilter, OAuth2TokenIntrospectionEndpointFilter, OAuth2TokenRevocationEndpointFilter, OAuth2DeviceAuthorizationEndpointFilter, OidcUserInfoEndpointFilter
2026-06-05T12:15:37.781-03:00 DEBUG 10628 --- [libraryapi] [main] o.s.s.web.DefaultSecurityFilterChain     : Will secure any request with filters: DisableEncodeUrlFilter, WebAsyncManagerIntegrationFilter, SecurityContextHolderFilter, HeaderWriterFilter, LogoutFilter, OAuth2AuthorizationRequestRedirectFilter, OAuth2LoginAuthenticationFilter, UsernamePasswordAuthenticationFilter, BearerTokenAuthenticationFilter, JwtCustomAuthenticationFilter, RequestCacheAwareFilter, SecurityContextHolderAwareRequestFilter, AnonymousAuthenticationFilter, ExceptionTranslationFilter, AuthorizationFilter
2026-06-05T12:15:37.792-03:00  WARN 10628 --- [libraryapi] [main] o.s.s.c.a.web.builders.WebSecurity       : You are asking Spring Security to ignore Deferred [Mvc [pattern='/v2/api-docs/**'], Ant [pattern='/v2/api-docs/**']]. This is not recommended -- please use permitAll via HttpSecurity#authorizeHttpRequests instead.
2026-06-05T12:15:37.792-03:00 DEBUG 10628 --- [libraryapi] [main] o.s.s.web.DefaultSecurityFilterChain     : Will not secure Deferred [Mvc [pattern='/v2/api-docs/**'], Ant [pattern='/v2/api-docs/**']]
2026-06-05T12:15:37.793-03:00  WARN 10628 --- [libraryapi] [main] o.s.s.c.a.web.builders.WebSecurity       : You are asking Spring Security to ignore Deferred [Mvc [pattern='v3/api-docs/**'], Ant [pattern='v3/api-docs/**']]. This is not recommended -- please use permitAll via HttpSecurity#authorizeHttpRequests instead.
2026-06-05T12:15:37.793-03:00 DEBUG 10628 --- [libraryapi] [main] o.s.s.web.DefaultSecurityFilterChain     : Will not secure Deferred [Mvc [pattern='v3/api-docs/**'], Ant [pattern='v3/api-docs/**']]
2026-06-05T12:15:37.793-03:00  WARN 10628 --- [libraryapi] [main] o.s.s.c.a.web.builders.WebSecurity       : You are asking Spring Security to ignore Deferred [Mvc [pattern='/swagger-resource/**'], Ant [pattern='/swagger-resource/**']]. This is not recommended -- please use permitAll via HttpSecurity#authorizeHttpRequests instead.
2026-06-05T12:15:37.793-03:00 DEBUG 10628 --- [libraryapi] [main] o.s.s.web.DefaultSecurityFilterChain     : Will not secure Deferred [Mvc [pattern='/swagger-resource/**'], Ant [pattern='/swagger-resource/**']]
2026-06-05T12:15:37.793-03:00  WARN 10628 --- [libraryapi] [main] o.s.s.c.a.web.builders.WebSecurity       : You are asking Spring Security to ignore Deferred [Mvc [pattern='/swagger-ui.html'], Ant [pattern='/swagger-ui.html']]. This is not recommended -- please use permitAll via HttpSecurity#authorizeHttpRequests instead.
2026-06-05T12:15:37.793-03:00 DEBUG 10628 --- [libraryapi] [main] o.s.s.web.DefaultSecurityFilterChain     : Will not secure Deferred [Mvc [pattern='/swagger-ui.html'], Ant [pattern='/swagger-ui.html']]
2026-06-05T12:15:37.793-03:00  WARN 10628 --- [libraryapi] [main] o.s.s.c.a.web.builders.WebSecurity       : You are asking Spring Security to ignore Deferred [Mvc [pattern='/swagger-ui/**'], Ant [pattern='/swagger-ui/**']]. This is not recommended -- please use permitAll via HttpSecurity#authorizeHttpRequests instead.
2026-06-05T12:15:37.793-03:00 DEBUG 10628 --- [libraryapi] [main] o.s.s.web.DefaultSecurityFilterChain     : Will not secure Deferred [Mvc [pattern='/swagger-ui/**'], Ant [pattern='/swagger-ui/**']]
2026-06-05T12:15:37.793-03:00  WARN 10628 --- [libraryapi] [main] o.s.s.c.a.web.builders.WebSecurity       : You are asking Spring Security to ignore Deferred [Mvc [pattern='/webjars/**'], Ant [pattern='/webjars/**']]. This is not recommended -- please use permitAll via HttpSecurity#authorizeHttpRequests instead.
2026-06-05T12:15:37.793-03:00 DEBUG 10628 --- [libraryapi] [main] o.s.s.web.DefaultSecurityFilterChain     : Will not secure Deferred [Mvc [pattern='/webjars/**'], Ant [pattern='/webjars/**']]
2026-06-05T12:15:37.865-03:00 DEBUG 10628 --- [libraryapi] [main] s.w.s.m.m.a.RequestMappingHandlerAdapter : ControllerAdvice beans: 0 @ModelAttribute, 0 @InitBinder, 1 RequestBodyAdvice, 1 ResponseBodyAdvice
2026-06-05T12:15:37.901-03:00 DEBUG 10628 --- [libraryapi] [main] .m.m.a.ExceptionHandlerExceptionResolver : ControllerAdvice beans: 2 @ExceptionHandler, 1 ResponseBodyAdvice
2026-06-05T12:15:38.302-03:00  INFO 10628 --- [libraryapi] [main] c.g.iuryrayam.libraryapi.Application     : Started Application in 8.826 seconds (process running for 9.503)
2026-06-05T12:19:49.679-03:00  INFO 25852 --- [libraryapi] [main] c.g.iuryrayam.libraryapi.Application     : Starting Application using Java 21.0.8 with PID 25852 (C:\Users\Iury Rayam\OneDrive\Documentos\projetos de tecnologias\projetos java\spring-boot-expert\libraryapi\target\classes started by Iury Rayam in C:\Users\Iury Rayam\OneDrive\Documentos\projetos de tecnologias\projetos java\spring-boot-expert\libraryapi)
2026-06-05T12:19:49.684-03:00 DEBUG 25852 --- [libraryapi] [main] c.g.iuryrayam.libraryapi.Application     : Running with Spring Boot v3.3.4, Spring v6.1.13
2026-06-05T12:19:49.686-03:00  INFO 25852 --- [libraryapi] [main] c.g.iuryrayam.libraryapi.Application     : No active profile set, falling back to 1 default profile: "default"
2026-06-05T12:19:52.708-03:00  WARN 25852 --- [libraryapi] [main] com.zaxxer.hikari.HikariConfig           : library-db-pool - idleTimeout is close to or more than maxLifetime, disabling it.
2026-06-05T12:19:55.081-03:00 DEBUG 25852 --- [libraryapi] [main] c.g.i.l.s.JwtCustomAuthenticationFilter  : Filter 'jwtCustomAuthenticationFilter' configured for use
2026-06-05T12:19:56.302-03:00  WARN 25852 --- [libraryapi] [main] JpaBaseConfiguration$JpaWebConfiguration : spring.jpa.open-in-view is enabled by default. Therefore, database queries may be performed during view rendering. Explicitly configure spring.jpa.open-in-view to disable this warning
2026-06-05T12:19:56.325-03:00 TRACE 25852 --- [libraryapi] [main] eGlobalAuthenticationAutowiredConfigurer : Eagerly initializing {authorizationServerConfiguration=com.github.iuryrayam.libraryapi.config.AuthorizationServerConfiguration$$SpringCGLIB$$0@597eb9ac, securityConfiguration=com.github.iuryrayam.libraryapi.config.SecurityConfiguration$$SpringCGLIB$$0@7c0ecdbf}
2026-06-05T12:19:56.327-03:00  INFO 25852 --- [libraryapi] [main] eAuthenticationProviderManagerConfigurer : Global AuthenticationManager configured with AuthenticationProvider bean with name customAuthenticationProvider
2026-06-05T12:19:56.530-03:00 DEBUG 25852 --- [libraryapi] [main] s.w.s.m.m.a.RequestMappingHandlerMapping : 21 mappings in 'requestMappingHandlerMapping'
2026-06-05T12:19:56.560-03:00 DEBUG 25852 --- [libraryapi] [main] o.s.w.s.handler.SimpleUrlHandlerMapping  : Patterns [/login] in 'viewControllerHandlerMapping'
2026-06-05T12:19:56.605-03:00 DEBUG 25852 --- [libraryapi] [main] o.s.w.s.handler.SimpleUrlHandlerMapping  : Patterns [/swagger-ui*/*swagger-initializer.js, /swagger-ui*/**] in 'resourceHandlerMapping'
2026-06-05T12:19:57.420-03:00 DEBUG 25852 --- [libraryapi] [main] o.s.s.web.DefaultSecurityFilterChain     : Will secure org.springframework.security.oauth2.server.authorization.config.annotation.web.configurers.OAuth2AuthorizationServerConfigurer$$Lambda/0x0000023086a78000@774f2d7f with filters: DisableEncodeUrlFilter, WebAsyncManagerIntegrationFilter, SecurityContextHolderFilter, AuthorizationServerContextFilter, HeaderWriterFilter, CsrfFilter, OidcLogoutEndpointFilter, LogoutFilter, OAuth2AuthorizationServerMetadataEndpointFilter, OAuth2AuthorizationEndpointFilter, OAuth2DeviceVerificationEndpointFilter, OidcProviderConfigurationEndpointFilter, NimbusJwkSetEndpointFilter, OAuth2ClientAuthenticationFilter, UsernamePasswordAuthenticationFilter, BearerTokenAuthenticationFilter, RequestCacheAwareFilter, SecurityContextHolderAwareRequestFilter, AnonymousAuthenticationFilter, ExceptionTranslationFilter, AuthorizationFilter, OAuth2TokenEndpointFilter, OAuth2TokenIntrospectionEndpointFilter, OAuth2TokenRevocationEndpointFilter, OAuth2DeviceAuthorizationEndpointFilter, OidcUserInfoEndpointFilter
2026-06-05T12:19:57.473-03:00 DEBUG 25852 --- [libraryapi] [main] o.s.s.web.DefaultSecurityFilterChain     : Will secure any request with filters: DisableEncodeUrlFilter, WebAsyncManagerIntegrationFilter, SecurityContextHolderFilter, HeaderWriterFilter, LogoutFilter, OAuth2AuthorizationRequestRedirectFilter, OAuth2LoginAuthenticationFilter, UsernamePasswordAuthenticationFilter, BearerTokenAuthenticationFilter, JwtCustomAuthenticationFilter, RequestCacheAwareFilter, SecurityContextHolderAwareRequestFilter, AnonymousAuthenticationFilter, ExceptionTranslationFilter, AuthorizationFilter
2026-06-05T12:19:57.480-03:00  WARN 25852 --- [libraryapi] [main] o.s.s.c.a.web.builders.WebSecurity       : You are asking Spring Security to ignore Deferred [Mvc [pattern='/v2/api-docs/**'], Ant [pattern='/v2/api-docs/**']]. This is not recommended -- please use permitAll via HttpSecurity#authorizeHttpRequests instead.
2026-06-05T12:19:57.480-03:00 DEBUG 25852 --- [libraryapi] [main] o.s.s.web.DefaultSecurityFilterChain     : Will not secure Deferred [Mvc [pattern='/v2/api-docs/**'], Ant [pattern='/v2/api-docs/**']]
2026-06-05T12:19:57.480-03:00  WARN 25852 --- [libraryapi] [main] o.s.s.c.a.web.builders.WebSecurity       : You are asking Spring Security to ignore Deferred [Mvc [pattern='v3/api-docs/**'], Ant [pattern='v3/api-docs/**']]. This is not recommended -- please use permitAll via HttpSecurity#authorizeHttpRequests instead.
2026-06-05T12:19:57.480-03:00 DEBUG 25852 --- [libraryapi] [main] o.s.s.web.DefaultSecurityFilterChain     : Will not secure Deferred [Mvc [pattern='v3/api-docs/**'], Ant [pattern='v3/api-docs/**']]
2026-06-05T12:19:57.480-03:00  WARN 25852 --- [libraryapi] [main] o.s.s.c.a.web.builders.WebSecurity       : You are asking Spring Security to ignore Deferred [Mvc [pattern='/swagger-resource/**'], Ant [pattern='/swagger-resource/**']]. This is not recommended -- please use permitAll via HttpSecurity#authorizeHttpRequests instead.
2026-06-05T12:19:57.481-03:00 DEBUG 25852 --- [libraryapi] [main] o.s.s.web.DefaultSecurityFilterChain     : Will not secure Deferred [Mvc [pattern='/swagger-resource/**'], Ant [pattern='/swagger-resource/**']]
2026-06-05T12:19:57.481-03:00  WARN 25852 --- [libraryapi] [main] o.s.s.c.a.web.builders.WebSecurity       : You are asking Spring Security to ignore Deferred [Mvc [pattern='/swagger-ui.html'], Ant [pattern='/swagger-ui.html']]. This is not recommended -- please use permitAll via HttpSecurity#authorizeHttpRequests instead.
2026-06-05T12:19:57.481-03:00 DEBUG 25852 --- [libraryapi] [main] o.s.s.web.DefaultSecurityFilterChain     : Will not secure Deferred [Mvc [pattern='/swagger-ui.html'], Ant [pattern='/swagger-ui.html']]
2026-06-05T12:19:57.481-03:00  WARN 25852 --- [libraryapi] [main] o.s.s.c.a.web.builders.WebSecurity       : You are asking Spring Security to ignore Deferred [Mvc [pattern='/swagger-ui/**'], Ant [pattern='/swagger-ui/**']]. This is not recommended -- please use permitAll via HttpSecurity#authorizeHttpRequests instead.
2026-06-05T12:19:57.481-03:00 DEBUG 25852 --- [libraryapi] [main] o.s.s.web.DefaultSecurityFilterChain     : Will not secure Deferred [Mvc [pattern='/swagger-ui/**'], Ant [pattern='/swagger-ui/**']]
2026-06-05T12:19:57.481-03:00  WARN 25852 --- [libraryapi] [main] o.s.s.c.a.web.builders.WebSecurity       : You are asking Spring Security to ignore Deferred [Mvc [pattern='/webjars/**'], Ant [pattern='/webjars/**']]. This is not recommended -- please use permitAll via HttpSecurity#authorizeHttpRequests instead.
2026-06-05T12:19:57.481-03:00 DEBUG 25852 --- [libraryapi] [main] o.s.s.web.DefaultSecurityFilterChain     : Will not secure Deferred [Mvc [pattern='/webjars/**'], Ant [pattern='/webjars/**']]
2026-06-05T12:19:57.539-03:00 DEBUG 25852 --- [libraryapi] [main] s.w.s.m.m.a.RequestMappingHandlerAdapter : ControllerAdvice beans: 0 @ModelAttribute, 0 @InitBinder, 1 RequestBodyAdvice, 1 ResponseBodyAdvice
2026-06-05T12:19:57.570-03:00 DEBUG 25852 --- [libraryapi] [main] .m.m.a.ExceptionHandlerExceptionResolver : ControllerAdvice beans: 2 @ExceptionHandler, 1 ResponseBodyAdvice
2026-06-05T12:19:57.962-03:00  INFO 25852 --- [libraryapi] [main] c.g.iuryrayam.libraryapi.Application     : Started Application in 9.031 seconds (process running for 9.742)
2026-06-05T12:20:40.807-03:00  INFO 25852 --- [libraryapi] [http-nio-8080-exec-1] o.s.web.servlet.DispatcherServlet        : Initializing Servlet 'dispatcherServlet'
2026-06-05T12:20:40.807-03:00 DEBUG 25852 --- [libraryapi] [http-nio-8080-exec-1] o.s.web.servlet.DispatcherServlet        : Detected StandardServletMultipartResolver
2026-06-05T12:20:40.807-03:00 DEBUG 25852 --- [libraryapi] [http-nio-8080-exec-1] o.s.web.servlet.DispatcherServlet        : Detected AcceptHeaderLocaleResolver
2026-06-05T12:20:40.807-03:00 DEBUG 25852 --- [libraryapi] [http-nio-8080-exec-1] o.s.web.servlet.DispatcherServlet        : Detected FixedThemeResolver
2026-06-05T12:20:40.808-03:00 DEBUG 25852 --- [libraryapi] [http-nio-8080-exec-1] o.s.web.servlet.DispatcherServlet        : Detected org.springframework.web.servlet.view.DefaultRequestToViewNameTranslator@42ffabb
2026-06-05T12:20:40.808-03:00 DEBUG 25852 --- [libraryapi] [http-nio-8080-exec-1] o.s.web.servlet.DispatcherServlet        : Detected org.springframework.web.servlet.support.SessionFlashMapManager@6dace32a
2026-06-05T12:20:40.809-03:00 DEBUG 25852 --- [libraryapi] [http-nio-8080-exec-1] o.s.web.servlet.DispatcherServlet        : enableLoggingRequestDetails='false': request parameters and headers will be masked to prevent unsafe logging of potentially sensitive data
2026-06-05T12:20:40.809-03:00  INFO 25852 --- [libraryapi] [http-nio-8080-exec-1] o.s.web.servlet.DispatcherServlet        : Completed initialization in 2 ms
2026-06-05T12:20:40.827-03:00 TRACE 25852 --- [libraryapi] [http-nio-8080-exec-1] o.s.security.web.FilterChainProxy        : Trying to match request against DefaultSecurityFilterChain [RequestMatcher=Deferred [Mvc [pattern='/v2/api-docs/**'], Ant [pattern='/v2/api-docs/**']], Filters=[]] (1/8)
2026-06-05T12:20:40.829-03:00 TRACE 25852 --- [libraryapi] [http-nio-8080-exec-1] o.s.security.web.FilterChainProxy        : Trying to match request against DefaultSecurityFilterChain [RequestMatcher=Deferred [Mvc [pattern='v3/api-docs/**'], Ant [pattern='v3/api-docs/**']], Filters=[]] (2/8)
2026-06-05T12:20:40.829-03:00 TRACE 25852 --- [libraryapi] [http-nio-8080-exec-1] o.s.security.web.FilterChainProxy        : Trying to match request against DefaultSecurityFilterChain [RequestMatcher=Deferred [Mvc [pattern='/swagger-resource/**'], Ant [pattern='/swagger-resource/**']], Filters=[]] (3/8)
2026-06-05T12:20:40.829-03:00 TRACE 25852 --- [libraryapi] [http-nio-8080-exec-1] o.s.security.web.FilterChainProxy        : Trying to match request against DefaultSecurityFilterChain [RequestMatcher=Deferred [Mvc [pattern='/swagger-ui.html'], Ant [pattern='/swagger-ui.html']], Filters=[]] (4/8)
2026-06-05T12:20:40.829-03:00 TRACE 25852 --- [libraryapi] [http-nio-8080-exec-1] o.s.security.web.FilterChainProxy        : Trying to match request against DefaultSecurityFilterChain [RequestMatcher=Deferred [Mvc [pattern='/swagger-ui/**'], Ant [pattern='/swagger-ui/**']], Filters=[]] (5/8)
2026-06-05T12:20:40.830-03:00 TRACE 25852 --- [libraryapi] [http-nio-8080-exec-1] o.s.security.web.FilterChainProxy        : Trying to match request against DefaultSecurityFilterChain [RequestMatcher=Deferred [Mvc [pattern='/webjars/**'], Ant [pattern='/webjars/**']], Filters=[]] (6/8)
2026-06-05T12:20:40.830-03:00 TRACE 25852 --- [libraryapi] [http-nio-8080-exec-1] o.s.security.web.FilterChainProxy        : Trying to match request against DefaultSecurityFilterChain [RequestMatcher=org.springframework.security.oauth2.server.authorization.config.annotation.web.configurers.OAuth2AuthorizationServerConfigurer$$Lambda/0x0000023086a78000@774f2d7f, Filters=[org.springframework.security.web.session.DisableEncodeUrlFilter@24ad2c2f, org.springframework.security.web.context.request.async.WebAsyncManagerIntegrationFilter@41c0156f, org.springframework.security.web.context.SecurityContextHolderFilter@76e5278a, org.springframework.security.oauth2.server.authorization.config.annotation.web.configurers.AuthorizationServerContextFilter@4e38b4ea, org.springframework.security.web.header.HeaderWriterFilter@6f6d2847, org.springframework.security.web.csrf.CsrfFilter@446b74b9, org.springframework.security.oauth2.server.authorization.oidc.web.OidcLogoutEndpointFilter@6b29771f, org.springframework.security.web.authentication.logout.LogoutFilter@1cfca845, org.springframework.security.oauth2.server.authorization.web.OAuth2AuthorizationServerMetadataEndpointFilter@1e490ed, org.springframework.security.oauth2.server.authorization.web.OAuth2AuthorizationEndpointFilter@39482f2b, org.springframework.security.oauth2.server.authorization.web.OAuth2DeviceVerificationEndpointFilter@2d0f850, org.springframework.security.oauth2.server.authorization.oidc.web.OidcProviderConfigurationEndpointFilter@1989a143, org.springframework.security.oauth2.server.authorization.web.NimbusJwkSetEndpointFilter@3df05c40, org.springframework.security.oauth2.server.authorization.web.OAuth2ClientAuthenticationFilter@5bc3c4e5, org.springframework.security.web.authentication.UsernamePasswordAuthenticationFilter@72bb3f3e, org.springframework.security.oauth2.server.resource.web.authentication.BearerTokenAuthenticationFilter@22938166, org.springframework.security.web.savedrequest.RequestCacheAwareFilter@4b27a3fc, org.springframework.security.web.servletapi.SecurityContextHolderAwareRequestFilter@71adea8d, org.springframework.security.web.authentication.AnonymousAuthenticationFilter@725392aa, org.springframework.security.web.access.ExceptionTranslationFilter@65263248, org.springframework.security.web.access.intercept.AuthorizationFilter@45070db0, org.springframework.security.oauth2.server.authorization.web.OAuth2TokenEndpointFilter@54fb9c08, org.springframework.security.oauth2.server.authorization.web.OAuth2TokenIntrospectionEndpointFilter@445760e0, org.springframework.security.oauth2.server.authorization.web.OAuth2TokenRevocationEndpointFilter@419df81e, org.springframework.security.oauth2.server.authorization.web.OAuth2DeviceAuthorizationEndpointFilter@60adea01, org.springframework.security.oauth2.server.authorization.oidc.web.OidcUserInfoEndpointFilter@6d03404e]] (7/8)
2026-06-05T12:20:40.831-03:00 DEBUG 25852 --- [libraryapi] [http-nio-8080-exec-1] o.s.security.web.FilterChainProxy        : Securing GET /oauth2/authorize?response_type=code&client_id=meu-client&redirect_uri=http%3A%2F%2Flocalhost%3A8080%2Fauthorized
2026-06-05T12:20:40.832-03:00 TRACE 25852 --- [libraryapi] [http-nio-8080-exec-1] o.s.security.web.FilterChainProxy        : Invoking DisableEncodeUrlFilter (1/26)
2026-06-05T12:20:40.834-03:00 TRACE 25852 --- [libraryapi] [http-nio-8080-exec-1] o.s.security.web.FilterChainProxy        : Invoking WebAsyncManagerIntegrationFilter (2/26)
2026-06-05T12:20:40.839-03:00 TRACE 25852 --- [libraryapi] [http-nio-8080-exec-1] o.s.security.web.FilterChainProxy        : Invoking SecurityContextHolderFilter (3/26)
2026-06-05T12:20:40.841-03:00 TRACE 25852 --- [libraryapi] [http-nio-8080-exec-1] o.s.security.web.FilterChainProxy        : Invoking AuthorizationServerContextFilter (4/26)
2026-06-05T12:20:40.852-03:00 TRACE 25852 --- [libraryapi] [http-nio-8080-exec-1] o.s.security.web.FilterChainProxy        : Invoking HeaderWriterFilter (5/26)
2026-06-05T12:20:40.855-03:00 TRACE 25852 --- [libraryapi] [http-nio-8080-exec-1] o.s.security.web.FilterChainProxy        : Invoking CsrfFilter (6/26)
2026-06-05T12:20:40.857-03:00 TRACE 25852 --- [libraryapi] [http-nio-8080-exec-1] o.s.security.web.csrf.CsrfFilter         : Did not protect against CSRF since request did not match And [CsrfNotRequired [TRACE, HEAD, GET, OPTIONS], Not [Or [org.springframework.security.oauth2.server.authorization.config.annotation.web.configurers.OAuth2AuthorizationServerConfigurer$$Lambda/0x0000023086a78000@774f2d7f, org.springframework.security.config.annotation.web.configurers.oauth2.server.resource.OAuth2ResourceServerConfigurer$BearerTokenRequestMatcher@3bcebb8f]]]
2026-06-05T12:20:40.858-03:00 TRACE 25852 --- [libraryapi] [http-nio-8080-exec-1] o.s.security.web.FilterChainProxy        : Invoking OidcLogoutEndpointFilter (7/26)
2026-06-05T12:20:40.858-03:00 TRACE 25852 --- [libraryapi] [http-nio-8080-exec-1] o.s.security.web.FilterChainProxy        : Invoking LogoutFilter (8/26)
2026-06-05T12:20:40.858-03:00 TRACE 25852 --- [libraryapi] [http-nio-8080-exec-1] o.s.s.w.a.logout.LogoutFilter            : Did not match request to Ant [pattern='/logout', POST]
2026-06-05T12:20:40.858-03:00 TRACE 25852 --- [libraryapi] [http-nio-8080-exec-1] o.s.security.web.FilterChainProxy        : Invoking OAuth2AuthorizationServerMetadataEndpointFilter (9/26)
2026-06-05T12:20:40.858-03:00 TRACE 25852 --- [libraryapi] [http-nio-8080-exec-1] o.s.security.web.FilterChainProxy        : Invoking OAuth2AuthorizationEndpointFilter (10/26)
2026-06-05T12:20:40.861-03:00 TRACE 25852 --- [libraryapi] [http-nio-8080-exec-1] w.c.HttpSessionSecurityContextRepository : No HttpSession currently exists
2026-06-05T12:20:40.862-03:00 TRACE 25852 --- [libraryapi] [http-nio-8080-exec-1] .s.s.w.c.SupplierDeferredSecurityContext : Created SecurityContextImpl [Null authentication]
2026-06-05T12:20:40.862-03:00 TRACE 25852 --- [libraryapi] [http-nio-8080-exec-1] .s.s.w.c.SupplierDeferredSecurityContext : Created SecurityContextImpl [Null authentication]
2026-06-05T12:20:40.865-03:00 TRACE 25852 --- [libraryapi] [http-nio-8080-exec-1] o.s.s.authentication.ProviderManager     : Authenticating request with OAuth2AuthorizationCodeRequestAuthenticationProvider (1/20)
2026-06-05T12:20:41.060-03:00 TRACE 25852 --- [libraryapi] [http-nio-8080-exec-1] izationCodeRequestAuthenticationProvider : Retrieved registered client
2026-06-05T12:20:41.062-03:00 TRACE 25852 --- [libraryapi] [http-nio-8080-exec-1] izationCodeRequestAuthenticationProvider : Validated authorization code request parameters
2026-06-05T12:20:41.063-03:00 TRACE 25852 --- [libraryapi] [http-nio-8080-exec-1] izationCodeRequestAuthenticationProvider : Did not authenticate authorization code request since principal not authenticated
2026-06-05T12:20:41.063-03:00 TRACE 25852 --- [libraryapi] [http-nio-8080-exec-1] o.s.security.web.FilterChainProxy        : Invoking OAuth2DeviceVerificationEndpointFilter (11/26)
2026-06-05T12:20:41.063-03:00 TRACE 25852 --- [libraryapi] [http-nio-8080-exec-1] o.s.security.web.FilterChainProxy        : Invoking OidcProviderConfigurationEndpointFilter (12/26)
2026-06-05T12:20:41.063-03:00 TRACE 25852 --- [libraryapi] [http-nio-8080-exec-1] o.s.security.web.FilterChainProxy        : Invoking NimbusJwkSetEndpointFilter (13/26)
2026-06-05T12:20:41.063-03:00 TRACE 25852 --- [libraryapi] [http-nio-8080-exec-1] o.s.security.web.FilterChainProxy        : Invoking OAuth2ClientAuthenticationFilter (14/26)
2026-06-05T12:20:41.063-03:00 TRACE 25852 --- [libraryapi] [http-nio-8080-exec-1] o.s.security.web.FilterChainProxy        : Invoking UsernamePasswordAuthenticationFilter (15/26)
2026-06-05T12:20:41.063-03:00 TRACE 25852 --- [libraryapi] [http-nio-8080-exec-1] w.a.UsernamePasswordAuthenticationFilter : Did not match request to Ant [pattern='/login', POST]
2026-06-05T12:20:41.063-03:00 TRACE 25852 --- [libraryapi] [http-nio-8080-exec-1] o.s.security.web.FilterChainProxy        : Invoking BearerTokenAuthenticationFilter (16/26)
2026-06-05T12:20:41.064-03:00 TRACE 25852 --- [libraryapi] [http-nio-8080-exec-1] .s.r.w.a.BearerTokenAuthenticationFilter : Did not process request since did not find bearer token
2026-06-05T12:20:41.064-03:00 TRACE 25852 --- [libraryapi] [http-nio-8080-exec-1] o.s.security.web.FilterChainProxy        : Invoking RequestCacheAwareFilter (17/26)
2026-06-05T12:20:41.065-03:00 TRACE 25852 --- [libraryapi] [http-nio-8080-exec-1] o.s.s.w.s.HttpSessionRequestCache        : matchingRequestParameterName is required for getMatchingRequest to lookup a value, but not provided
2026-06-05T12:20:41.065-03:00 TRACE 25852 --- [libraryapi] [http-nio-8080-exec-1] o.s.security.web.FilterChainProxy        : Invoking SecurityContextHolderAwareRequestFilter (18/26)
2026-06-05T12:20:41.066-03:00 TRACE 25852 --- [libraryapi] [http-nio-8080-exec-1] o.s.security.web.FilterChainProxy        : Invoking AnonymousAuthenticationFilter (19/26)
2026-06-05T12:20:41.068-03:00 TRACE 25852 --- [libraryapi] [http-nio-8080-exec-1] o.s.security.web.FilterChainProxy        : Invoking ExceptionTranslationFilter (20/26)
2026-06-05T12:20:41.068-03:00 TRACE 25852 --- [libraryapi] [http-nio-8080-exec-1] o.s.security.web.FilterChainProxy        : Invoking AuthorizationFilter (21/26)
2026-06-05T12:20:41.068-03:00 TRACE 25852 --- [libraryapi] [http-nio-8080-exec-1] estMatcherDelegatingAuthorizationManager : Authorizing GET /oauth2/authorize?response_type=code&client_id=meu-client&redirect_uri=http%3A%2F%2Flocalhost%3A8080%2Fauthorized
2026-06-05T12:20:41.069-03:00 TRACE 25852 --- [libraryapi] [http-nio-8080-exec-1] estMatcherDelegatingAuthorizationManager : Checking authorization on GET /oauth2/authorize?response_type=code&client_id=meu-client&redirect_uri=http%3A%2F%2Flocalhost%3A8080%2Fauthorized using org.springframework.security.authorization.AuthenticatedAuthorizationManager@13953925
2026-06-05T12:20:41.069-03:00 TRACE 25852 --- [libraryapi] [http-nio-8080-exec-1] o.s.s.w.a.AnonymousAuthenticationFilter  : Set SecurityContextHolder to AnonymousAuthenticationToken [Principal=anonymousUser, Credentials=[PROTECTED], Authenticated=true, Details=WebAuthenticationDetails [RemoteIpAddress=0:0:0:0:0:0:0:1, SessionId=null], Granted Authorities=[ROLE_ANONYMOUS]]
2026-06-05T12:20:41.070-03:00 TRACE 25852 --- [libraryapi] [http-nio-8080-exec-1] o.s.s.w.a.ExceptionTranslationFilter     : Sending AnonymousAuthenticationToken [Principal=anonymousUser, Credentials=[PROTECTED], Authenticated=true, Details=WebAuthenticationDetails [RemoteIpAddress=0:0:0:0:0:0:0:1, SessionId=null], Granted Authorities=[ROLE_ANONYMOUS]] to authentication entry point since access is denied

org.springframework.security.access.AccessDeniedException: Access Denied
	at org.springframework.security.web.access.intercept.AuthorizationFilter.doFilter(AuthorizationFilter.java:98) ~[spring-security-web-6.3.3.jar:6.3.3]
	at org.springframework.security.web.FilterChainProxy$VirtualFilterChain.doFilter(FilterChainProxy.java:374) ~[spring-security-web-6.3.3.jar:6.3.3]
	at org.springframework.security.web.access.ExceptionTranslationFilter.doFilter(ExceptionTranslationFilter.java:126) ~[spring-security-web-6.3.3.jar:6.3.3]
	at org.springframework.security.web.access.ExceptionTranslationFilter.doFilter(ExceptionTranslationFilter.java:120) ~[spring-security-web-6.3.3.jar:6.3.3]
	at org.springframework.security.web.FilterChainProxy$VirtualFilterChain.doFilter(FilterChainProxy.java:374) ~[spring-security-web-6.3.3.jar:6.3.3]
	at org.springframework.security.web.authentication.AnonymousAuthenticationFilter.doFilter(AnonymousAuthenticationFilter.java:100) ~[spring-security-web-6.3.3.jar:6.3.3]
	at org.springframework.security.web.FilterChainProxy$VirtualFilterChain.doFilter(FilterChainProxy.java:374) ~[spring-security-web-6.3.3.jar:6.3.3]
	at org.springframework.security.web.servletapi.SecurityContextHolderAwareRequestFilter.doFilter(SecurityContextHolderAwareRequestFilter.java:179) ~[spring-security-web-6.3.3.jar:6.3.3]
	at org.springframework.security.web.FilterChainProxy$VirtualFilterChain.doFilter(FilterChainProxy.java:374) ~[spring-security-web-6.3.3.jar:6.3.3]
	at org.springframework.security.web.savedrequest.RequestCacheAwareFilter.doFilter(RequestCacheAwareFilter.java:63) ~[spring-security-web-6.3.3.jar:6.3.3]
	at org.springframework.security.web.FilterChainProxy$VirtualFilterChain.doFilter(FilterChainProxy.java:374) ~[spring-security-web-6.3.3.jar:6.3.3]
	at org.springframework.security.oauth2.server.resource.web.authentication.BearerTokenAuthenticationFilter.doFilterInternal(BearerTokenAuthenticationFilter.java:128) ~[spring-security-oauth2-resource-server-6.3.3.jar:6.3.3]
	at org.springframework.web.filter.OncePerRequestFilter.doFilter(OncePerRequestFilter.java:116) ~[spring-web-6.1.13.jar:6.1.13]
	at org.springframework.security.web.FilterChainProxy$VirtualFilterChain.doFilter(FilterChainProxy.java:374) ~[spring-security-web-6.3.3.jar:6.3.3]
	at org.springframework.security.web.authentication.AbstractAuthenticationProcessingFilter.doFilter(AbstractAuthenticationProcessingFilter.java:227) ~[spring-security-web-6.3.3.jar:6.3.3]
	at org.springframework.security.web.authentication.AbstractAuthenticationProcessingFilter.doFilter(AbstractAuthenticationProcessingFilter.java:221) ~[spring-security-web-6.3.3.jar:6.3.3]
	at org.springframework.security.web.FilterChainProxy$VirtualFilterChain.doFilter(FilterChainProxy.java:374) ~[spring-security-web-6.3.3.jar:6.3.3]
	at org.springframework.security.oauth2.server.authorization.web.OAuth2ClientAuthenticationFilter.doFilterInternal(OAuth2ClientAuthenticationFilter.java:129) ~[spring-security-oauth2-authorization-server-1.3.2.jar:1.3.2]
	at org.springframework.web.filter.OncePerRequestFilter.doFilter(OncePerRequestFilter.java:116) ~[spring-web-6.1.13.jar:6.1.13]
	at org.springframework.security.web.FilterChainProxy$VirtualFilterChain.doFilter(FilterChainProxy.java:374) ~[spring-security-web-6.3.3.jar:6.3.3]
	at org.springframework.security.oauth2.server.authorization.web.NimbusJwkSetEndpointFilter.doFilterInternal(NimbusJwkSetEndpointFilter.java:88) ~[spring-security-oauth2-authorization-server-1.3.2.jar:1.3.2]
	at org.springframework.web.filter.OncePerRequestFilter.doFilter(OncePerRequestFilter.java:116) ~[spring-web-6.1.13.jar:6.1.13]
	at org.springframework.security.web.FilterChainProxy$VirtualFilterChain.doFilter(FilterChainProxy.java:374) ~[spring-security-web-6.3.3.jar:6.3.3]
	at org.springframework.security.oauth2.server.authorization.oidc.web.OidcProviderConfigurationEndpointFilter.doFilterInternal(OidcProviderConfigurationEndpointFilter.java:91) ~[spring-security-oauth2-authorization-server-1.3.2.jar:1.3.2]
	at org.springframework.web.filter.OncePerRequestFilter.doFilter(OncePerRequestFilter.java:116) ~[spring-web-6.1.13.jar:6.1.13]
	at org.springframework.security.web.FilterChainProxy$VirtualFilterChain.doFilter(FilterChainProxy.java:374) ~[spring-security-web-6.3.3.jar:6.3.3]
	at org.springframework.security.oauth2.server.authorization.web.OAuth2DeviceVerificationEndpointFilter.doFilterInternal(OAuth2DeviceVerificationEndpointFilter.java:152) ~[spring-security-oauth2-authorization-server-1.3.2.jar:1.3.2]
	at org.springframework.web.filter.OncePerRequestFilter.doFilter(OncePerRequestFilter.java:116) ~[spring-web-6.1.13.jar:6.1.13]
	at org.springframework.security.web.FilterChainProxy$VirtualFilterChain.doFilter(FilterChainProxy.java:374) ~[spring-security-web-6.3.3.jar:6.3.3]
	at org.springframework.security.oauth2.server.authorization.web.OAuth2AuthorizationEndpointFilter.doFilterInternal(OAuth2AuthorizationEndpointFilter.java:192) ~[spring-security-oauth2-authorization-server-1.3.2.jar:1.3.2]
	at org.springframework.web.filter.OncePerRequestFilter.doFilter(OncePerRequestFilter.java:116) ~[spring-web-6.1.13.jar:6.1.13]
	at org.springframework.security.web.FilterChainProxy$VirtualFilterChain.doFilter(FilterChainProxy.java:374) ~[spring-security-web-6.3.3.jar:6.3.3]
	at org.springframework.security.oauth2.server.authorization.web.OAuth2AuthorizationServerMetadataEndpointFilter.doFilterInternal(OAuth2AuthorizationServerMetadataEndpointFilter.java:90) ~[spring-security-oauth2-authorization-server-1.3.2.jar:1.3.2]
	at org.springframework.web.filter.OncePerRequestFilter.doFilter(OncePerRequestFilter.java:116) ~[spring-web-6.1.13.jar:6.1.13]
	at org.springframework.security.web.FilterChainProxy$VirtualFilterChain.doFilter(FilterChainProxy.java:374) ~[spring-security-web-6.3.3.jar:6.3.3]
	at org.springframework.security.web.authentication.logout.LogoutFilter.doFilter(LogoutFilter.java:107) ~[spring-security-web-6.3.3.jar:6.3.3]
	at org.springframework.security.web.authentication.logout.LogoutFilter.doFilter(LogoutFilter.java:93) ~[spring-security-web-6.3.3.jar:6.3.3]
	at org.springframework.security.web.FilterChainProxy$VirtualFilterChain.doFilter(FilterChainProxy.java:374) ~[spring-security-web-6.3.3.jar:6.3.3]
	at org.springframework.security.oauth2.server.authorization.oidc.web.OidcLogoutEndpointFilter.doFilterInternal(OidcLogoutEndpointFilter.java:124) ~[spring-security-oauth2-authorization-server-1.3.2.jar:1.3.2]
	at org.springframework.web.filter.OncePerRequestFilter.doFilter(OncePerRequestFilter.java:116) ~[spring-web-6.1.13.jar:6.1.13]
	at org.springframework.security.web.FilterChainProxy$VirtualFilterChain.doFilter(FilterChainProxy.java:374) ~[spring-security-web-6.3.3.jar:6.3.3]
	at org.springframework.security.web.csrf.CsrfFilter.doFilterInternal(CsrfFilter.java:117) ~[spring-security-web-6.3.3.jar:6.3.3]
	at org.springframework.web.filter.OncePerRequestFilter.doFilter(OncePerRequestFilter.java:116) ~[spring-web-6.1.13.jar:6.1.13]
	at org.springframework.security.web.FilterChainProxy$VirtualFilterChain.doFilter(FilterChainProxy.java:374) ~[spring-security-web-6.3.3.jar:6.3.3]
	at org.springframework.security.web.header.HeaderWriterFilter.doHeadersAfter(HeaderWriterFilter.java:90) ~[spring-security-web-6.3.3.jar:6.3.3]
	at org.springframework.security.web.header.HeaderWriterFilter.doFilterInternal(HeaderWriterFilter.java:75) ~[spring-security-web-6.3.3.jar:6.3.3]
	at org.springframework.web.filter.OncePerRequestFilter.doFilter(OncePerRequestFilter.java:116) ~[spring-web-6.1.13.jar:6.1.13]
	at org.springframework.security.web.FilterChainProxy$VirtualFilterChain.doFilter(FilterChainProxy.java:374) ~[spring-security-web-6.3.3.jar:6.3.3]
	at org.springframework.security.oauth2.server.authorization.config.annotation.web.configurers.AuthorizationServerContextFilter.doFilterInternal(AuthorizationServerContextFilter.java:69) ~[spring-security-oauth2-authorization-server-1.3.2.jar:1.3.2]
	at org.springframework.web.filter.OncePerRequestFilter.doFilter(OncePerRequestFilter.java:116) ~[spring-web-6.1.13.jar:6.1.13]
	at org.springframework.security.web.FilterChainProxy$VirtualFilterChain.doFilter(FilterChainProxy.java:374) ~[spring-security-web-6.3.3.jar:6.3.3]
	at org.springframework.security.web.context.SecurityContextHolderFilter.doFilter(SecurityContextHolderFilter.java:82) ~[spring-security-web-6.3.3.jar:6.3.3]
	at org.springframework.security.web.context.SecurityContextHolderFilter.doFilter(SecurityContextHolderFilter.java:69) ~[spring-security-web-6.3.3.jar:6.3.3]
	at org.springframework.security.web.FilterChainProxy$VirtualFilterChain.doFilter(FilterChainProxy.java:374) ~[spring-security-web-6.3.3.jar:6.3.3]
	at org.springframework.security.web.context.request.async.WebAsyncManagerIntegrationFilter.doFilterInternal(WebAsyncManagerIntegrationFilter.java:62) ~[spring-security-web-6.3.3.jar:6.3.3]
	at org.springframework.web.filter.OncePerRequestFilter.doFilter(OncePerRequestFilter.java:116) ~[spring-web-6.1.13.jar:6.1.13]
	at org.springframework.security.web.FilterChainProxy$VirtualFilterChain.doFilter(FilterChainProxy.java:374) ~[spring-security-web-6.3.3.jar:6.3.3]
	at org.springframework.security.web.session.DisableEncodeUrlFilter.doFilterInternal(DisableEncodeUrlFilter.java:42) ~[spring-security-web-6.3.3.jar:6.3.3]
	at org.springframework.web.filter.OncePerRequestFilter.doFilter(OncePerRequestFilter.java:116) ~[spring-web-6.1.13.jar:6.1.13]
	at org.springframework.security.web.FilterChainProxy$VirtualFilterChain.doFilter(FilterChainProxy.java:374) ~[spring-security-web-6.3.3.jar:6.3.3]
	at org.springframework.security.web.FilterChainProxy.doFilterInternal(FilterChainProxy.java:233) ~[spring-security-web-6.3.3.jar:6.3.3]
	at org.springframework.security.web.FilterChainProxy.doFilter(FilterChainProxy.java:191) ~[spring-security-web-6.3.3.jar:6.3.3]
	at org.springframework.web.filter.CompositeFilter$VirtualFilterChain.doFilter(CompositeFilter.java:113) ~[spring-web-6.1.13.jar:6.1.13]
	at org.springframework.web.servlet.handler.HandlerMappingIntrospector.lambda$createCacheFilter$3(HandlerMappingIntrospector.java:195) ~[spring-webmvc-6.1.13.jar:6.1.13]
	at org.springframework.web.filter.CompositeFilter$VirtualFilterChain.doFilter(CompositeFilter.java:113) ~[spring-web-6.1.13.jar:6.1.13]
	at org.springframework.web.filter.CompositeFilter.doFilter(CompositeFilter.java:74) ~[spring-web-6.1.13.jar:6.1.13]
	at org.springframework.security.config.annotation.web.configuration.WebMvcSecurityConfiguration$CompositeFilterChainProxy.doFilter(WebMvcSecurityConfiguration.java:230) ~[spring-security-config-6.3.3.jar:6.3.3]
	at org.springframework.web.filter.DelegatingFilterProxy.invokeDelegate(DelegatingFilterProxy.java:352) ~[spring-web-6.1.13.jar:6.1.13]
	at org.springframework.web.filter.DelegatingFilterProxy.doFilter(DelegatingFilterProxy.java:268) ~[spring-web-6.1.13.jar:6.1.13]
	at org.apache.catalina.core.ApplicationFilterChain.internalDoFilter(ApplicationFilterChain.java:164) ~[tomcat-embed-core-10.1.30.jar:10.1.30]
	at org.apache.catalina.core.ApplicationFilterChain.doFilter(ApplicationFilterChain.java:140) ~[tomcat-embed-core-10.1.30.jar:10.1.30]
	at org.springframework.web.filter.CharacterEncodingFilter.doFilterInternal(CharacterEncodingFilter.java:201) ~[spring-web-6.1.13.jar:6.1.13]
	at org.springframework.web.filter.OncePerRequestFilter.doFilter(OncePerRequestFilter.java:116) ~[spring-web-6.1.13.jar:6.1.13]
	at org.apache.catalina.core.ApplicationFilterChain.internalDoFilter(ApplicationFilterChain.java:164) ~[tomcat-embed-core-10.1.30.jar:10.1.30]
	at org.apache.catalina.core.ApplicationFilterChain.doFilter(ApplicationFilterChain.java:140) ~[tomcat-embed-core-10.1.30.jar:10.1.30]
	at org.apache.catalina.core.StandardWrapperValve.invoke(StandardWrapperValve.java:167) ~[tomcat-embed-core-10.1.30.jar:10.1.30]
	at org.apache.catalina.core.StandardContextValve.invoke(StandardContextValve.java:90) ~[tomcat-embed-core-10.1.30.jar:10.1.30]
	at org.apache.catalina.authenticator.AuthenticatorBase.invoke(AuthenticatorBase.java:483) ~[tomcat-embed-core-10.1.30.jar:10.1.30]
	at org.apache.catalina.core.StandardHostValve.invoke(StandardHostValve.java:115) ~[tomcat-embed-core-10.1.30.jar:10.1.30]
	at org.apache.catalina.valves.ErrorReportValve.invoke(ErrorReportValve.java:93) ~[tomcat-embed-core-10.1.30.jar:10.1.30]
	at org.apache.catalina.core.StandardEngineValve.invoke(StandardEngineValve.java:74) ~[tomcat-embed-core-10.1.30.jar:10.1.30]
	at org.apache.catalina.connector.CoyoteAdapter.service(CoyoteAdapter.java:344) ~[tomcat-embed-core-10.1.30.jar:10.1.30]
	at org.apache.coyote.http11.Http11Processor.service(Http11Processor.java:384) ~[tomcat-embed-core-10.1.30.jar:10.1.30]
	at org.apache.coyote.AbstractProcessorLight.process(AbstractProcessorLight.java:63) ~[tomcat-embed-core-10.1.30.jar:10.1.30]
	at org.apache.coyote.AbstractProtocol$ConnectionHandler.process(AbstractProtocol.java:905) ~[tomcat-embed-core-10.1.30.jar:10.1.30]
	at org.apache.tomcat.util.net.NioEndpoint$SocketProcessor.doRun(NioEndpoint.java:1741) ~[tomcat-embed-core-10.1.30.jar:10.1.30]
	at org.apache.tomcat.util.net.SocketProcessorBase.run(SocketProcessorBase.java:52) ~[tomcat-embed-core-10.1.30.jar:10.1.30]
	at org.apache.tomcat.util.threads.ThreadPoolExecutor.runWorker(ThreadPoolExecutor.java:1190) ~[tomcat-embed-core-10.1.30.jar:10.1.30]
	at org.apache.tomcat.util.threads.ThreadPoolExecutor$Worker.run(ThreadPoolExecutor.java:659) ~[tomcat-embed-core-10.1.30.jar:10.1.30]
	at org.apache.tomcat.util.threads.TaskThread$WrappingRunnable.run(TaskThread.java:63) ~[tomcat-embed-core-10.1.30.jar:10.1.30]
	at java.base/java.lang.Thread.run(Thread.java:1583) ~[na:na]

2026-06-05T12:20:41.098-03:00 DEBUG 25852 --- [libraryapi] [http-nio-8080-exec-1] o.s.s.w.s.HttpSessionRequestCache        : Saved request http://localhost:8080/oauth2/authorize?response_type=code&client_id=meu-client&redirect_uri=http%3A%2F%2Flocalhost%3A8080%2Fauthorized&continue to session
2026-06-05T12:20:41.098-03:00 DEBUG 25852 --- [libraryapi] [http-nio-8080-exec-1] s.w.a.DelegatingAuthenticationEntryPoint : Trying to match using Or [Ant [pattern='/oauth2/token', POST], Ant [pattern='/oauth2/introspect', POST], Ant [pattern='/oauth2/revoke', POST], Ant [pattern='/oauth2/device_authorization', POST]]
2026-06-05T12:20:41.101-03:00 DEBUG 25852 --- [libraryapi] [http-nio-8080-exec-1] s.w.a.DelegatingAuthenticationEntryPoint : Trying to match using Or [org.springframework.security.config.annotation.web.configurers.oauth2.server.resource.OAuth2ResourceServerConfigurer$BearerTokenRequestMatcher@3bcebb8f, RequestHeaderRequestMatcher [expectedHeaderName=X-Requested-With, expectedHeaderValue=XMLHttpRequest], And [Not [MediaTypeRequestMatcher [contentNegotiationStrategy=org.springframework.web.accept.ContentNegotiationManager@4101d2c7, matchingMediaTypes=[text/html], useEquals=false, ignoredMediaTypes=[]]], MediaTypeRequestMatcher [contentNegotiationStrategy=org.springframework.web.accept.ContentNegotiationManager@4101d2c7, matchingMediaTypes=[application/atom+xml, application/x-www-form-urlencoded, application/json, application/octet-stream, application/xml, multipart/form-data, text/xml], useEquals=false, ignoredMediaTypes=[*/*]]], MediaTypeRequestMatcher [contentNegotiationStrategy=org.springframework.web.accept.ContentNegotiationManager@4101d2c7, matchingMediaTypes=[*/*], useEquals=true, ignoredMediaTypes=[]]]
2026-06-05T12:20:41.102-03:00 DEBUG 25852 --- [libraryapi] [http-nio-8080-exec-1] s.w.a.DelegatingAuthenticationEntryPoint : Trying to match using And [Not [RequestHeaderRequestMatcher [expectedHeaderName=X-Requested-With, expectedHeaderValue=XMLHttpRequest]], MediaTypeRequestMatcher [contentNegotiationStrategy=org.springframework.web.accept.ContentNegotiationManager@4101d2c7, matchingMediaTypes=[application/xhtml+xml, image/*, text/html, text/plain], useEquals=false, ignoredMediaTypes=[*/*]]]
2026-06-05T12:20:41.102-03:00 DEBUG 25852 --- [libraryapi] [http-nio-8080-exec-1] s.w.a.DelegatingAuthenticationEntryPoint : Match found! Executing org.springframework.security.web.authentication.LoginUrlAuthenticationEntryPoint@6bc6400e
2026-06-05T12:20:41.104-03:00 DEBUG 25852 --- [libraryapi] [http-nio-8080-exec-1] o.s.s.web.DefaultRedirectStrategy        : Redirecting to http://localhost:8080/login
2026-06-05T12:20:41.105-03:00 TRACE 25852 --- [libraryapi] [http-nio-8080-exec-1] o.s.s.w.header.writers.HstsHeaderWriter  : Not injecting HSTS header since it did not match request to [Is Secure]
2026-06-05T12:20:41.117-03:00 TRACE 25852 --- [libraryapi] [http-nio-8080-exec-2] o.s.security.web.FilterChainProxy        : Trying to match request against DefaultSecurityFilterChain [RequestMatcher=Deferred [Mvc [pattern='/v2/api-docs/**'], Ant [pattern='/v2/api-docs/**']], Filters=[]] (1/8)
2026-06-05T12:20:41.118-03:00 TRACE 25852 --- [libraryapi] [http-nio-8080-exec-2] o.s.security.web.FilterChainProxy        : Trying to match request against DefaultSecurityFilterChain [RequestMatcher=Deferred [Mvc [pattern='v3/api-docs/**'], Ant [pattern='v3/api-docs/**']], Filters=[]] (2/8)
2026-06-05T12:20:41.118-03:00 TRACE 25852 --- [libraryapi] [http-nio-8080-exec-2] o.s.security.web.FilterChainProxy        : Trying to match request against DefaultSecurityFilterChain [RequestMatcher=Deferred [Mvc [pattern='/swagger-resource/**'], Ant [pattern='/swagger-resource/**']], Filters=[]] (3/8)
2026-06-05T12:20:41.118-03:00 TRACE 25852 --- [libraryapi] [http-nio-8080-exec-2] o.s.security.web.FilterChainProxy        : Trying to match request against DefaultSecurityFilterChain [RequestMatcher=Deferred [Mvc [pattern='/swagger-ui.html'], Ant [pattern='/swagger-ui.html']], Filters=[]] (4/8)
2026-06-05T12:20:41.119-03:00 TRACE 25852 --- [libraryapi] [http-nio-8080-exec-2] o.s.security.web.FilterChainProxy        : Trying to match request against DefaultSecurityFilterChain [RequestMatcher=Deferred [Mvc [pattern='/swagger-ui/**'], Ant [pattern='/swagger-ui/**']], Filters=[]] (5/8)
2026-06-05T12:20:41.119-03:00 TRACE 25852 --- [libraryapi] [http-nio-8080-exec-2] o.s.security.web.FilterChainProxy        : Trying to match request against DefaultSecurityFilterChain [RequestMatcher=Deferred [Mvc [pattern='/webjars/**'], Ant [pattern='/webjars/**']], Filters=[]] (6/8)
2026-06-05T12:20:41.119-03:00 TRACE 25852 --- [libraryapi] [http-nio-8080-exec-2] o.s.security.web.FilterChainProxy        : Trying to match request against DefaultSecurityFilterChain [RequestMatcher=org.springframework.security.oauth2.server.authorization.config.annotation.web.configurers.OAuth2AuthorizationServerConfigurer$$Lambda/0x0000023086a78000@774f2d7f, Filters=[org.springframework.security.web.session.DisableEncodeUrlFilter@24ad2c2f, org.springframework.security.web.context.request.async.WebAsyncManagerIntegrationFilter@41c0156f, org.springframework.security.web.context.SecurityContextHolderFilter@76e5278a, org.springframework.security.oauth2.server.authorization.config.annotation.web.configurers.AuthorizationServerContextFilter@4e38b4ea, org.springframework.security.web.header.HeaderWriterFilter@6f6d2847, org.springframework.security.web.csrf.CsrfFilter@446b74b9, org.springframework.security.oauth2.server.authorization.oidc.web.OidcLogoutEndpointFilter@6b29771f, org.springframework.security.web.authentication.logout.LogoutFilter@1cfca845, org.springframework.security.oauth2.server.authorization.web.OAuth2AuthorizationServerMetadataEndpointFilter@1e490ed, org.springframework.security.oauth2.server.authorization.web.OAuth2AuthorizationEndpointFilter@39482f2b, org.springframework.security.oauth2.server.authorization.web.OAuth2DeviceVerificationEndpointFilter@2d0f850, org.springframework.security.oauth2.server.authorization.oidc.web.OidcProviderConfigurationEndpointFilter@1989a143, org.springframework.security.oauth2.server.authorization.web.NimbusJwkSetEndpointFilter@3df05c40, org.springframework.security.oauth2.server.authorization.web.OAuth2ClientAuthenticationFilter@5bc3c4e5, org.springframework.security.web.authentication.UsernamePasswordAuthenticationFilter@72bb3f3e, org.springframework.security.oauth2.server.resource.web.authentication.BearerTokenAuthenticationFilter@22938166, org.springframework.security.web.savedrequest.RequestCacheAwareFilter@4b27a3fc, org.springframework.security.web.servletapi.SecurityContextHolderAwareRequestFilter@71adea8d, org.springframework.security.web.authentication.AnonymousAuthenticationFilter@725392aa, org.springframework.security.web.access.ExceptionTranslationFilter@65263248, org.springframework.security.web.access.intercept.AuthorizationFilter@45070db0, org.springframework.security.oauth2.server.authorization.web.OAuth2TokenEndpointFilter@54fb9c08, org.springframework.security.oauth2.server.authorization.web.OAuth2TokenIntrospectionEndpointFilter@445760e0, org.springframework.security.oauth2.server.authorization.web.OAuth2TokenRevocationEndpointFilter@419df81e, org.springframework.security.oauth2.server.authorization.web.OAuth2DeviceAuthorizationEndpointFilter@60adea01, org.springframework.security.oauth2.server.authorization.oidc.web.OidcUserInfoEndpointFilter@6d03404e]] (7/8)
2026-06-05T12:20:41.120-03:00 TRACE 25852 --- [libraryapi] [http-nio-8080-exec-2] o.s.security.web.FilterChainProxy        : Trying to match request against DefaultSecurityFilterChain [RequestMatcher=any request, Filters=[org.springframework.security.web.session.DisableEncodeUrlFilter@5c2ceac1, org.springframework.security.web.context.request.async.WebAsyncManagerIntegrationFilter@a7e10c4, org.springframework.security.web.context.SecurityContextHolderFilter@3c3f0f2e, org.springframework.security.web.header.HeaderWriterFilter@6b4d0be2, org.springframework.security.web.authentication.logout.LogoutFilter@3c42dc9f, org.springframework.security.oauth2.client.web.OAuth2AuthorizationRequestRedirectFilter@66b65360, org.springframework.security.oauth2.client.web.OAuth2LoginAuthenticationFilter@58b2c0b4, org.springframework.security.web.authentication.UsernamePasswordAuthenticationFilter@70bca957, org.springframework.security.oauth2.server.resource.web.authentication.BearerTokenAuthenticationFilter@c4ba591, com.github.iuryrayam.libraryapi.security.JwtCustomAuthenticationFilter@715523b8, org.springframework.security.web.savedrequest.RequestCacheAwareFilter@5e324000, org.springframework.security.web.servletapi.SecurityContextHolderAwareRequestFilter@7b51fc45, org.springframework.security.web.authentication.AnonymousAuthenticationFilter@63f1233c, org.springframework.security.web.access.ExceptionTranslationFilter@4e4d6172, org.springframework.security.web.access.intercept.AuthorizationFilter@7b128cd2]] (8/8)
2026-06-05T12:20:41.120-03:00 DEBUG 25852 --- [libraryapi] [http-nio-8080-exec-2] o.s.security.web.FilterChainProxy        : Securing GET /login
2026-06-05T12:20:41.120-03:00 TRACE 25852 --- [libraryapi] [http-nio-8080-exec-2] o.s.security.web.FilterChainProxy        : Invoking DisableEncodeUrlFilter (1/15)
2026-06-05T12:20:41.120-03:00 TRACE 25852 --- [libraryapi] [http-nio-8080-exec-2] o.s.security.web.FilterChainProxy        : Invoking WebAsyncManagerIntegrationFilter (2/15)
2026-06-05T12:20:41.120-03:00 TRACE 25852 --- [libraryapi] [http-nio-8080-exec-2] o.s.security.web.FilterChainProxy        : Invoking SecurityContextHolderFilter (3/15)
2026-06-05T12:20:41.120-03:00 TRACE 25852 --- [libraryapi] [http-nio-8080-exec-2] o.s.security.web.FilterChainProxy        : Invoking HeaderWriterFilter (4/15)
2026-06-05T12:20:41.120-03:00 TRACE 25852 --- [libraryapi] [http-nio-8080-exec-2] o.s.security.web.FilterChainProxy        : Invoking LogoutFilter (5/15)
2026-06-05T12:20:41.121-03:00 TRACE 25852 --- [libraryapi] [http-nio-8080-exec-2] o.s.s.w.a.logout.LogoutFilter            : Did not match request to Or [Ant [pattern='/logout', GET], Ant [pattern='/logout', POST], Ant [pattern='/logout', PUT], Ant [pattern='/logout', DELETE]]
2026-06-05T12:20:41.121-03:00 TRACE 25852 --- [libraryapi] [http-nio-8080-exec-2] o.s.security.web.FilterChainProxy        : Invoking OAuth2AuthorizationRequestRedirectFilter (6/15)
2026-06-05T12:20:41.121-03:00 TRACE 25852 --- [libraryapi] [http-nio-8080-exec-2] o.s.security.web.FilterChainProxy        : Invoking OAuth2LoginAuthenticationFilter (7/15)
2026-06-05T12:20:41.121-03:00 TRACE 25852 --- [libraryapi] [http-nio-8080-exec-2] .s.o.c.w.OAuth2LoginAuthenticationFilter : Did not match request to Ant [pattern='/login/oauth2/code/*']
2026-06-05T12:20:41.121-03:00 TRACE 25852 --- [libraryapi] [http-nio-8080-exec-2] o.s.security.web.FilterChainProxy        : Invoking UsernamePasswordAuthenticationFilter (8/15)
2026-06-05T12:20:41.121-03:00 TRACE 25852 --- [libraryapi] [http-nio-8080-exec-2] w.a.UsernamePasswordAuthenticationFilter : Did not match request to Ant [pattern='/login', POST]
2026-06-05T12:20:41.122-03:00 TRACE 25852 --- [libraryapi] [http-nio-8080-exec-2] o.s.security.web.FilterChainProxy        : Invoking BearerTokenAuthenticationFilter (9/15)
2026-06-05T12:20:41.122-03:00 TRACE 25852 --- [libraryapi] [http-nio-8080-exec-2] .s.r.w.a.BearerTokenAuthenticationFilter : Did not process request since did not find bearer token
2026-06-05T12:20:41.122-03:00 TRACE 25852 --- [libraryapi] [http-nio-8080-exec-2] o.s.security.web.FilterChainProxy        : Invoking JwtCustomAuthenticationFilter (10/15)
2026-06-05T12:20:41.123-03:00 TRACE 25852 --- [libraryapi] [http-nio-8080-exec-2] w.c.HttpSessionSecurityContextRepository : Did not find SecurityContext in HttpSession C122EF902AA023F7692541200D30A033 using the SPRING_SECURITY_CONTEXT session attribute
2026-06-05T12:20:41.123-03:00 TRACE 25852 --- [libraryapi] [http-nio-8080-exec-2] .s.s.w.c.SupplierDeferredSecurityContext : Created SecurityContextImpl [Null authentication]
2026-06-05T12:20:41.123-03:00 TRACE 25852 --- [libraryapi] [http-nio-8080-exec-2] .s.s.w.c.SupplierDeferredSecurityContext : Created SecurityContextImpl [Null authentication]
2026-06-05T12:20:41.123-03:00 TRACE 25852 --- [libraryapi] [http-nio-8080-exec-2] o.s.security.web.FilterChainProxy        : Invoking RequestCacheAwareFilter (11/15)
2026-06-05T12:20:41.123-03:00 TRACE 25852 --- [libraryapi] [http-nio-8080-exec-2] o.s.s.w.s.HttpSessionRequestCache        : matchingRequestParameterName is required for getMatchingRequest to lookup a value, but not provided
2026-06-05T12:20:41.123-03:00 TRACE 25852 --- [libraryapi] [http-nio-8080-exec-2] o.s.security.web.FilterChainProxy        : Invoking SecurityContextHolderAwareRequestFilter (12/15)
2026-06-05T12:20:41.123-03:00 TRACE 25852 --- [libraryapi] [http-nio-8080-exec-2] o.s.security.web.FilterChainProxy        : Invoking AnonymousAuthenticationFilter (13/15)
2026-06-05T12:20:41.123-03:00 TRACE 25852 --- [libraryapi] [http-nio-8080-exec-2] o.s.security.web.FilterChainProxy        : Invoking ExceptionTranslationFilter (14/15)
2026-06-05T12:20:41.123-03:00 TRACE 25852 --- [libraryapi] [http-nio-8080-exec-2] o.s.security.web.FilterChainProxy        : Invoking AuthorizationFilter (15/15)
2026-06-05T12:20:41.123-03:00 TRACE 25852 --- [libraryapi] [http-nio-8080-exec-2] estMatcherDelegatingAuthorizationManager : Authorizing GET /login
2026-06-05T12:20:41.125-03:00 TRACE 25852 --- [libraryapi] [http-nio-8080-exec-2] estMatcherDelegatingAuthorizationManager : Checking authorization on GET /login using org.springframework.security.config.annotation.web.configurers.AuthorizeHttpRequestsConfigurer$$Lambda/0x0000023086a78638@a19478b
2026-06-05T12:20:41.126-03:00 DEBUG 25852 --- [libraryapi] [http-nio-8080-exec-2] o.s.security.web.FilterChainProxy        : Secured GET /login
2026-06-05T12:20:41.128-03:00 DEBUG 25852 --- [libraryapi] [http-nio-8080-exec-2] o.s.web.servlet.DispatcherServlet        : GET "/login", parameters={}
2026-06-05T12:20:41.130-03:00 DEBUG 25852 --- [libraryapi] [http-nio-8080-exec-2] o.s.w.s.handler.SimpleUrlHandlerMapping  : Mapped to ParameterizableViewController [view="login"]
2026-06-05T12:20:41.501-03:00 TRACE 25852 --- [libraryapi] [http-nio-8080-exec-2] o.s.s.w.header.writers.HstsHeaderWriter  : Not injecting HSTS header since it did not match request to [Is Secure]
2026-06-05T12:20:41.504-03:00 DEBUG 25852 --- [libraryapi] [http-nio-8080-exec-2] o.s.web.servlet.DispatcherServlet        : Completed 200 OK
2026-06-05T12:20:41.504-03:00 TRACE 25852 --- [libraryapi] [http-nio-8080-exec-2] o.s.s.w.a.AnonymousAuthenticationFilter  : Set SecurityContextHolder to AnonymousAuthenticationToken [Principal=anonymousUser, Credentials=[PROTECTED], Authenticated=true, Details=WebAuthenticationDetails [RemoteIpAddress=0:0:0:0:0:0:0:1, SessionId=C122EF902AA023F7692541200D30A033], Granted Authorities=[ROLE_ANONYMOUS]]
2026-06-05T12:20:58.835-03:00 TRACE 25852 --- [libraryapi] [http-nio-8080-exec-3] o.s.security.web.FilterChainProxy        : Trying to match request against DefaultSecurityFilterChain [RequestMatcher=Deferred [Mvc [pattern='/v2/api-docs/**'], Ant [pattern='/v2/api-docs/**']], Filters=[]] (1/8)
2026-06-05T12:20:58.836-03:00 TRACE 25852 --- [libraryapi] [http-nio-8080-exec-3] o.s.security.web.FilterChainProxy        : Trying to match request against DefaultSecurityFilterChain [RequestMatcher=Deferred [Mvc [pattern='v3/api-docs/**'], Ant [pattern='v3/api-docs/**']], Filters=[]] (2/8)
2026-06-05T12:20:58.836-03:00 TRACE 25852 --- [libraryapi] [http-nio-8080-exec-3] o.s.security.web.FilterChainProxy        : Trying to match request against DefaultSecurityFilterChain [RequestMatcher=Deferred [Mvc [pattern='/swagger-resource/**'], Ant [pattern='/swagger-resource/**']], Filters=[]] (3/8)
2026-06-05T12:20:58.836-03:00 TRACE 25852 --- [libraryapi] [http-nio-8080-exec-3] o.s.security.web.FilterChainProxy        : Trying to match request against DefaultSecurityFilterChain [RequestMatcher=Deferred [Mvc [pattern='/swagger-ui.html'], Ant [pattern='/swagger-ui.html']], Filters=[]] (4/8)
2026-06-05T12:20:58.836-03:00 TRACE 25852 --- [libraryapi] [http-nio-8080-exec-3] o.s.security.web.FilterChainProxy        : Trying to match request against DefaultSecurityFilterChain [RequestMatcher=Deferred [Mvc [pattern='/swagger-ui/**'], Ant [pattern='/swagger-ui/**']], Filters=[]] (5/8)
2026-06-05T12:20:58.836-03:00 TRACE 25852 --- [libraryapi] [http-nio-8080-exec-3] o.s.security.web.FilterChainProxy        : Trying to match request against DefaultSecurityFilterChain [RequestMatcher=Deferred [Mvc [pattern='/webjars/**'], Ant [pattern='/webjars/**']], Filters=[]] (6/8)
2026-06-05T12:20:58.836-03:00 TRACE 25852 --- [libraryapi] [http-nio-8080-exec-3] o.s.security.web.FilterChainProxy        : Trying to match request against DefaultSecurityFilterChain [RequestMatcher=org.springframework.security.oauth2.server.authorization.config.annotation.web.configurers.OAuth2AuthorizationServerConfigurer$$Lambda/0x0000023086a78000@774f2d7f, Filters=[org.springframework.security.web.session.DisableEncodeUrlFilter@24ad2c2f, org.springframework.security.web.context.request.async.WebAsyncManagerIntegrationFilter@41c0156f, org.springframework.security.web.context.SecurityContextHolderFilter@76e5278a, org.springframework.security.oauth2.server.authorization.config.annotation.web.configurers.AuthorizationServerContextFilter@4e38b4ea, org.springframework.security.web.header.HeaderWriterFilter@6f6d2847, org.springframework.security.web.csrf.CsrfFilter@446b74b9, org.springframework.security.oauth2.server.authorization.oidc.web.OidcLogoutEndpointFilter@6b29771f, org.springframework.security.web.authentication.logout.LogoutFilter@1cfca845, org.springframework.security.oauth2.server.authorization.web.OAuth2AuthorizationServerMetadataEndpointFilter@1e490ed, org.springframework.security.oauth2.server.authorization.web.OAuth2AuthorizationEndpointFilter@39482f2b, org.springframework.security.oauth2.server.authorization.web.OAuth2DeviceVerificationEndpointFilter@2d0f850, org.springframework.security.oauth2.server.authorization.oidc.web.OidcProviderConfigurationEndpointFilter@1989a143, org.springframework.security.oauth2.server.authorization.web.NimbusJwkSetEndpointFilter@3df05c40, org.springframework.security.oauth2.server.authorization.web.OAuth2ClientAuthenticationFilter@5bc3c4e5, org.springframework.security.web.authentication.UsernamePasswordAuthenticationFilter@72bb3f3e, org.springframework.security.oauth2.server.resource.web.authentication.BearerTokenAuthenticationFilter@22938166, org.springframework.security.web.savedrequest.RequestCacheAwareFilter@4b27a3fc, org.springframework.security.web.servletapi.SecurityContextHolderAwareRequestFilter@71adea8d, org.springframework.security.web.authentication.AnonymousAuthenticationFilter@725392aa, org.springframework.security.web.access.ExceptionTranslationFilter@65263248, org.springframework.security.web.access.intercept.AuthorizationFilter@45070db0, org.springframework.security.oauth2.server.authorization.web.OAuth2TokenEndpointFilter@54fb9c08, org.springframework.security.oauth2.server.authorization.web.OAuth2TokenIntrospectionEndpointFilter@445760e0, org.springframework.security.oauth2.server.authorization.web.OAuth2TokenRevocationEndpointFilter@419df81e, org.springframework.security.oauth2.server.authorization.web.OAuth2DeviceAuthorizationEndpointFilter@60adea01, org.springframework.security.oauth2.server.authorization.oidc.web.OidcUserInfoEndpointFilter@6d03404e]] (7/8)
2026-06-05T12:20:58.837-03:00 TRACE 25852 --- [libraryapi] [http-nio-8080-exec-3] o.s.security.web.FilterChainProxy        : Trying to match request against DefaultSecurityFilterChain [RequestMatcher=any request, Filters=[org.springframework.security.web.session.DisableEncodeUrlFilter@5c2ceac1, org.springframework.security.web.context.request.async.WebAsyncManagerIntegrationFilter@a7e10c4, org.springframework.security.web.context.SecurityContextHolderFilter@3c3f0f2e, org.springframework.security.web.header.HeaderWriterFilter@6b4d0be2, org.springframework.security.web.authentication.logout.LogoutFilter@3c42dc9f, org.springframework.security.oauth2.client.web.OAuth2AuthorizationRequestRedirectFilter@66b65360, org.springframework.security.oauth2.client.web.OAuth2LoginAuthenticationFilter@58b2c0b4, org.springframework.security.web.authentication.UsernamePasswordAuthenticationFilter@70bca957, org.springframework.security.oauth2.server.resource.web.authentication.BearerTokenAuthenticationFilter@c4ba591, com.github.iuryrayam.libraryapi.security.JwtCustomAuthenticationFilter@715523b8, org.springframework.security.web.savedrequest.RequestCacheAwareFilter@5e324000, org.springframework.security.web.servletapi.SecurityContextHolderAwareRequestFilter@7b51fc45, org.springframework.security.web.authentication.AnonymousAuthenticationFilter@63f1233c, org.springframework.security.web.access.ExceptionTranslationFilter@4e4d6172, org.springframework.security.web.access.intercept.AuthorizationFilter@7b128cd2]] (8/8)
2026-06-05T12:20:58.837-03:00 DEBUG 25852 --- [libraryapi] [http-nio-8080-exec-3] o.s.security.web.FilterChainProxy        : Securing POST /login
2026-06-05T12:20:58.837-03:00 TRACE 25852 --- [libraryapi] [http-nio-8080-exec-3] o.s.security.web.FilterChainProxy        : Invoking DisableEncodeUrlFilter (1/15)
2026-06-05T12:20:58.837-03:00 TRACE 25852 --- [libraryapi] [http-nio-8080-exec-3] o.s.security.web.FilterChainProxy        : Invoking WebAsyncManagerIntegrationFilter (2/15)
2026-06-05T12:20:58.837-03:00 TRACE 25852 --- [libraryapi] [http-nio-8080-exec-3] o.s.security.web.FilterChainProxy        : Invoking SecurityContextHolderFilter (3/15)
2026-06-05T12:20:58.837-03:00 TRACE 25852 --- [libraryapi] [http-nio-8080-exec-3] o.s.security.web.FilterChainProxy        : Invoking HeaderWriterFilter (4/15)
2026-06-05T12:20:58.837-03:00 TRACE 25852 --- [libraryapi] [http-nio-8080-exec-3] o.s.security.web.FilterChainProxy        : Invoking LogoutFilter (5/15)
2026-06-05T12:20:58.837-03:00 TRACE 25852 --- [libraryapi] [http-nio-8080-exec-3] o.s.s.w.a.logout.LogoutFilter            : Did not match request to Or [Ant [pattern='/logout', GET], Ant [pattern='/logout', POST], Ant [pattern='/logout', PUT], Ant [pattern='/logout', DELETE]]
2026-06-05T12:20:58.838-03:00 TRACE 25852 --- [libraryapi] [http-nio-8080-exec-3] o.s.security.web.FilterChainProxy        : Invoking OAuth2AuthorizationRequestRedirectFilter (6/15)
2026-06-05T12:20:58.838-03:00 TRACE 25852 --- [libraryapi] [http-nio-8080-exec-3] o.s.security.web.FilterChainProxy        : Invoking OAuth2LoginAuthenticationFilter (7/15)
2026-06-05T12:20:58.838-03:00 TRACE 25852 --- [libraryapi] [http-nio-8080-exec-3] .s.o.c.w.OAuth2LoginAuthenticationFilter : Did not match request to Ant [pattern='/login/oauth2/code/*']
2026-06-05T12:20:58.838-03:00 TRACE 25852 --- [libraryapi] [http-nio-8080-exec-3] o.s.security.web.FilterChainProxy        : Invoking UsernamePasswordAuthenticationFilter (8/15)
2026-06-05T12:20:58.838-03:00 TRACE 25852 --- [libraryapi] [http-nio-8080-exec-3] o.s.s.authentication.ProviderManager     : Authenticating request with CustomAuthenticationProvider (1/1)
2026-06-05T12:20:58.942-03:00 TRACE 25852 --- [libraryapi] [http-nio-8080-exec-3] s.CompositeSessionAuthenticationStrategy : Preparing session with ChangeSessionIdAuthenticationStrategy (1/1)
2026-06-05T12:20:58.942-03:00 DEBUG 25852 --- [libraryapi] [http-nio-8080-exec-3] .s.ChangeSessionIdAuthenticationStrategy : Changed session id from C122EF902AA023F7692541200D30A033
2026-06-05T12:20:58.943-03:00 DEBUG 25852 --- [libraryapi] [http-nio-8080-exec-3] w.c.HttpSessionSecurityContextRepository : Stored SecurityContextImpl [Authentication=com.github.iuryrayam.libraryapi.security.CustomAuthentication@1f48a77e] to HttpSession [org.apache.catalina.session.StandardSessionFacade@54b19bd7]
2026-06-05T12:20:58.943-03:00 DEBUG 25852 --- [libraryapi] [http-nio-8080-exec-3] w.a.UsernamePasswordAuthenticationFilter : Set SecurityContextHolder to com.github.iuryrayam.libraryapi.security.CustomAuthentication@1f48a77e
2026-06-05T12:20:58.944-03:00 DEBUG 25852 --- [libraryapi] [http-nio-8080-exec-3] o.s.s.web.DefaultRedirectStrategy        : Redirecting to http://localhost:8080/oauth2/authorize?response_type=code&client_id=meu-client&redirect_uri=http%3A%2F%2Flocalhost%3A8080%2Fauthorized&continue
2026-06-05T12:20:58.944-03:00 TRACE 25852 --- [libraryapi] [http-nio-8080-exec-3] o.s.s.w.header.writers.HstsHeaderWriter  : Not injecting HSTS header since it did not match request to [Is Secure]
2026-06-05T12:20:58.953-03:00 TRACE 25852 --- [libraryapi] [http-nio-8080-exec-4] o.s.security.web.FilterChainProxy        : Trying to match request against DefaultSecurityFilterChain [RequestMatcher=Deferred [Mvc [pattern='/v2/api-docs/**'], Ant [pattern='/v2/api-docs/**']], Filters=[]] (1/8)
2026-06-05T12:20:58.954-03:00 TRACE 25852 --- [libraryapi] [http-nio-8080-exec-4] o.s.security.web.FilterChainProxy        : Trying to match request against DefaultSecurityFilterChain [RequestMatcher=Deferred [Mvc [pattern='v3/api-docs/**'], Ant [pattern='v3/api-docs/**']], Filters=[]] (2/8)
2026-06-05T12:20:58.954-03:00 TRACE 25852 --- [libraryapi] [http-nio-8080-exec-4] o.s.security.web.FilterChainProxy        : Trying to match request against DefaultSecurityFilterChain [RequestMatcher=Deferred [Mvc [pattern='/swagger-resource/**'], Ant [pattern='/swagger-resource/**']], Filters=[]] (3/8)
2026-06-05T12:20:58.954-03:00 TRACE 25852 --- [libraryapi] [http-nio-8080-exec-4] o.s.security.web.FilterChainProxy        : Trying to match request against DefaultSecurityFilterChain [RequestMatcher=Deferred [Mvc [pattern='/swagger-ui.html'], Ant [pattern='/swagger-ui.html']], Filters=[]] (4/8)
2026-06-05T12:20:58.954-03:00 TRACE 25852 --- [libraryapi] [http-nio-8080-exec-4] o.s.security.web.FilterChainProxy        : Trying to match request against DefaultSecurityFilterChain [RequestMatcher=Deferred [Mvc [pattern='/swagger-ui/**'], Ant [pattern='/swagger-ui/**']], Filters=[]] (5/8)
2026-06-05T12:20:58.955-03:00 TRACE 25852 --- [libraryapi] [http-nio-8080-exec-4] o.s.security.web.FilterChainProxy        : Trying to match request against DefaultSecurityFilterChain [RequestMatcher=Deferred [Mvc [pattern='/webjars/**'], Ant [pattern='/webjars/**']], Filters=[]] (6/8)
2026-06-05T12:20:58.955-03:00 TRACE 25852 --- [libraryapi] [http-nio-8080-exec-4] o.s.security.web.FilterChainProxy        : Trying to match request against DefaultSecurityFilterChain [RequestMatcher=org.springframework.security.oauth2.server.authorization.config.annotation.web.configurers.OAuth2AuthorizationServerConfigurer$$Lambda/0x0000023086a78000@774f2d7f, Filters=[org.springframework.security.web.session.DisableEncodeUrlFilter@24ad2c2f, org.springframework.security.web.context.request.async.WebAsyncManagerIntegrationFilter@41c0156f, org.springframework.security.web.context.SecurityContextHolderFilter@76e5278a, org.springframework.security.oauth2.server.authorization.config.annotation.web.configurers.AuthorizationServerContextFilter@4e38b4ea, org.springframework.security.web.header.HeaderWriterFilter@6f6d2847, org.springframework.security.web.csrf.CsrfFilter@446b74b9, org.springframework.security.oauth2.server.authorization.oidc.web.OidcLogoutEndpointFilter@6b29771f, org.springframework.security.web.authentication.logout.LogoutFilter@1cfca845, org.springframework.security.oauth2.server.authorization.web.OAuth2AuthorizationServerMetadataEndpointFilter@1e490ed, org.springframework.security.oauth2.server.authorization.web.OAuth2AuthorizationEndpointFilter@39482f2b, org.springframework.security.oauth2.server.authorization.web.OAuth2DeviceVerificationEndpointFilter@2d0f850, org.springframework.security.oauth2.server.authorization.oidc.web.OidcProviderConfigurationEndpointFilter@1989a143, org.springframework.security.oauth2.server.authorization.web.NimbusJwkSetEndpointFilter@3df05c40, org.springframework.security.oauth2.server.authorization.web.OAuth2ClientAuthenticationFilter@5bc3c4e5, org.springframework.security.web.authentication.UsernamePasswordAuthenticationFilter@72bb3f3e, org.springframework.security.oauth2.server.resource.web.authentication.BearerTokenAuthenticationFilter@22938166, org.springframework.security.web.savedrequest.RequestCacheAwareFilter@4b27a3fc, org.springframework.security.web.servletapi.SecurityContextHolderAwareRequestFilter@71adea8d, org.springframework.security.web.authentication.AnonymousAuthenticationFilter@725392aa, org.springframework.security.web.access.ExceptionTranslationFilter@65263248, org.springframework.security.web.access.intercept.AuthorizationFilter@45070db0, org.springframework.security.oauth2.server.authorization.web.OAuth2TokenEndpointFilter@54fb9c08, org.springframework.security.oauth2.server.authorization.web.OAuth2TokenIntrospectionEndpointFilter@445760e0, org.springframework.security.oauth2.server.authorization.web.OAuth2TokenRevocationEndpointFilter@419df81e, org.springframework.security.oauth2.server.authorization.web.OAuth2DeviceAuthorizationEndpointFilter@60adea01, org.springframework.security.oauth2.server.authorization.oidc.web.OidcUserInfoEndpointFilter@6d03404e]] (7/8)
2026-06-05T12:20:58.955-03:00 DEBUG 25852 --- [libraryapi] [http-nio-8080-exec-4] o.s.security.web.FilterChainProxy        : Securing GET /oauth2/authorize?response_type=code&client_id=meu-client&redirect_uri=http%3A%2F%2Flocalhost%3A8080%2Fauthorized&continue
2026-06-05T12:20:58.955-03:00 TRACE 25852 --- [libraryapi] [http-nio-8080-exec-4] o.s.security.web.FilterChainProxy        : Invoking DisableEncodeUrlFilter (1/26)
2026-06-05T12:20:58.956-03:00 TRACE 25852 --- [libraryapi] [http-nio-8080-exec-4] o.s.security.web.FilterChainProxy        : Invoking WebAsyncManagerIntegrationFilter (2/26)
2026-06-05T12:20:58.956-03:00 TRACE 25852 --- [libraryapi] [http-nio-8080-exec-4] o.s.security.web.FilterChainProxy        : Invoking SecurityContextHolderFilter (3/26)
2026-06-05T12:20:58.956-03:00 TRACE 25852 --- [libraryapi] [http-nio-8080-exec-4] o.s.security.web.FilterChainProxy        : Invoking AuthorizationServerContextFilter (4/26)
2026-06-05T12:20:58.956-03:00 TRACE 25852 --- [libraryapi] [http-nio-8080-exec-4] o.s.security.web.FilterChainProxy        : Invoking HeaderWriterFilter (5/26)
2026-06-05T12:20:58.956-03:00 TRACE 25852 --- [libraryapi] [http-nio-8080-exec-4] o.s.security.web.FilterChainProxy        : Invoking CsrfFilter (6/26)
2026-06-05T12:20:58.956-03:00 TRACE 25852 --- [libraryapi] [http-nio-8080-exec-4] o.s.security.web.csrf.CsrfFilter         : Did not protect against CSRF since request did not match And [CsrfNotRequired [TRACE, HEAD, GET, OPTIONS], Not [Or [org.springframework.security.oauth2.server.authorization.config.annotation.web.configurers.OAuth2AuthorizationServerConfigurer$$Lambda/0x0000023086a78000@774f2d7f, org.springframework.security.config.annotation.web.configurers.oauth2.server.resource.OAuth2ResourceServerConfigurer$BearerTokenRequestMatcher@3bcebb8f]]]
2026-06-05T12:20:58.956-03:00 TRACE 25852 --- [libraryapi] [http-nio-8080-exec-4] o.s.security.web.FilterChainProxy        : Invoking OidcLogoutEndpointFilter (7/26)
2026-06-05T12:20:58.956-03:00 TRACE 25852 --- [libraryapi] [http-nio-8080-exec-4] o.s.security.web.FilterChainProxy        : Invoking LogoutFilter (8/26)
2026-06-05T12:20:58.956-03:00 TRACE 25852 --- [libraryapi] [http-nio-8080-exec-4] o.s.s.w.a.logout.LogoutFilter            : Did not match request to Ant [pattern='/logout', POST]
2026-06-05T12:20:58.956-03:00 TRACE 25852 --- [libraryapi] [http-nio-8080-exec-4] o.s.security.web.FilterChainProxy        : Invoking OAuth2AuthorizationServerMetadataEndpointFilter (9/26)
2026-06-05T12:20:58.956-03:00 TRACE 25852 --- [libraryapi] [http-nio-8080-exec-4] o.s.security.web.FilterChainProxy        : Invoking OAuth2AuthorizationEndpointFilter (10/26)
2026-06-05T12:20:58.957-03:00 TRACE 25852 --- [libraryapi] [http-nio-8080-exec-4] w.c.HttpSessionSecurityContextRepository : Retrieved SecurityContextImpl [Authentication=com.github.iuryrayam.libraryapi.security.CustomAuthentication@1f48a77e] from SPRING_SECURITY_CONTEXT
2026-06-05T12:20:58.957-03:00 TRACE 25852 --- [libraryapi] [http-nio-8080-exec-4] o.s.s.authentication.ProviderManager     : Authenticating request with OAuth2AuthorizationCodeRequestAuthenticationProvider (1/20)
2026-06-05T12:20:58.962-03:00 TRACE 25852 --- [libraryapi] [http-nio-8080-exec-4] izationCodeRequestAuthenticationProvider : Retrieved registered client
2026-06-05T12:20:58.962-03:00 TRACE 25852 --- [libraryapi] [http-nio-8080-exec-4] izationCodeRequestAuthenticationProvider : Validated authorization code request parameters
2026-06-05T12:20:58.973-03:00 TRACE 25852 --- [libraryapi] [http-nio-8080-exec-4] izationCodeRequestAuthenticationProvider : Generated authorization code
2026-06-05T12:20:58.974-03:00 TRACE 25852 --- [libraryapi] [http-nio-8080-exec-4] izationCodeRequestAuthenticationProvider : Saved authorization
2026-06-05T12:20:58.974-03:00 TRACE 25852 --- [libraryapi] [http-nio-8080-exec-4] izationCodeRequestAuthenticationProvider : Authenticated authorization code request
2026-06-05T12:20:58.975-03:00 DEBUG 25852 --- [libraryapi] [http-nio-8080-exec-4] o.s.s.web.DefaultRedirectStrategy        : Redirecting to http://localhost:8080/authorized?code=HllNZETp76h88TlR2SUdgfOIlVujWZo5Ubi7VJ7eZYLR8Nl6TzeDZSI3YGNsvdv12E39PouS_E5QPoLCXcsiUGmM1Vk7sRs-7Q1ttCiDyHxUlB3zKfv8S-npv43OTudL
2026-06-05T12:20:58.975-03:00 TRACE 25852 --- [libraryapi] [http-nio-8080-exec-4] o.s.s.w.header.writers.HstsHeaderWriter  : Not injecting HSTS header since it did not match request to [Is Secure]
2026-06-05T12:20:59.016-03:00 TRACE 25852 --- [libraryapi] [http-nio-8080-exec-6] o.s.security.web.FilterChainProxy        : Trying to match request against DefaultSecurityFilterChain [RequestMatcher=Deferred [Mvc [pattern='/v2/api-docs/**'], Ant [pattern='/v2/api-docs/**']], Filters=[]] (1/8)
2026-06-05T12:20:59.016-03:00 TRACE 25852 --- [libraryapi] [http-nio-8080-exec-6] o.s.security.web.FilterChainProxy        : Trying to match request against DefaultSecurityFilterChain [RequestMatcher=Deferred [Mvc [pattern='v3/api-docs/**'], Ant [pattern='v3/api-docs/**']], Filters=[]] (2/8)
2026-06-05T12:20:59.016-03:00 TRACE 25852 --- [libraryapi] [http-nio-8080-exec-6] o.s.security.web.FilterChainProxy        : Trying to match request against DefaultSecurityFilterChain [RequestMatcher=Deferred [Mvc [pattern='/swagger-resource/**'], Ant [pattern='/swagger-resource/**']], Filters=[]] (3/8)
2026-06-05T12:20:59.017-03:00 TRACE 25852 --- [libraryapi] [http-nio-8080-exec-6] o.s.security.web.FilterChainProxy        : Trying to match request against DefaultSecurityFilterChain [RequestMatcher=Deferred [Mvc [pattern='/swagger-ui.html'], Ant [pattern='/swagger-ui.html']], Filters=[]] (4/8)
2026-06-05T12:20:59.017-03:00 TRACE 25852 --- [libraryapi] [http-nio-8080-exec-6] o.s.security.web.FilterChainProxy        : Trying to match request against DefaultSecurityFilterChain [RequestMatcher=Deferred [Mvc [pattern='/swagger-ui/**'], Ant [pattern='/swagger-ui/**']], Filters=[]] (5/8)
2026-06-05T12:20:59.017-03:00 TRACE 25852 --- [libraryapi] [http-nio-8080-exec-6] o.s.security.web.FilterChainProxy        : Trying to match request against DefaultSecurityFilterChain [RequestMatcher=Deferred [Mvc [pattern='/webjars/**'], Ant [pattern='/webjars/**']], Filters=[]] (6/8)
2026-06-05T12:20:59.018-03:00 TRACE 25852 --- [libraryapi] [http-nio-8080-exec-6] o.s.security.web.FilterChainProxy        : Trying to match request against DefaultSecurityFilterChain [RequestMatcher=org.springframework.security.oauth2.server.authorization.config.annotation.web.configurers.OAuth2AuthorizationServerConfigurer$$Lambda/0x0000023086a78000@774f2d7f, Filters=[org.springframework.security.web.session.DisableEncodeUrlFilter@24ad2c2f, org.springframework.security.web.context.request.async.WebAsyncManagerIntegrationFilter@41c0156f, org.springframework.security.web.context.SecurityContextHolderFilter@76e5278a, org.springframework.security.oauth2.server.authorization.config.annotation.web.configurers.AuthorizationServerContextFilter@4e38b4ea, org.springframework.security.web.header.HeaderWriterFilter@6f6d2847, org.springframework.security.web.csrf.CsrfFilter@446b74b9, org.springframework.security.oauth2.server.authorization.oidc.web.OidcLogoutEndpointFilter@6b29771f, org.springframework.security.web.authentication.logout.LogoutFilter@1cfca845, org.springframework.security.oauth2.server.authorization.web.OAuth2AuthorizationServerMetadataEndpointFilter@1e490ed, org.springframework.security.oauth2.server.authorization.web.OAuth2AuthorizationEndpointFilter@39482f2b, org.springframework.security.oauth2.server.authorization.web.OAuth2DeviceVerificationEndpointFilter@2d0f850, org.springframework.security.oauth2.server.authorization.oidc.web.OidcProviderConfigurationEndpointFilter@1989a143, org.springframework.security.oauth2.server.authorization.web.NimbusJwkSetEndpointFilter@3df05c40, org.springframework.security.oauth2.server.authorization.web.OAuth2ClientAuthenticationFilter@5bc3c4e5, org.springframework.security.web.authentication.UsernamePasswordAuthenticationFilter@72bb3f3e, org.springframework.security.oauth2.server.resource.web.authentication.BearerTokenAuthenticationFilter@22938166, org.springframework.security.web.savedrequest.RequestCacheAwareFilter@4b27a3fc, org.springframework.security.web.servletapi.SecurityContextHolderAwareRequestFilter@71adea8d, org.springframework.security.web.authentication.AnonymousAuthenticationFilter@725392aa, org.springframework.security.web.access.ExceptionTranslationFilter@65263248, org.springframework.security.web.access.intercept.AuthorizationFilter@45070db0, org.springframework.security.oauth2.server.authorization.web.OAuth2TokenEndpointFilter@54fb9c08, org.springframework.security.oauth2.server.authorization.web.OAuth2TokenIntrospectionEndpointFilter@445760e0, org.springframework.security.oauth2.server.authorization.web.OAuth2TokenRevocationEndpointFilter@419df81e, org.springframework.security.oauth2.server.authorization.web.OAuth2DeviceAuthorizationEndpointFilter@60adea01, org.springframework.security.oauth2.server.authorization.oidc.web.OidcUserInfoEndpointFilter@6d03404e]] (7/8)
2026-06-05T12:20:59.018-03:00 TRACE 25852 --- [libraryapi] [http-nio-8080-exec-6] o.s.security.web.FilterChainProxy        : Trying to match request against DefaultSecurityFilterChain [RequestMatcher=any request, Filters=[org.springframework.security.web.session.DisableEncodeUrlFilter@5c2ceac1, org.springframework.security.web.context.request.async.WebAsyncManagerIntegrationFilter@a7e10c4, org.springframework.security.web.context.SecurityContextHolderFilter@3c3f0f2e, org.springframework.security.web.header.HeaderWriterFilter@6b4d0be2, org.springframework.security.web.authentication.logout.LogoutFilter@3c42dc9f, org.springframework.security.oauth2.client.web.OAuth2AuthorizationRequestRedirectFilter@66b65360, org.springframework.security.oauth2.client.web.OAuth2LoginAuthenticationFilter@58b2c0b4, org.springframework.security.web.authentication.UsernamePasswordAuthenticationFilter@70bca957, org.springframework.security.oauth2.server.resource.web.authentication.BearerTokenAuthenticationFilter@c4ba591, com.github.iuryrayam.libraryapi.security.JwtCustomAuthenticationFilter@715523b8, org.springframework.security.web.savedrequest.RequestCacheAwareFilter@5e324000, org.springframework.security.web.servletapi.SecurityContextHolderAwareRequestFilter@7b51fc45, org.springframework.security.web.authentication.AnonymousAuthenticationFilter@63f1233c, org.springframework.security.web.access.ExceptionTranslationFilter@4e4d6172, org.springframework.security.web.access.intercept.AuthorizationFilter@7b128cd2]] (8/8)
2026-06-05T12:20:59.020-03:00 DEBUG 25852 --- [libraryapi] [http-nio-8080-exec-6] o.s.security.web.FilterChainProxy        : Securing GET /authorized?code=HllNZETp76h88TlR2SUdgfOIlVujWZo5Ubi7VJ7eZYLR8Nl6TzeDZSI3YGNsvdv12E39PouS_E5QPoLCXcsiUGmM1Vk7sRs-7Q1ttCiDyHxUlB3zKfv8S-npv43OTudL
2026-06-05T12:20:59.024-03:00 TRACE 25852 --- [libraryapi] [http-nio-8080-exec-6] o.s.security.web.FilterChainProxy        : Invoking DisableEncodeUrlFilter (1/15)
2026-06-05T12:20:59.025-03:00 TRACE 25852 --- [libraryapi] [http-nio-8080-exec-6] o.s.security.web.FilterChainProxy        : Invoking WebAsyncManagerIntegrationFilter (2/15)
2026-06-05T12:20:59.027-03:00 TRACE 25852 --- [libraryapi] [http-nio-8080-exec-6] o.s.security.web.FilterChainProxy        : Invoking SecurityContextHolderFilter (3/15)
2026-06-05T12:20:59.027-03:00 TRACE 25852 --- [libraryapi] [http-nio-8080-exec-6] o.s.security.web.FilterChainProxy        : Invoking HeaderWriterFilter (4/15)
2026-06-05T12:20:59.028-03:00 TRACE 25852 --- [libraryapi] [http-nio-8080-exec-6] o.s.security.web.FilterChainProxy        : Invoking LogoutFilter (5/15)
2026-06-05T12:20:59.028-03:00 TRACE 25852 --- [libraryapi] [http-nio-8080-exec-6] o.s.s.w.a.logout.LogoutFilter            : Did not match request to Or [Ant [pattern='/logout', GET], Ant [pattern='/logout', POST], Ant [pattern='/logout', PUT], Ant [pattern='/logout', DELETE]]
2026-06-05T12:20:59.028-03:00 TRACE 25852 --- [libraryapi] [http-nio-8080-exec-6] o.s.security.web.FilterChainProxy        : Invoking OAuth2AuthorizationRequestRedirectFilter (6/15)
2026-06-05T12:20:59.029-03:00 TRACE 25852 --- [libraryapi] [http-nio-8080-exec-6] o.s.security.web.FilterChainProxy        : Invoking OAuth2LoginAuthenticationFilter (7/15)
2026-06-05T12:20:59.029-03:00 TRACE 25852 --- [libraryapi] [http-nio-8080-exec-6] .s.o.c.w.OAuth2LoginAuthenticationFilter : Did not match request to Ant [pattern='/login/oauth2/code/*']
2026-06-05T12:20:59.029-03:00 TRACE 25852 --- [libraryapi] [http-nio-8080-exec-6] o.s.security.web.FilterChainProxy        : Invoking UsernamePasswordAuthenticationFilter (8/15)
2026-06-05T12:20:59.029-03:00 TRACE 25852 --- [libraryapi] [http-nio-8080-exec-6] w.a.UsernamePasswordAuthenticationFilter : Did not match request to Ant [pattern='/login', POST]
2026-06-05T12:20:59.030-03:00 TRACE 25852 --- [libraryapi] [http-nio-8080-exec-6] o.s.security.web.FilterChainProxy        : Invoking BearerTokenAuthenticationFilter (9/15)
2026-06-05T12:20:59.030-03:00 TRACE 25852 --- [libraryapi] [http-nio-8080-exec-6] .s.r.w.a.BearerTokenAuthenticationFilter : Did not process request since did not find bearer token
2026-06-05T12:20:59.030-03:00 TRACE 25852 --- [libraryapi] [http-nio-8080-exec-6] o.s.security.web.FilterChainProxy        : Invoking JwtCustomAuthenticationFilter (10/15)
2026-06-05T12:20:59.031-03:00 TRACE 25852 --- [libraryapi] [http-nio-8080-exec-6] w.c.HttpSessionSecurityContextRepository : Retrieved SecurityContextImpl [Authentication=com.github.iuryrayam.libraryapi.security.CustomAuthentication@1f48a77e] from SPRING_SECURITY_CONTEXT
2026-06-05T12:20:59.031-03:00 TRACE 25852 --- [libraryapi] [http-nio-8080-exec-6] o.s.security.web.FilterChainProxy        : Invoking RequestCacheAwareFilter (11/15)
2026-06-05T12:20:59.032-03:00 TRACE 25852 --- [libraryapi] [http-nio-8080-exec-6] o.s.s.w.s.HttpSessionRequestCache        : matchingRequestParameterName is required for getMatchingRequest to lookup a value, but not provided
2026-06-05T12:20:59.034-03:00 TRACE 25852 --- [libraryapi] [http-nio-8080-exec-6] o.s.security.web.FilterChainProxy        : Invoking SecurityContextHolderAwareRequestFilter (12/15)
2026-06-05T12:20:59.034-03:00 TRACE 25852 --- [libraryapi] [http-nio-8080-exec-6] o.s.security.web.FilterChainProxy        : Invoking AnonymousAuthenticationFilter (13/15)
2026-06-05T12:20:59.034-03:00 TRACE 25852 --- [libraryapi] [http-nio-8080-exec-6] o.s.security.web.FilterChainProxy        : Invoking ExceptionTranslationFilter (14/15)
2026-06-05T12:20:59.035-03:00 TRACE 25852 --- [libraryapi] [http-nio-8080-exec-6] o.s.security.web.FilterChainProxy        : Invoking AuthorizationFilter (15/15)
2026-06-05T12:20:59.035-03:00 TRACE 25852 --- [libraryapi] [http-nio-8080-exec-6] estMatcherDelegatingAuthorizationManager : Authorizing GET /authorized?code=HllNZETp76h88TlR2SUdgfOIlVujWZo5Ubi7VJ7eZYLR8Nl6TzeDZSI3YGNsvdv12E39PouS_E5QPoLCXcsiUGmM1Vk7sRs-7Q1ttCiDyHxUlB3zKfv8S-npv43OTudL
2026-06-05T12:20:59.036-03:00 TRACE 25852 --- [libraryapi] [http-nio-8080-exec-6] estMatcherDelegatingAuthorizationManager : Checking authorization on GET /authorized?code=HllNZETp76h88TlR2SUdgfOIlVujWZo5Ubi7VJ7eZYLR8Nl6TzeDZSI3YGNsvdv12E39PouS_E5QPoLCXcsiUGmM1Vk7sRs-7Q1ttCiDyHxUlB3zKfv8S-npv43OTudL using org.springframework.security.authorization.AuthenticatedAuthorizationManager@641947bf
2026-06-05T12:20:59.036-03:00 TRACE 25852 --- [libraryapi] [http-nio-8080-exec-6] o.s.s.w.a.AnonymousAuthenticationFilter  : Did not set SecurityContextHolder since already authenticated com.github.iuryrayam.libraryapi.security.CustomAuthentication@1f48a77e
2026-06-05T12:20:59.038-03:00 DEBUG 25852 --- [libraryapi] [http-nio-8080-exec-6] o.s.security.web.FilterChainProxy        : Secured GET /authorized?code=HllNZETp76h88TlR2SUdgfOIlVujWZo5Ubi7VJ7eZYLR8Nl6TzeDZSI3YGNsvdv12E39PouS_E5QPoLCXcsiUGmM1Vk7sRs-7Q1ttCiDyHxUlB3zKfv8S-npv43OTudL
2026-06-05T12:20:59.038-03:00 DEBUG 25852 --- [libraryapi] [http-nio-8080-exec-6] o.s.web.servlet.DispatcherServlet        : GET "/authorized?code=HllNZETp76h88TlR2SUdgfOIlVujWZo5Ubi7VJ7eZYLR8Nl6TzeDZSI3YGNsvdv12E39PouS_E5QPoLCXcsiUGmM1Vk7sRs-7Q1ttCiDyHxUlB3zKfv8S-npv43OTudL", parameters={masked}
2026-06-05T12:20:59.039-03:00 DEBUG 25852 --- [libraryapi] [http-nio-8080-exec-6] s.w.s.m.m.a.RequestMappingHandlerMapping : Mapped to com.github.iuryrayam.libraryapi.controller.LoginViewController#getAuthorizationCode(String)
2026-06-05T12:20:59.126-03:00 DEBUG 25852 --- [libraryapi] [http-nio-8080-exec-6] m.m.a.RequestResponseBodyMethodProcessor : Using 'text/html', given [text/html, application/xhtml+xml, image/avif, image/webp, image/apng, application/xml;q=0.9, */*;q=0.8, application/signed-exchange;v=b3;q=0.7] and supported [text/plain, */*, application/json, application/*+json]
2026-06-05T12:20:59.128-03:00 DEBUG 25852 --- [libraryapi] [http-nio-8080-exec-6] m.m.a.RequestResponseBodyMethodProcessor : Writing ["Seu authorization code: HllNZETp76h88TlR2SUdgfOIlVujWZo5Ubi7VJ7eZYLR8Nl6TzeDZSI3YGNsvdv12E39PouS_E5Q (truncated)..."]
2026-06-05T12:20:59.134-03:00 TRACE 25852 --- [libraryapi] [http-nio-8080-exec-6] o.s.s.w.header.writers.HstsHeaderWriter  : Not injecting HSTS header since it did not match request to [Is Secure]
2026-06-05T12:20:59.136-03:00 DEBUG 25852 --- [libraryapi] [http-nio-8080-exec-6] o.s.web.servlet.DispatcherServlet        : Completed 200 OK
2026-06-05T12:20:59.622-03:00 TRACE 25852 --- [libraryapi] [http-nio-8080-exec-8] o.s.security.web.FilterChainProxy        : Trying to match request against DefaultSecurityFilterChain [RequestMatcher=Deferred [Mvc [pattern='/v2/api-docs/**'], Ant [pattern='/v2/api-docs/**']], Filters=[]] (1/8)
2026-06-05T12:20:59.623-03:00 TRACE 25852 --- [libraryapi] [http-nio-8080-exec-8] o.s.security.web.FilterChainProxy        : Trying to match request against DefaultSecurityFilterChain [RequestMatcher=Deferred [Mvc [pattern='v3/api-docs/**'], Ant [pattern='v3/api-docs/**']], Filters=[]] (2/8)
2026-06-05T12:20:59.623-03:00 TRACE 25852 --- [libraryapi] [http-nio-8080-exec-8] o.s.security.web.FilterChainProxy        : Trying to match request against DefaultSecurityFilterChain [RequestMatcher=Deferred [Mvc [pattern='/swagger-resource/**'], Ant [pattern='/swagger-resource/**']], Filters=[]] (3/8)
2026-06-05T12:20:59.623-03:00 TRACE 25852 --- [libraryapi] [http-nio-8080-exec-8] o.s.security.web.FilterChainProxy        : Trying to match request against DefaultSecurityFilterChain [RequestMatcher=Deferred [Mvc [pattern='/swagger-ui.html'], Ant [pattern='/swagger-ui.html']], Filters=[]] (4/8)
2026-06-05T12:20:59.624-03:00 TRACE 25852 --- [libraryapi] [http-nio-8080-exec-8] o.s.security.web.FilterChainProxy        : Trying to match request against DefaultSecurityFilterChain [RequestMatcher=Deferred [Mvc [pattern='/swagger-ui/**'], Ant [pattern='/swagger-ui/**']], Filters=[]] (5/8)
2026-06-05T12:20:59.624-03:00 TRACE 25852 --- [libraryapi] [http-nio-8080-exec-8] o.s.security.web.FilterChainProxy        : Trying to match request against DefaultSecurityFilterChain [RequestMatcher=Deferred [Mvc [pattern='/webjars/**'], Ant [pattern='/webjars/**']], Filters=[]] (6/8)
2026-06-05T12:20:59.624-03:00 TRACE 25852 --- [libraryapi] [http-nio-8080-exec-8] o.s.security.web.FilterChainProxy        : Trying to match request against DefaultSecurityFilterChain [RequestMatcher=org.springframework.security.oauth2.server.authorization.config.annotation.web.configurers.OAuth2AuthorizationServerConfigurer$$Lambda/0x0000023086a78000@774f2d7f, Filters=[org.springframework.security.web.session.DisableEncodeUrlFilter@24ad2c2f, org.springframework.security.web.context.request.async.WebAsyncManagerIntegrationFilter@41c0156f, org.springframework.security.web.context.SecurityContextHolderFilter@76e5278a, org.springframework.security.oauth2.server.authorization.config.annotation.web.configurers.AuthorizationServerContextFilter@4e38b4ea, org.springframework.security.web.header.HeaderWriterFilter@6f6d2847, org.springframework.security.web.csrf.CsrfFilter@446b74b9, org.springframework.security.oauth2.server.authorization.oidc.web.OidcLogoutEndpointFilter@6b29771f, org.springframework.security.web.authentication.logout.LogoutFilter@1cfca845, org.springframework.security.oauth2.server.authorization.web.OAuth2AuthorizationServerMetadataEndpointFilter@1e490ed, org.springframework.security.oauth2.server.authorization.web.OAuth2AuthorizationEndpointFilter@39482f2b, org.springframework.security.oauth2.server.authorization.web.OAuth2DeviceVerificationEndpointFilter@2d0f850, org.springframework.security.oauth2.server.authorization.oidc.web.OidcProviderConfigurationEndpointFilter@1989a143, org.springframework.security.oauth2.server.authorization.web.NimbusJwkSetEndpointFilter@3df05c40, org.springframework.security.oauth2.server.authorization.web.OAuth2ClientAuthenticationFilter@5bc3c4e5, org.springframework.security.web.authentication.UsernamePasswordAuthenticationFilter@72bb3f3e, org.springframework.security.oauth2.server.resource.web.authentication.BearerTokenAuthenticationFilter@22938166, org.springframework.security.web.savedrequest.RequestCacheAwareFilter@4b27a3fc, org.springframework.security.web.servletapi.SecurityContextHolderAwareRequestFilter@71adea8d, org.springframework.security.web.authentication.AnonymousAuthenticationFilter@725392aa, org.springframework.security.web.access.ExceptionTranslationFilter@65263248, org.springframework.security.web.access.intercept.AuthorizationFilter@45070db0, org.springframework.security.oauth2.server.authorization.web.OAuth2TokenEndpointFilter@54fb9c08, org.springframework.security.oauth2.server.authorization.web.OAuth2TokenIntrospectionEndpointFilter@445760e0, org.springframework.security.oauth2.server.authorization.web.OAuth2TokenRevocationEndpointFilter@419df81e, org.springframework.security.oauth2.server.authorization.web.OAuth2DeviceAuthorizationEndpointFilter@60adea01, org.springframework.security.oauth2.server.authorization.oidc.web.OidcUserInfoEndpointFilter@6d03404e]] (7/8)
2026-06-05T12:20:59.624-03:00 DEBUG 25852 --- [libraryapi] [http-nio-8080-exec-8] o.s.security.web.FilterChainProxy        : Securing POST /oauth2/token
2026-06-05T12:20:59.625-03:00 TRACE 25852 --- [libraryapi] [http-nio-8080-exec-8] o.s.security.web.FilterChainProxy        : Invoking DisableEncodeUrlFilter (1/26)
2026-06-05T12:20:59.625-03:00 TRACE 25852 --- [libraryapi] [http-nio-8080-exec-8] o.s.security.web.FilterChainProxy        : Invoking WebAsyncManagerIntegrationFilter (2/26)
2026-06-05T12:20:59.625-03:00 TRACE 25852 --- [libraryapi] [http-nio-8080-exec-8] o.s.security.web.FilterChainProxy        : Invoking SecurityContextHolderFilter (3/26)
2026-06-05T12:20:59.625-03:00 TRACE 25852 --- [libraryapi] [http-nio-8080-exec-8] o.s.security.web.FilterChainProxy        : Invoking AuthorizationServerContextFilter (4/26)
2026-06-05T12:20:59.625-03:00 TRACE 25852 --- [libraryapi] [http-nio-8080-exec-8] o.s.security.web.FilterChainProxy        : Invoking HeaderWriterFilter (5/26)
2026-06-05T12:20:59.626-03:00 TRACE 25852 --- [libraryapi] [http-nio-8080-exec-8] o.s.security.web.FilterChainProxy        : Invoking CsrfFilter (6/26)
2026-06-05T12:20:59.626-03:00 TRACE 25852 --- [libraryapi] [http-nio-8080-exec-8] o.s.security.web.csrf.CsrfFilter         : Did not protect against CSRF since request did not match And [CsrfNotRequired [TRACE, HEAD, GET, OPTIONS], Not [Or [org.springframework.security.oauth2.server.authorization.config.annotation.web.configurers.OAuth2AuthorizationServerConfigurer$$Lambda/0x0000023086a78000@774f2d7f, org.springframework.security.config.annotation.web.configurers.oauth2.server.resource.OAuth2ResourceServerConfigurer$BearerTokenRequestMatcher@3bcebb8f]]]
2026-06-05T12:20:59.626-03:00 TRACE 25852 --- [libraryapi] [http-nio-8080-exec-8] o.s.security.web.FilterChainProxy        : Invoking OidcLogoutEndpointFilter (7/26)
2026-06-05T12:20:59.626-03:00 TRACE 25852 --- [libraryapi] [http-nio-8080-exec-8] o.s.security.web.FilterChainProxy        : Invoking LogoutFilter (8/26)
2026-06-05T12:20:59.626-03:00 TRACE 25852 --- [libraryapi] [http-nio-8080-exec-8] o.s.s.w.a.logout.LogoutFilter            : Did not match request to Ant [pattern='/logout', POST]
2026-06-05T12:20:59.626-03:00 TRACE 25852 --- [libraryapi] [http-nio-8080-exec-8] o.s.security.web.FilterChainProxy        : Invoking OAuth2AuthorizationServerMetadataEndpointFilter (9/26)
2026-06-05T12:20:59.626-03:00 TRACE 25852 --- [libraryapi] [http-nio-8080-exec-8] o.s.security.web.FilterChainProxy        : Invoking OAuth2AuthorizationEndpointFilter (10/26)
2026-06-05T12:20:59.626-03:00 TRACE 25852 --- [libraryapi] [http-nio-8080-exec-8] o.s.security.web.FilterChainProxy        : Invoking OAuth2DeviceVerificationEndpointFilter (11/26)
2026-06-05T12:20:59.626-03:00 TRACE 25852 --- [libraryapi] [http-nio-8080-exec-8] o.s.security.web.FilterChainProxy        : Invoking OidcProviderConfigurationEndpointFilter (12/26)
2026-06-05T12:20:59.626-03:00 TRACE 25852 --- [libraryapi] [http-nio-8080-exec-8] o.s.security.web.FilterChainProxy        : Invoking NimbusJwkSetEndpointFilter (13/26)
2026-06-05T12:20:59.628-03:00 TRACE 25852 --- [libraryapi] [http-nio-8080-exec-8] o.s.security.web.FilterChainProxy        : Invoking OAuth2ClientAuthenticationFilter (14/26)
2026-06-05T12:20:59.629-03:00 TRACE 25852 --- [libraryapi] [http-nio-8080-exec-8] o.s.s.authentication.ProviderManager     : Authenticating request with JwtClientAssertionAuthenticationProvider (1/20)
2026-06-05T12:20:59.630-03:00 TRACE 25852 --- [libraryapi] [http-nio-8080-exec-8] o.s.s.authentication.ProviderManager     : Authenticating request with X509ClientCertificateAuthenticationProvider (2/20)
2026-06-05T12:20:59.630-03:00 TRACE 25852 --- [libraryapi] [http-nio-8080-exec-8] o.s.s.authentication.ProviderManager     : Authenticating request with ClientSecretAuthenticationProvider (3/20)
2026-06-05T12:20:59.639-03:00 TRACE 25852 --- [libraryapi] [http-nio-8080-exec-8] s.a.a.ClientSecretAuthenticationProvider : Retrieved registered client
2026-06-05T12:20:59.739-03:00 TRACE 25852 --- [libraryapi] [http-nio-8080-exec-8] s.a.a.ClientSecretAuthenticationProvider : Validated client authentication parameters
2026-06-05T12:20:59.739-03:00 TRACE 25852 --- [libraryapi] [http-nio-8080-exec-8] o.s.s.o.s.a.a.CodeVerifierAuthenticator  : Retrieved authorization with authorization code
2026-06-05T12:20:59.739-03:00 TRACE 25852 --- [libraryapi] [http-nio-8080-exec-8] o.s.s.o.s.a.a.CodeVerifierAuthenticator  : Did not authenticate code verifier since requireProofKey=false
2026-06-05T12:20:59.739-03:00 TRACE 25852 --- [libraryapi] [http-nio-8080-exec-8] s.a.a.ClientSecretAuthenticationProvider : Authenticated client secret
2026-06-05T12:20:59.740-03:00 DEBUG 25852 --- [libraryapi] [http-nio-8080-exec-8] o.s.a.w.OAuth2ClientAuthenticationFilter : Set SecurityContextHolder authentication to OAuth2ClientAuthenticationToken
2026-06-05T12:20:59.740-03:00 TRACE 25852 --- [libraryapi] [http-nio-8080-exec-8] o.s.security.web.FilterChainProxy        : Invoking UsernamePasswordAuthenticationFilter (15/26)
2026-06-05T12:20:59.741-03:00 TRACE 25852 --- [libraryapi] [http-nio-8080-exec-8] w.a.UsernamePasswordAuthenticationFilter : Did not match request to Ant [pattern='/login', POST]
2026-06-05T12:20:59.741-03:00 TRACE 25852 --- [libraryapi] [http-nio-8080-exec-8] o.s.security.web.FilterChainProxy        : Invoking BearerTokenAuthenticationFilter (16/26)
2026-06-05T12:20:59.741-03:00 TRACE 25852 --- [libraryapi] [http-nio-8080-exec-8] .s.r.w.a.BearerTokenAuthenticationFilter : Did not process request since did not find bearer token
2026-06-05T12:20:59.741-03:00 TRACE 25852 --- [libraryapi] [http-nio-8080-exec-8] o.s.security.web.FilterChainProxy        : Invoking RequestCacheAwareFilter (17/26)
2026-06-05T12:20:59.741-03:00 TRACE 25852 --- [libraryapi] [http-nio-8080-exec-8] o.s.s.w.s.HttpSessionRequestCache        : matchingRequestParameterName is required for getMatchingRequest to lookup a value, but not provided
2026-06-05T12:20:59.741-03:00 TRACE 25852 --- [libraryapi] [http-nio-8080-exec-8] o.s.security.web.FilterChainProxy        : Invoking SecurityContextHolderAwareRequestFilter (18/26)
2026-06-05T12:20:59.741-03:00 TRACE 25852 --- [libraryapi] [http-nio-8080-exec-8] o.s.security.web.FilterChainProxy        : Invoking AnonymousAuthenticationFilter (19/26)
2026-06-05T12:20:59.741-03:00 TRACE 25852 --- [libraryapi] [http-nio-8080-exec-8] o.s.security.web.FilterChainProxy        : Invoking ExceptionTranslationFilter (20/26)
2026-06-05T12:20:59.741-03:00 TRACE 25852 --- [libraryapi] [http-nio-8080-exec-8] o.s.security.web.FilterChainProxy        : Invoking AuthorizationFilter (21/26)
2026-06-05T12:20:59.741-03:00 TRACE 25852 --- [libraryapi] [http-nio-8080-exec-8] estMatcherDelegatingAuthorizationManager : Authorizing POST /oauth2/token
2026-06-05T12:20:59.741-03:00 TRACE 25852 --- [libraryapi] [http-nio-8080-exec-8] estMatcherDelegatingAuthorizationManager : Checking authorization on POST /oauth2/token using org.springframework.security.authorization.AuthenticatedAuthorizationManager@13953925
2026-06-05T12:20:59.741-03:00 TRACE 25852 --- [libraryapi] [http-nio-8080-exec-8] o.s.s.w.a.AnonymousAuthenticationFilter  : Did not set SecurityContextHolder since already authenticated OAuth2ClientAuthenticationToken [Principal=meu-client, Credentials=[PROTECTED], Authenticated=true, Details=WebAuthenticationDetails [RemoteIpAddress=0:0:0:0:0:0:0:1, SessionId=null], Granted Authorities=[]]
2026-06-05T12:20:59.743-03:00 TRACE 25852 --- [libraryapi] [http-nio-8080-exec-8] o.s.security.web.FilterChainProxy        : Invoking OAuth2TokenEndpointFilter (22/26)
2026-06-05T12:20:59.745-03:00 TRACE 25852 --- [libraryapi] [http-nio-8080-exec-8] o.s.s.authentication.ProviderManager     : Authenticating request with OAuth2AuthorizationCodeAuthenticationProvider (1/20)
2026-06-05T12:20:59.747-03:00 TRACE 25852 --- [libraryapi] [http-nio-8080-exec-8] 2AuthorizationCodeAuthenticationProvider : Retrieved registered client
2026-06-05T12:20:59.747-03:00 TRACE 25852 --- [libraryapi] [http-nio-8080-exec-8] 2AuthorizationCodeAuthenticationProvider : Retrieved authorization with authorization code
2026-06-05T12:20:59.748-03:00 TRACE 25852 --- [libraryapi] [http-nio-8080-exec-8] 2AuthorizationCodeAuthenticationProvider : Validated token request parameters
2026-06-05T12:20:59.859-03:00 TRACE 25852 --- [libraryapi] [http-nio-8080-exec-8] 2AuthorizationCodeAuthenticationProvider : Generated access token
2026-06-05T12:20:59.863-03:00 TRACE 25852 --- [libraryapi] [http-nio-8080-exec-8] 2AuthorizationCodeAuthenticationProvider : Generated refresh token
2026-06-05T12:20:59.864-03:00 TRACE 25852 --- [libraryapi] [http-nio-8080-exec-8] 2AuthorizationCodeAuthenticationProvider : Saved authorization
2026-06-05T12:20:59.865-03:00 TRACE 25852 --- [libraryapi] [http-nio-8080-exec-8] 2AuthorizationCodeAuthenticationProvider : Authenticated token request
2026-06-05T12:20:59.920-03:00 TRACE 25852 --- [libraryapi] [http-nio-8080-exec-8] o.s.s.w.header.writers.HstsHeaderWriter  : Not injecting HSTS header since it did not match request to [Is Secure]
2026-06-05T12:21:41.352-03:00 TRACE 25852 --- [libraryapi] [http-nio-8080-exec-10] o.s.security.web.FilterChainProxy        : Trying to match request against DefaultSecurityFilterChain [RequestMatcher=Deferred [Mvc [pattern='/v2/api-docs/**'], Ant [pattern='/v2/api-docs/**']], Filters=[]] (1/8)
2026-06-05T12:21:41.353-03:00 TRACE 25852 --- [libraryapi] [http-nio-8080-exec-10] o.s.security.web.FilterChainProxy        : Trying to match request against DefaultSecurityFilterChain [RequestMatcher=Deferred [Mvc [pattern='v3/api-docs/**'], Ant [pattern='v3/api-docs/**']], Filters=[]] (2/8)
2026-06-05T12:21:41.353-03:00 TRACE 25852 --- [libraryapi] [http-nio-8080-exec-10] o.s.security.web.FilterChainProxy        : Trying to match request against DefaultSecurityFilterChain [RequestMatcher=Deferred [Mvc [pattern='/swagger-resource/**'], Ant [pattern='/swagger-resource/**']], Filters=[]] (3/8)
2026-06-05T12:21:41.353-03:00 TRACE 25852 --- [libraryapi] [http-nio-8080-exec-10] o.s.security.web.FilterChainProxy        : Trying to match request against DefaultSecurityFilterChain [RequestMatcher=Deferred [Mvc [pattern='/swagger-ui.html'], Ant [pattern='/swagger-ui.html']], Filters=[]] (4/8)
2026-06-05T12:21:41.353-03:00 TRACE 25852 --- [libraryapi] [http-nio-8080-exec-10] o.s.security.web.FilterChainProxy        : Trying to match request against DefaultSecurityFilterChain [RequestMatcher=Deferred [Mvc [pattern='/swagger-ui/**'], Ant [pattern='/swagger-ui/**']], Filters=[]] (5/8)
2026-06-05T12:21:41.353-03:00 TRACE 25852 --- [libraryapi] [http-nio-8080-exec-10] o.s.security.web.FilterChainProxy        : Trying to match request against DefaultSecurityFilterChain [RequestMatcher=Deferred [Mvc [pattern='/webjars/**'], Ant [pattern='/webjars/**']], Filters=[]] (6/8)
2026-06-05T12:21:41.354-03:00 TRACE 25852 --- [libraryapi] [http-nio-8080-exec-10] o.s.security.web.FilterChainProxy        : Trying to match request against DefaultSecurityFilterChain [RequestMatcher=org.springframework.security.oauth2.server.authorization.config.annotation.web.configurers.OAuth2AuthorizationServerConfigurer$$Lambda/0x0000023086a78000@774f2d7f, Filters=[org.springframework.security.web.session.DisableEncodeUrlFilter@24ad2c2f, org.springframework.security.web.context.request.async.WebAsyncManagerIntegrationFilter@41c0156f, org.springframework.security.web.context.SecurityContextHolderFilter@76e5278a, org.springframework.security.oauth2.server.authorization.config.annotation.web.configurers.AuthorizationServerContextFilter@4e38b4ea, org.springframework.security.web.header.HeaderWriterFilter@6f6d2847, org.springframework.security.web.csrf.CsrfFilter@446b74b9, org.springframework.security.oauth2.server.authorization.oidc.web.OidcLogoutEndpointFilter@6b29771f, org.springframework.security.web.authentication.logout.LogoutFilter@1cfca845, org.springframework.security.oauth2.server.authorization.web.OAuth2AuthorizationServerMetadataEndpointFilter@1e490ed, org.springframework.security.oauth2.server.authorization.web.OAuth2AuthorizationEndpointFilter@39482f2b, org.springframework.security.oauth2.server.authorization.web.OAuth2DeviceVerificationEndpointFilter@2d0f850, org.springframework.security.oauth2.server.authorization.oidc.web.OidcProviderConfigurationEndpointFilter@1989a143, org.springframework.security.oauth2.server.authorization.web.NimbusJwkSetEndpointFilter@3df05c40, org.springframework.security.oauth2.server.authorization.web.OAuth2ClientAuthenticationFilter@5bc3c4e5, org.springframework.security.web.authentication.UsernamePasswordAuthenticationFilter@72bb3f3e, org.springframework.security.oauth2.server.resource.web.authentication.BearerTokenAuthenticationFilter@22938166, org.springframework.security.web.savedrequest.RequestCacheAwareFilter@4b27a3fc, org.springframework.security.web.servletapi.SecurityContextHolderAwareRequestFilter@71adea8d, org.springframework.security.web.authentication.AnonymousAuthenticationFilter@725392aa, org.springframework.security.web.access.ExceptionTranslationFilter@65263248, org.springframework.security.web.access.intercept.AuthorizationFilter@45070db0, org.springframework.security.oauth2.server.authorization.web.OAuth2TokenEndpointFilter@54fb9c08, org.springframework.security.oauth2.server.authorization.web.OAuth2TokenIntrospectionEndpointFilter@445760e0, org.springframework.security.oauth2.server.authorization.web.OAuth2TokenRevocationEndpointFilter@419df81e, org.springframework.security.oauth2.server.authorization.web.OAuth2DeviceAuthorizationEndpointFilter@60adea01, org.springframework.security.oauth2.server.authorization.oidc.web.OidcUserInfoEndpointFilter@6d03404e]] (7/8)
2026-06-05T12:21:41.354-03:00 TRACE 25852 --- [libraryapi] [http-nio-8080-exec-10] o.s.security.web.FilterChainProxy        : Trying to match request against DefaultSecurityFilterChain [RequestMatcher=any request, Filters=[org.springframework.security.web.session.DisableEncodeUrlFilter@5c2ceac1, org.springframework.security.web.context.request.async.WebAsyncManagerIntegrationFilter@a7e10c4, org.springframework.security.web.context.SecurityContextHolderFilter@3c3f0f2e, org.springframework.security.web.header.HeaderWriterFilter@6b4d0be2, org.springframework.security.web.authentication.logout.LogoutFilter@3c42dc9f, org.springframework.security.oauth2.client.web.OAuth2AuthorizationRequestRedirectFilter@66b65360, org.springframework.security.oauth2.client.web.OAuth2LoginAuthenticationFilter@58b2c0b4, org.springframework.security.web.authentication.UsernamePasswordAuthenticationFilter@70bca957, org.springframework.security.oauth2.server.resource.web.authentication.BearerTokenAuthenticationFilter@c4ba591, com.github.iuryrayam.libraryapi.security.JwtCustomAuthenticationFilter@715523b8, org.springframework.security.web.savedrequest.RequestCacheAwareFilter@5e324000, org.springframework.security.web.servletapi.SecurityContextHolderAwareRequestFilter@7b51fc45, org.springframework.security.web.authentication.AnonymousAuthenticationFilter@63f1233c, org.springframework.security.web.access.ExceptionTranslationFilter@4e4d6172, org.springframework.security.web.access.intercept.AuthorizationFilter@7b128cd2]] (8/8)
2026-06-05T12:21:41.354-03:00 DEBUG 25852 --- [libraryapi] [http-nio-8080-exec-10] o.s.security.web.FilterChainProxy        : Securing POST /livros
2026-06-05T12:21:41.354-03:00 TRACE 25852 --- [libraryapi] [http-nio-8080-exec-10] o.s.security.web.FilterChainProxy        : Invoking DisableEncodeUrlFilter (1/15)
2026-06-05T12:21:41.354-03:00 TRACE 25852 --- [libraryapi] [http-nio-8080-exec-10] o.s.security.web.FilterChainProxy        : Invoking WebAsyncManagerIntegrationFilter (2/15)
2026-06-05T12:21:41.354-03:00 TRACE 25852 --- [libraryapi] [http-nio-8080-exec-10] o.s.security.web.FilterChainProxy        : Invoking SecurityContextHolderFilter (3/15)
2026-06-05T12:21:41.354-03:00 TRACE 25852 --- [libraryapi] [http-nio-8080-exec-10] o.s.security.web.FilterChainProxy        : Invoking HeaderWriterFilter (4/15)
2026-06-05T12:21:41.354-03:00 TRACE 25852 --- [libraryapi] [http-nio-8080-exec-10] o.s.security.web.FilterChainProxy        : Invoking LogoutFilter (5/15)
2026-06-05T12:21:41.354-03:00 TRACE 25852 --- [libraryapi] [http-nio-8080-exec-10] o.s.s.w.a.logout.LogoutFilter            : Did not match request to Or [Ant [pattern='/logout', GET], Ant [pattern='/logout', POST], Ant [pattern='/logout', PUT], Ant [pattern='/logout', DELETE]]
2026-06-05T12:21:41.354-03:00 TRACE 25852 --- [libraryapi] [http-nio-8080-exec-10] o.s.security.web.FilterChainProxy        : Invoking OAuth2AuthorizationRequestRedirectFilter (6/15)
2026-06-05T12:21:41.355-03:00 TRACE 25852 --- [libraryapi] [http-nio-8080-exec-10] o.s.security.web.FilterChainProxy        : Invoking OAuth2LoginAuthenticationFilter (7/15)
2026-06-05T12:21:41.355-03:00 TRACE 25852 --- [libraryapi] [http-nio-8080-exec-10] .s.o.c.w.OAuth2LoginAuthenticationFilter : Did not match request to Ant [pattern='/login/oauth2/code/*']
2026-06-05T12:21:41.355-03:00 TRACE 25852 --- [libraryapi] [http-nio-8080-exec-10] o.s.security.web.FilterChainProxy        : Invoking UsernamePasswordAuthenticationFilter (8/15)
2026-06-05T12:21:41.355-03:00 TRACE 25852 --- [libraryapi] [http-nio-8080-exec-10] w.a.UsernamePasswordAuthenticationFilter : Did not match request to Ant [pattern='/login', POST]
2026-06-05T12:21:41.355-03:00 TRACE 25852 --- [libraryapi] [http-nio-8080-exec-10] o.s.security.web.FilterChainProxy        : Invoking BearerTokenAuthenticationFilter (9/15)
2026-06-05T12:21:41.356-03:00 TRACE 25852 --- [libraryapi] [http-nio-8080-exec-10] o.s.s.authentication.ProviderManager     : Authenticating request with JwtAuthenticationProvider (1/4)
2026-06-05T12:21:41.374-03:00 TRACE 25852 --- [libraryapi] [http-nio-8080-exec-10] s.o.s.r.a.JwtGrantedAuthoritiesConverter : Returning no authorities since could not find any claims that might contain scopes
2026-06-05T12:21:41.375-03:00 DEBUG 25852 --- [libraryapi] [http-nio-8080-exec-10] o.s.s.o.s.r.a.JwtAuthenticationProvider  : Authenticated token
2026-06-05T12:21:41.376-03:00 DEBUG 25852 --- [libraryapi] [http-nio-8080-exec-10] .s.r.w.a.BearerTokenAuthenticationFilter : Set SecurityContextHolder to JwtAuthenticationToken [Principal=org.springframework.security.oauth2.jwt.Jwt@16de0a14, Credentials=[PROTECTED], Authenticated=true, Details=WebAuthenticationDetails [RemoteIpAddress=0:0:0:0:0:0:0:1, SessionId=null], Granted Authorities=[]]
2026-06-05T12:21:41.376-03:00 TRACE 25852 --- [libraryapi] [http-nio-8080-exec-10] o.s.security.web.FilterChainProxy        : Invoking JwtCustomAuthenticationFilter (10/15)
2026-06-05T12:21:41.387-03:00 TRACE 25852 --- [libraryapi] [http-nio-8080-exec-10] o.s.security.web.FilterChainProxy        : Invoking RequestCacheAwareFilter (11/15)
2026-06-05T12:21:41.387-03:00 TRACE 25852 --- [libraryapi] [http-nio-8080-exec-10] o.s.s.w.s.HttpSessionRequestCache        : matchingRequestParameterName is required for getMatchingRequest to lookup a value, but not provided
2026-06-05T12:21:41.387-03:00 TRACE 25852 --- [libraryapi] [http-nio-8080-exec-10] o.s.security.web.FilterChainProxy        : Invoking SecurityContextHolderAwareRequestFilter (12/15)
2026-06-05T12:21:41.387-03:00 TRACE 25852 --- [libraryapi] [http-nio-8080-exec-10] o.s.security.web.FilterChainProxy        : Invoking AnonymousAuthenticationFilter (13/15)
2026-06-05T12:21:41.387-03:00 TRACE 25852 --- [libraryapi] [http-nio-8080-exec-10] o.s.security.web.FilterChainProxy        : Invoking ExceptionTranslationFilter (14/15)
2026-06-05T12:21:41.387-03:00 TRACE 25852 --- [libraryapi] [http-nio-8080-exec-10] o.s.security.web.FilterChainProxy        : Invoking AuthorizationFilter (15/15)
2026-06-05T12:21:41.387-03:00 TRACE 25852 --- [libraryapi] [http-nio-8080-exec-10] estMatcherDelegatingAuthorizationManager : Authorizing POST /livros
2026-06-05T12:21:41.387-03:00 TRACE 25852 --- [libraryapi] [http-nio-8080-exec-10] estMatcherDelegatingAuthorizationManager : Checking authorization on POST /livros using org.springframework.security.authorization.AuthenticatedAuthorizationManager@641947bf
2026-06-05T12:21:41.387-03:00 TRACE 25852 --- [libraryapi] [http-nio-8080-exec-10] o.s.s.w.a.AnonymousAuthenticationFilter  : Did not set SecurityContextHolder since already authenticated com.github.iuryrayam.libraryapi.security.CustomAuthentication@3a65216e
2026-06-05T12:21:41.387-03:00 DEBUG 25852 --- [libraryapi] [http-nio-8080-exec-10] o.s.security.web.FilterChainProxy        : Secured POST /livros
2026-06-05T12:21:41.387-03:00 DEBUG 25852 --- [libraryapi] [http-nio-8080-exec-10] o.s.web.servlet.DispatcherServlet        : POST "/livros", parameters={}
2026-06-05T12:21:41.388-03:00 DEBUG 25852 --- [libraryapi] [http-nio-8080-exec-10] s.w.s.m.m.a.RequestMappingHandlerMapping : Mapped to com.github.iuryrayam.libraryapi.controller.LivroController#salvar(CadastroLivroDTO)
2026-06-05T12:21:41.507-03:00 DEBUG 25852 --- [libraryapi] [http-nio-8080-exec-10] m.m.a.RequestResponseBodyMethodProcessor : Read "application/json;charset=UTF-8" to [CadastroLivroDTO[isbn=, titulo=A Origem das Espécies, dataPublicacao=2019-09-21, genero=FICCAO, prec (truncated)...]
2026-06-05T12:21:41.608-03:00 DEBUG 25852 --- [libraryapi] [http-nio-8080-exec-10] .m.m.a.ExceptionHandlerExceptionResolver : Using @ExceptionHandler com.github.iuryrayam.libraryapi.controller.common.GlobalExceptionHandler#handleMethodArgumentNotValidException(MethodArgumentNotValidException)
2026-06-05T12:21:41.608-03:00 ERROR 25852 --- [libraryapi] [http-nio-8080-exec-10] c.g.i.l.c.common.GlobalExceptionHandler  : Erro de validação: Validation failed for argument [0] in public org.springframework.http.ResponseEntity<java.lang.Void> com.github.iuryrayam.libraryapi.controller.LivroController.salvar(com.github.iuryrayam.libraryapi.controller.dto.CadastroLivroDTO) with 2 errors: [Field error in object 'cadastroLivroDTO' on field 'isbn': rejected value []; codes [NotBlank.cadastroLivroDTO.isbn,NotBlank.isbn,NotBlank.java.lang.String,NotBlank]; arguments [org.springframework.context.support.DefaultMessageSourceResolvable: codes [cadastroLivroDTO.isbn,isbn]; arguments []; default message [isbn]]; default message [campo obrigatorio]] [Field error in object 'cadastroLivroDTO' on field 'isbn': rejected value []; codes [ISBN.cadastroLivroDTO.isbn,ISBN.isbn,ISBN.java.lang.String,ISBN]; arguments [org.springframework.context.support.DefaultMessageSourceResolvable: codes [cadastroLivroDTO.isbn,isbn]; arguments []; default message [isbn],ISBN_13]; default message [invalid ISBN]] 
2026-06-05T12:21:41.619-03:00 DEBUG 25852 --- [libraryapi] [http-nio-8080-exec-10] m.m.a.RequestResponseBodyMethodProcessor : Using 'application/json', given [*/*] and supported [application/json, application/*+json]
2026-06-05T12:21:41.625-03:00 DEBUG 25852 --- [libraryapi] [http-nio-8080-exec-10] m.m.a.RequestResponseBodyMethodProcessor : Writing [ErroResposta[status=422, mesagem=Erro de validação., erros=[ErroCampo[nome=isbn, erro=campo obrigato (truncated)...]
2026-06-05T12:21:41.630-03:00 TRACE 25852 --- [libraryapi] [http-nio-8080-exec-10] o.s.s.w.header.writers.HstsHeaderWriter  : Not injecting HSTS header since it did not match request to [Is Secure]
2026-06-05T12:21:41.632-03:00 DEBUG 25852 --- [libraryapi] [http-nio-8080-exec-10] .m.m.a.ExceptionHandlerExceptionResolver : Resolved [org.springframework.web.bind.MethodArgumentNotValidException: Validation failed for argument [0] in public org.springframework.http.ResponseEntity<java.lang.Void> com.github.iuryrayam.libraryapi.controller.LivroController.salvar(com.github.iuryrayam.libraryapi.controller.dto.CadastroLivroDTO) with 2 errors: [Field error in object 'cadastroLivroDTO' on field 'isbn': rejected value []; codes [NotBlank.cadastroLivroDTO.isbn,NotBlank.isbn,NotBlank.java.lang.String,NotBlank]; arguments [org.springframework.context.support.DefaultMessageSourceResolvable: codes [cadastroLivroDTO.isbn,isbn]; arguments []; default message [isbn]]; default message [campo obrigatorio]] [Field error in object 'cadastroLivroDTO' on field 'isbn': rejected value []; codes [ISBN.cadastroLivroDTO.isbn,ISBN.isbn,ISBN.java.lang.String,ISBN]; arguments [org.springframework.context.support.DefaultMessageSourceResolvable: codes [cadastroLivroDTO.isbn,isbn]; arguments []; default message [isbn],ISBN_13]; default message [invalid ISBN]] ]
2026-06-05T12:21:41.633-03:00 DEBUG 25852 --- [libraryapi] [http-nio-8080-exec-10] o.s.web.servlet.DispatcherServlet        : Completed 422 UNPROCESSABLE_ENTITY
2026-06-05T12:25:45.932-03:00  INFO 9512 --- [libraryapi] [main] c.g.iuryrayam.libraryapi.Application     : Starting Application using Java 21.0.8 with PID 9512 (C:\Users\Iury Rayam\OneDrive\Documentos\projetos de tecnologias\projetos java\spring-boot-expert\libraryapi\target\classes started by Iury Rayam in C:\Users\Iury Rayam\OneDrive\Documentos\projetos de tecnologias\projetos java\spring-boot-expert\libraryapi)
2026-06-05T12:25:45.944-03:00 DEBUG 9512 --- [libraryapi] [main] c.g.iuryrayam.libraryapi.Application     : Running with Spring Boot v3.3.4, Spring v6.1.13
2026-06-05T12:25:45.946-03:00  INFO 9512 --- [libraryapi] [main] c.g.iuryrayam.libraryapi.Application     : No active profile set, falling back to 1 default profile: "default"
2026-06-05T12:25:49.130-03:00  WARN 9512 --- [libraryapi] [main] com.zaxxer.hikari.HikariConfig           : library-db-pool - idleTimeout is close to or more than maxLifetime, disabling it.
2026-06-05T12:25:51.605-03:00 DEBUG 9512 --- [libraryapi] [main] c.g.i.l.s.JwtCustomAuthenticationFilter  : Filter 'jwtCustomAuthenticationFilter' configured for use
2026-06-05T12:25:52.556-03:00  WARN 9512 --- [libraryapi] [main] JpaBaseConfiguration$JpaWebConfiguration : spring.jpa.open-in-view is enabled by default. Therefore, database queries may be performed during view rendering. Explicitly configure spring.jpa.open-in-view to disable this warning
2026-06-05T12:25:52.575-03:00 TRACE 9512 --- [libraryapi] [main] eGlobalAuthenticationAutowiredConfigurer : Eagerly initializing {authorizationServerConfiguration=com.github.iuryrayam.libraryapi.config.AuthorizationServerConfiguration$$SpringCGLIB$$0@5319efc0, securityConfiguration=com.github.iuryrayam.libraryapi.config.SecurityConfiguration$$SpringCGLIB$$0@6c2d124e}
2026-06-05T12:25:52.578-03:00  INFO 9512 --- [libraryapi] [main] eAuthenticationProviderManagerConfigurer : Global AuthenticationManager configured with AuthenticationProvider bean with name customAuthenticationProvider
2026-06-05T12:25:52.747-03:00 DEBUG 9512 --- [libraryapi] [main] s.w.s.m.m.a.RequestMappingHandlerMapping : 21 mappings in 'requestMappingHandlerMapping'
2026-06-05T12:25:52.769-03:00 DEBUG 9512 --- [libraryapi] [main] o.s.w.s.handler.SimpleUrlHandlerMapping  : Patterns [/login] in 'viewControllerHandlerMapping'
2026-06-05T12:25:52.825-03:00 DEBUG 9512 --- [libraryapi] [main] o.s.w.s.handler.SimpleUrlHandlerMapping  : Patterns [/swagger-ui*/*swagger-initializer.js, /swagger-ui*/**] in 'resourceHandlerMapping'
2026-06-05T12:25:53.589-03:00 DEBUG 9512 --- [libraryapi] [main] o.s.s.web.DefaultSecurityFilterChain     : Will secure org.springframework.security.oauth2.server.authorization.config.annotation.web.configurers.OAuth2AuthorizationServerConfigurer$$Lambda/0x00000168caa78658@271ced5f with filters: DisableEncodeUrlFilter, WebAsyncManagerIntegrationFilter, SecurityContextHolderFilter, AuthorizationServerContextFilter, HeaderWriterFilter, CsrfFilter, OidcLogoutEndpointFilter, LogoutFilter, OAuth2AuthorizationServerMetadataEndpointFilter, OAuth2AuthorizationEndpointFilter, OAuth2DeviceVerificationEndpointFilter, OidcProviderConfigurationEndpointFilter, NimbusJwkSetEndpointFilter, OAuth2ClientAuthenticationFilter, UsernamePasswordAuthenticationFilter, BearerTokenAuthenticationFilter, RequestCacheAwareFilter, SecurityContextHolderAwareRequestFilter, AnonymousAuthenticationFilter, ExceptionTranslationFilter, AuthorizationFilter, OAuth2TokenEndpointFilter, OAuth2TokenIntrospectionEndpointFilter, OAuth2TokenRevocationEndpointFilter, OAuth2DeviceAuthorizationEndpointFilter, OidcUserInfoEndpointFilter
2026-06-05T12:25:53.634-03:00 DEBUG 9512 --- [libraryapi] [main] o.s.s.web.DefaultSecurityFilterChain     : Will secure any request with filters: DisableEncodeUrlFilter, WebAsyncManagerIntegrationFilter, SecurityContextHolderFilter, HeaderWriterFilter, LogoutFilter, OAuth2AuthorizationRequestRedirectFilter, OAuth2LoginAuthenticationFilter, UsernamePasswordAuthenticationFilter, BearerTokenAuthenticationFilter, JwtCustomAuthenticationFilter, RequestCacheAwareFilter, SecurityContextHolderAwareRequestFilter, AnonymousAuthenticationFilter, ExceptionTranslationFilter, AuthorizationFilter
2026-06-05T12:25:53.641-03:00  WARN 9512 --- [libraryapi] [main] o.s.s.c.a.web.builders.WebSecurity       : You are asking Spring Security to ignore Deferred [Mvc [pattern='/v2/api-docs/**'], Ant [pattern='/v2/api-docs/**']]. This is not recommended -- please use permitAll via HttpSecurity#authorizeHttpRequests instead.
2026-06-05T12:25:53.642-03:00 DEBUG 9512 --- [libraryapi] [main] o.s.s.web.DefaultSecurityFilterChain     : Will not secure Deferred [Mvc [pattern='/v2/api-docs/**'], Ant [pattern='/v2/api-docs/**']]
2026-06-05T12:25:53.642-03:00  WARN 9512 --- [libraryapi] [main] o.s.s.c.a.web.builders.WebSecurity       : You are asking Spring Security to ignore Deferred [Mvc [pattern='v3/api-docs/**'], Ant [pattern='v3/api-docs/**']]. This is not recommended -- please use permitAll via HttpSecurity#authorizeHttpRequests instead.
2026-06-05T12:25:53.642-03:00 DEBUG 9512 --- [libraryapi] [main] o.s.s.web.DefaultSecurityFilterChain     : Will not secure Deferred [Mvc [pattern='v3/api-docs/**'], Ant [pattern='v3/api-docs/**']]
2026-06-05T12:25:53.642-03:00  WARN 9512 --- [libraryapi] [main] o.s.s.c.a.web.builders.WebSecurity       : You are asking Spring Security to ignore Deferred [Mvc [pattern='/swagger-resource/**'], Ant [pattern='/swagger-resource/**']]. This is not recommended -- please use permitAll via HttpSecurity#authorizeHttpRequests instead.
2026-06-05T12:25:53.643-03:00 DEBUG 9512 --- [libraryapi] [main] o.s.s.web.DefaultSecurityFilterChain     : Will not secure Deferred [Mvc [pattern='/swagger-resource/**'], Ant [pattern='/swagger-resource/**']]
2026-06-05T12:25:53.643-03:00  WARN 9512 --- [libraryapi] [main] o.s.s.c.a.web.builders.WebSecurity       : You are asking Spring Security to ignore Deferred [Mvc [pattern='/swagger-ui.html'], Ant [pattern='/swagger-ui.html']]. This is not recommended -- please use permitAll via HttpSecurity#authorizeHttpRequests instead.
2026-06-05T12:25:53.643-03:00 DEBUG 9512 --- [libraryapi] [main] o.s.s.web.DefaultSecurityFilterChain     : Will not secure Deferred [Mvc [pattern='/swagger-ui.html'], Ant [pattern='/swagger-ui.html']]
2026-06-05T12:25:53.643-03:00  WARN 9512 --- [libraryapi] [main] o.s.s.c.a.web.builders.WebSecurity       : You are asking Spring Security to ignore Deferred [Mvc [pattern='/swagger-ui/**'], Ant [pattern='/swagger-ui/**']]. This is not recommended -- please use permitAll via HttpSecurity#authorizeHttpRequests instead.
2026-06-05T12:25:53.643-03:00 DEBUG 9512 --- [libraryapi] [main] o.s.s.web.DefaultSecurityFilterChain     : Will not secure Deferred [Mvc [pattern='/swagger-ui/**'], Ant [pattern='/swagger-ui/**']]
2026-06-05T12:25:53.643-03:00  WARN 9512 --- [libraryapi] [main] o.s.s.c.a.web.builders.WebSecurity       : You are asking Spring Security to ignore Deferred [Mvc [pattern='/webjars/**'], Ant [pattern='/webjars/**']]. This is not recommended -- please use permitAll via HttpSecurity#authorizeHttpRequests instead.
2026-06-05T12:25:53.643-03:00 DEBUG 9512 --- [libraryapi] [main] o.s.s.web.DefaultSecurityFilterChain     : Will not secure Deferred [Mvc [pattern='/webjars/**'], Ant [pattern='/webjars/**']]
2026-06-05T12:25:53.693-03:00 DEBUG 9512 --- [libraryapi] [main] s.w.s.m.m.a.RequestMappingHandlerAdapter : ControllerAdvice beans: 0 @ModelAttribute, 0 @InitBinder, 1 RequestBodyAdvice, 1 ResponseBodyAdvice
2026-06-05T12:25:53.722-03:00 DEBUG 9512 --- [libraryapi] [main] .m.m.a.ExceptionHandlerExceptionResolver : ControllerAdvice beans: 2 @ExceptionHandler, 1 ResponseBodyAdvice
2026-06-05T12:25:54.133-03:00  INFO 9512 --- [libraryapi] [main] c.g.iuryrayam.libraryapi.Application     : Started Application in 9.049 seconds (process running for 9.76)
2026-06-05T12:26:24.286-03:00  INFO 11476 --- [libraryapi] [main] c.g.iuryrayam.libraryapi.Application     : Starting Application using Java 21.0.8 with PID 11476 (C:\Users\Iury Rayam\OneDrive\Documentos\projetos de tecnologias\projetos java\spring-boot-expert\libraryapi\target\classes started by Iury Rayam in C:\Users\Iury Rayam\OneDrive\Documentos\projetos de tecnologias\projetos java\spring-boot-expert\libraryapi)
2026-06-05T12:26:24.289-03:00 DEBUG 11476 --- [libraryapi] [main] c.g.iuryrayam.libraryapi.Application     : Running with Spring Boot v3.3.4, Spring v6.1.13
2026-06-05T12:26:24.290-03:00  INFO 11476 --- [libraryapi] [main] c.g.iuryrayam.libraryapi.Application     : No active profile set, falling back to 1 default profile: "default"
2026-06-05T12:26:27.454-03:00  WARN 11476 --- [libraryapi] [main] com.zaxxer.hikari.HikariConfig           : library-db-pool - idleTimeout is close to or more than maxLifetime, disabling it.
2026-06-05T12:26:29.942-03:00 DEBUG 11476 --- [libraryapi] [main] c.g.i.l.s.JwtCustomAuthenticationFilter  : Filter 'jwtCustomAuthenticationFilter' configured for use
2026-06-05T12:26:30.997-03:00  WARN 11476 --- [libraryapi] [main] JpaBaseConfiguration$JpaWebConfiguration : spring.jpa.open-in-view is enabled by default. Therefore, database queries may be performed during view rendering. Explicitly configure spring.jpa.open-in-view to disable this warning
2026-06-05T12:26:31.027-03:00 TRACE 11476 --- [libraryapi] [main] eGlobalAuthenticationAutowiredConfigurer : Eagerly initializing {authorizationServerConfiguration=com.github.iuryrayam.libraryapi.config.AuthorizationServerConfiguration$$SpringCGLIB$$0@648bfebe, securityConfiguration=com.github.iuryrayam.libraryapi.config.SecurityConfiguration$$SpringCGLIB$$0@3dedc8b8}
2026-06-05T12:26:31.030-03:00  INFO 11476 --- [libraryapi] [main] eAuthenticationProviderManagerConfigurer : Global AuthenticationManager configured with AuthenticationProvider bean with name customAuthenticationProvider
2026-06-05T12:26:31.275-03:00 DEBUG 11476 --- [libraryapi] [main] s.w.s.m.m.a.RequestMappingHandlerMapping : 21 mappings in 'requestMappingHandlerMapping'
2026-06-05T12:26:31.293-03:00 DEBUG 11476 --- [libraryapi] [main] o.s.w.s.handler.SimpleUrlHandlerMapping  : Patterns [/login] in 'viewControllerHandlerMapping'
2026-06-05T12:26:31.341-03:00 DEBUG 11476 --- [libraryapi] [main] o.s.w.s.handler.SimpleUrlHandlerMapping  : Patterns [/swagger-ui*/*swagger-initializer.js, /swagger-ui*/**] in 'resourceHandlerMapping'
2026-06-05T12:26:32.170-03:00 DEBUG 11476 --- [libraryapi] [main] o.s.s.web.DefaultSecurityFilterChain     : Will secure org.springframework.security.oauth2.server.authorization.config.annotation.web.configurers.OAuth2AuthorizationServerConfigurer$$Lambda/0x0000024781a85ed8@35ff7336 with filters: DisableEncodeUrlFilter, WebAsyncManagerIntegrationFilter, SecurityContextHolderFilter, AuthorizationServerContextFilter, HeaderWriterFilter, CsrfFilter, OidcLogoutEndpointFilter, LogoutFilter, OAuth2AuthorizationServerMetadataEndpointFilter, OAuth2AuthorizationEndpointFilter, OAuth2DeviceVerificationEndpointFilter, OidcProviderConfigurationEndpointFilter, NimbusJwkSetEndpointFilter, OAuth2ClientAuthenticationFilter, UsernamePasswordAuthenticationFilter, BearerTokenAuthenticationFilter, RequestCacheAwareFilter, SecurityContextHolderAwareRequestFilter, AnonymousAuthenticationFilter, ExceptionTranslationFilter, AuthorizationFilter, OAuth2TokenEndpointFilter, OAuth2TokenIntrospectionEndpointFilter, OAuth2TokenRevocationEndpointFilter, OAuth2DeviceAuthorizationEndpointFilter, OidcUserInfoEndpointFilter
2026-06-05T12:26:32.244-03:00 DEBUG 11476 --- [libraryapi] [main] o.s.s.web.DefaultSecurityFilterChain     : Will secure any request with filters: DisableEncodeUrlFilter, WebAsyncManagerIntegrationFilter, SecurityContextHolderFilter, HeaderWriterFilter, LogoutFilter, OAuth2AuthorizationRequestRedirectFilter, OAuth2LoginAuthenticationFilter, UsernamePasswordAuthenticationFilter, BearerTokenAuthenticationFilter, JwtCustomAuthenticationFilter, RequestCacheAwareFilter, SecurityContextHolderAwareRequestFilter, AnonymousAuthenticationFilter, ExceptionTranslationFilter, AuthorizationFilter
2026-06-05T12:26:32.258-03:00  WARN 11476 --- [libraryapi] [main] o.s.s.c.a.web.builders.WebSecurity       : You are asking Spring Security to ignore Deferred [Mvc [pattern='/v2/api-docs/**'], Ant [pattern='/v2/api-docs/**']]. This is not recommended -- please use permitAll via HttpSecurity#authorizeHttpRequests instead.
2026-06-05T12:26:32.259-03:00 DEBUG 11476 --- [libraryapi] [main] o.s.s.web.DefaultSecurityFilterChain     : Will not secure Deferred [Mvc [pattern='/v2/api-docs/**'], Ant [pattern='/v2/api-docs/**']]
2026-06-05T12:26:32.259-03:00  WARN 11476 --- [libraryapi] [main] o.s.s.c.a.web.builders.WebSecurity       : You are asking Spring Security to ignore Deferred [Mvc [pattern='v3/api-docs/**'], Ant [pattern='v3/api-docs/**']]. This is not recommended -- please use permitAll via HttpSecurity#authorizeHttpRequests instead.
2026-06-05T12:26:32.259-03:00 DEBUG 11476 --- [libraryapi] [main] o.s.s.web.DefaultSecurityFilterChain     : Will not secure Deferred [Mvc [pattern='v3/api-docs/**'], Ant [pattern='v3/api-docs/**']]
2026-06-05T12:26:32.260-03:00  WARN 11476 --- [libraryapi] [main] o.s.s.c.a.web.builders.WebSecurity       : You are asking Spring Security to ignore Deferred [Mvc [pattern='/swagger-resource/**'], Ant [pattern='/swagger-resource/**']]. This is not recommended -- please use permitAll via HttpSecurity#authorizeHttpRequests instead.
2026-06-05T12:26:32.260-03:00 DEBUG 11476 --- [libraryapi] [main] o.s.s.web.DefaultSecurityFilterChain     : Will not secure Deferred [Mvc [pattern='/swagger-resource/**'], Ant [pattern='/swagger-resource/**']]
2026-06-05T12:26:32.260-03:00  WARN 11476 --- [libraryapi] [main] o.s.s.c.a.web.builders.WebSecurity       : You are asking Spring Security to ignore Deferred [Mvc [pattern='/swagger-ui.html'], Ant [pattern='/swagger-ui.html']]. This is not recommended -- please use permitAll via HttpSecurity#authorizeHttpRequests instead.
2026-06-05T12:26:32.260-03:00 DEBUG 11476 --- [libraryapi] [main] o.s.s.web.DefaultSecurityFilterChain     : Will not secure Deferred [Mvc [pattern='/swagger-ui.html'], Ant [pattern='/swagger-ui.html']]
2026-06-05T12:26:32.260-03:00  WARN 11476 --- [libraryapi] [main] o.s.s.c.a.web.builders.WebSecurity       : You are asking Spring Security to ignore Deferred [Mvc [pattern='/swagger-ui/**'], Ant [pattern='/swagger-ui/**']]. This is not recommended -- please use permitAll via HttpSecurity#authorizeHttpRequests instead.
2026-06-05T12:26:32.260-03:00 DEBUG 11476 --- [libraryapi] [main] o.s.s.web.DefaultSecurityFilterChain     : Will not secure Deferred [Mvc [pattern='/swagger-ui/**'], Ant [pattern='/swagger-ui/**']]
2026-06-05T12:26:32.260-03:00  WARN 11476 --- [libraryapi] [main] o.s.s.c.a.web.builders.WebSecurity       : You are asking Spring Security to ignore Deferred [Mvc [pattern='/webjars/**'], Ant [pattern='/webjars/**']]. This is not recommended -- please use permitAll via HttpSecurity#authorizeHttpRequests instead.
2026-06-05T12:26:32.260-03:00 DEBUG 11476 --- [libraryapi] [main] o.s.s.web.DefaultSecurityFilterChain     : Will not secure Deferred [Mvc [pattern='/webjars/**'], Ant [pattern='/webjars/**']]
2026-06-05T12:26:32.342-03:00 DEBUG 11476 --- [libraryapi] [main] s.w.s.m.m.a.RequestMappingHandlerAdapter : ControllerAdvice beans: 0 @ModelAttribute, 0 @InitBinder, 1 RequestBodyAdvice, 1 ResponseBodyAdvice
2026-06-05T12:26:32.406-03:00 DEBUG 11476 --- [libraryapi] [main] .m.m.a.ExceptionHandlerExceptionResolver : ControllerAdvice beans: 2 @ExceptionHandler, 1 ResponseBodyAdvice
2026-06-05T12:26:32.822-03:00  INFO 11476 --- [libraryapi] [main] c.g.iuryrayam.libraryapi.Application     : Started Application in 9.333 seconds (process running for 10.041)
2026-06-05T12:37:31.123-03:00  INFO 27388 --- [libraryapi] [main] c.g.iuryrayam.libraryapi.Application     : Starting Application using Java 21.0.8 with PID 27388 (C:\Users\Iury Rayam\OneDrive\Documentos\projetos de tecnologias\projetos java\spring-boot-expert\libraryapi\target\classes started by Iury Rayam in C:\Users\Iury Rayam\OneDrive\Documentos\projetos de tecnologias\projetos java\spring-boot-expert\libraryapi)
2026-06-05T12:37:31.125-03:00 DEBUG 27388 --- [libraryapi] [main] c.g.iuryrayam.libraryapi.Application     : Running with Spring Boot v3.3.4, Spring v6.1.13
2026-06-05T12:37:31.133-03:00  INFO 27388 --- [libraryapi] [main] c.g.iuryrayam.libraryapi.Application     : No active profile set, falling back to 1 default profile: "default"
2026-06-05T12:37:35.376-03:00  WARN 27388 --- [libraryapi] [main] com.zaxxer.hikari.HikariConfig           : library-db-pool - idleTimeout is close to or more than maxLifetime, disabling it.
2026-06-05T12:37:38.119-03:00 DEBUG 27388 --- [libraryapi] [main] o.s.w.f.ServerHttpObservationFilter      : Filter 'webMvcObservationFilter' configured for use
2026-06-05T12:37:38.121-03:00 DEBUG 27388 --- [libraryapi] [main] c.g.i.l.s.JwtCustomAuthenticationFilter  : Filter 'jwtCustomAuthenticationFilter' configured for use
2026-06-05T12:37:39.528-03:00  WARN 27388 --- [libraryapi] [main] JpaBaseConfiguration$JpaWebConfiguration : spring.jpa.open-in-view is enabled by default. Therefore, database queries may be performed during view rendering. Explicitly configure spring.jpa.open-in-view to disable this warning
2026-06-05T12:37:39.566-03:00 TRACE 27388 --- [libraryapi] [main] eGlobalAuthenticationAutowiredConfigurer : Eagerly initializing {authorizationServerConfiguration=com.github.iuryrayam.libraryapi.config.AuthorizationServerConfiguration$$SpringCGLIB$$0@6124a7c0, securityConfiguration=com.github.iuryrayam.libraryapi.config.SecurityConfiguration$$SpringCGLIB$$0@4cce421e}
2026-06-05T12:37:39.570-03:00  INFO 27388 --- [libraryapi] [main] eAuthenticationProviderManagerConfigurer : Global AuthenticationManager configured with AuthenticationProvider bean with name customAuthenticationProvider
2026-06-05T12:37:39.864-03:00 DEBUG 27388 --- [libraryapi] [main] s.w.s.m.m.a.RequestMappingHandlerMapping : 21 mappings in 'requestMappingHandlerMapping'
2026-06-05T12:37:39.910-03:00 DEBUG 27388 --- [libraryapi] [main] o.s.w.s.handler.SimpleUrlHandlerMapping  : Patterns [/login] in 'viewControllerHandlerMapping'
2026-06-05T12:37:39.974-03:00 DEBUG 27388 --- [libraryapi] [main] o.s.w.s.handler.SimpleUrlHandlerMapping  : Patterns [/swagger-ui*/*swagger-initializer.js, /swagger-ui*/**] in 'resourceHandlerMapping'
2026-06-05T12:37:40.970-03:00 DEBUG 27388 --- [libraryapi] [main] o.s.s.web.DefaultSecurityFilterChain     : Will secure org.springframework.security.oauth2.server.authorization.config.annotation.web.configurers.OAuth2AuthorizationServerConfigurer$$Lambda/0x000001f232b0b8f0@7863e6b2 with filters: DisableEncodeUrlFilter, WebAsyncManagerIntegrationFilter, SecurityContextHolderFilter, AuthorizationServerContextFilter, HeaderWriterFilter, CsrfFilter, OidcLogoutEndpointFilter, LogoutFilter, OAuth2AuthorizationServerMetadataEndpointFilter, OAuth2AuthorizationEndpointFilter, OAuth2DeviceVerificationEndpointFilter, OidcProviderConfigurationEndpointFilter, NimbusJwkSetEndpointFilter, OAuth2ClientAuthenticationFilter, UsernamePasswordAuthenticationFilter, BearerTokenAuthenticationFilter, RequestCacheAwareFilter, SecurityContextHolderAwareRequestFilter, AnonymousAuthenticationFilter, ExceptionTranslationFilter, AuthorizationFilter, OAuth2TokenEndpointFilter, OAuth2TokenIntrospectionEndpointFilter, OAuth2TokenRevocationEndpointFilter, OAuth2DeviceAuthorizationEndpointFilter, OidcUserInfoEndpointFilter
2026-06-05T12:37:41.042-03:00 DEBUG 27388 --- [libraryapi] [main] o.s.s.web.DefaultSecurityFilterChain     : Will secure any request with filters: DisableEncodeUrlFilter, WebAsyncManagerIntegrationFilter, SecurityContextHolderFilter, HeaderWriterFilter, LogoutFilter, OAuth2AuthorizationRequestRedirectFilter, OAuth2LoginAuthenticationFilter, UsernamePasswordAuthenticationFilter, BearerTokenAuthenticationFilter, JwtCustomAuthenticationFilter, RequestCacheAwareFilter, SecurityContextHolderAwareRequestFilter, AnonymousAuthenticationFilter, ExceptionTranslationFilter, AuthorizationFilter
2026-06-05T12:37:41.058-03:00  WARN 27388 --- [libraryapi] [main] o.s.s.c.a.web.builders.WebSecurity       : You are asking Spring Security to ignore Deferred [Mvc [pattern='/v2/api-docs/**'], Ant [pattern='/v2/api-docs/**']]. This is not recommended -- please use permitAll via HttpSecurity#authorizeHttpRequests instead.
2026-06-05T12:37:41.059-03:00 DEBUG 27388 --- [libraryapi] [main] o.s.s.web.DefaultSecurityFilterChain     : Will not secure Deferred [Mvc [pattern='/v2/api-docs/**'], Ant [pattern='/v2/api-docs/**']]
2026-06-05T12:37:41.059-03:00  WARN 27388 --- [libraryapi] [main] o.s.s.c.a.web.builders.WebSecurity       : You are asking Spring Security to ignore Deferred [Mvc [pattern='v3/api-docs/**'], Ant [pattern='v3/api-docs/**']]. This is not recommended -- please use permitAll via HttpSecurity#authorizeHttpRequests instead.
2026-06-05T12:37:41.059-03:00 DEBUG 27388 --- [libraryapi] [main] o.s.s.web.DefaultSecurityFilterChain     : Will not secure Deferred [Mvc [pattern='v3/api-docs/**'], Ant [pattern='v3/api-docs/**']]
2026-06-05T12:37:41.059-03:00  WARN 27388 --- [libraryapi] [main] o.s.s.c.a.web.builders.WebSecurity       : You are asking Spring Security to ignore Deferred [Mvc [pattern='/swagger-resource/**'], Ant [pattern='/swagger-resource/**']]. This is not recommended -- please use permitAll via HttpSecurity#authorizeHttpRequests instead.
2026-06-05T12:37:41.059-03:00 DEBUG 27388 --- [libraryapi] [main] o.s.s.web.DefaultSecurityFilterChain     : Will not secure Deferred [Mvc [pattern='/swagger-resource/**'], Ant [pattern='/swagger-resource/**']]
2026-06-05T12:37:41.059-03:00  WARN 27388 --- [libraryapi] [main] o.s.s.c.a.web.builders.WebSecurity       : You are asking Spring Security to ignore Deferred [Mvc [pattern='/swagger-ui.html'], Ant [pattern='/swagger-ui.html']]. This is not recommended -- please use permitAll via HttpSecurity#authorizeHttpRequests instead.
2026-06-05T12:37:41.060-03:00 DEBUG 27388 --- [libraryapi] [main] o.s.s.web.DefaultSecurityFilterChain     : Will not secure Deferred [Mvc [pattern='/swagger-ui.html'], Ant [pattern='/swagger-ui.html']]
2026-06-05T12:37:41.060-03:00  WARN 27388 --- [libraryapi] [main] o.s.s.c.a.web.builders.WebSecurity       : You are asking Spring Security to ignore Deferred [Mvc [pattern='/swagger-ui/**'], Ant [pattern='/swagger-ui/**']]. This is not recommended -- please use permitAll via HttpSecurity#authorizeHttpRequests instead.
2026-06-05T12:37:41.060-03:00 DEBUG 27388 --- [libraryapi] [main] o.s.s.web.DefaultSecurityFilterChain     : Will not secure Deferred [Mvc [pattern='/swagger-ui/**'], Ant [pattern='/swagger-ui/**']]
2026-06-05T12:37:41.060-03:00  WARN 27388 --- [libraryapi] [main] o.s.s.c.a.web.builders.WebSecurity       : You are asking Spring Security to ignore Deferred [Mvc [pattern='/webjars/**'], Ant [pattern='/webjars/**']]. This is not recommended -- please use permitAll via HttpSecurity#authorizeHttpRequests instead.
2026-06-05T12:37:41.060-03:00 DEBUG 27388 --- [libraryapi] [main] o.s.s.web.DefaultSecurityFilterChain     : Will not secure Deferred [Mvc [pattern='/webjars/**'], Ant [pattern='/webjars/**']]
2026-06-05T12:37:41.060-03:00  WARN 27388 --- [libraryapi] [main] o.s.s.c.a.web.builders.WebSecurity       : You are asking Spring Security to ignore Deferred [Mvc [pattern='/actuator/**'], Ant [pattern='/actuator/**']]. This is not recommended -- please use permitAll via HttpSecurity#authorizeHttpRequests instead.
2026-06-05T12:37:41.060-03:00 DEBUG 27388 --- [libraryapi] [main] o.s.s.web.DefaultSecurityFilterChain     : Will not secure Deferred [Mvc [pattern='/actuator/**'], Ant [pattern='/actuator/**']]
2026-06-05T12:37:41.175-03:00 DEBUG 27388 --- [libraryapi] [main] s.w.s.m.m.a.RequestMappingHandlerAdapter : ControllerAdvice beans: 0 @ModelAttribute, 0 @InitBinder, 1 RequestBodyAdvice, 1 ResponseBodyAdvice
2026-06-05T12:37:41.242-03:00 DEBUG 27388 --- [libraryapi] [main] .m.m.a.ExceptionHandlerExceptionResolver : ControllerAdvice beans: 2 @ExceptionHandler, 1 ResponseBodyAdvice
2026-06-05T12:37:41.984-03:00  INFO 27388 --- [libraryapi] [main] c.g.iuryrayam.libraryapi.Application     : Started Application in 11.585 seconds (process running for 12.388)
2026-06-05T12:38:39.288-03:00  INFO 19284 --- [libraryapi] [main] c.g.iuryrayam.libraryapi.Application     : Starting Application using Java 21.0.8 with PID 19284 (C:\Users\Iury Rayam\OneDrive\Documentos\projetos de tecnologias\projetos java\spring-boot-expert\libraryapi\target\classes started by Iury Rayam in C:\Users\Iury Rayam\OneDrive\Documentos\projetos de tecnologias\projetos java\spring-boot-expert\libraryapi)
2026-06-05T12:38:39.292-03:00 DEBUG 19284 --- [libraryapi] [main] c.g.iuryrayam.libraryapi.Application     : Running with Spring Boot v3.3.4, Spring v6.1.13
2026-06-05T12:38:39.293-03:00  INFO 19284 --- [libraryapi] [main] c.g.iuryrayam.libraryapi.Application     : No active profile set, falling back to 1 default profile: "default"
2026-06-05T12:38:43.828-03:00  WARN 19284 --- [libraryapi] [main] com.zaxxer.hikari.HikariConfig           : library-db-pool - idleTimeout is close to or more than maxLifetime, disabling it.
2026-06-05T12:38:47.527-03:00 DEBUG 19284 --- [libraryapi] [main] o.s.w.f.ServerHttpObservationFilter      : Filter 'webMvcObservationFilter' configured for use
2026-06-05T12:38:47.529-03:00 DEBUG 19284 --- [libraryapi] [main] c.g.i.l.s.JwtCustomAuthenticationFilter  : Filter 'jwtCustomAuthenticationFilter' configured for use
2026-06-05T12:38:49.225-03:00  WARN 19284 --- [libraryapi] [main] JpaBaseConfiguration$JpaWebConfiguration : spring.jpa.open-in-view is enabled by default. Therefore, database queries may be performed during view rendering. Explicitly configure spring.jpa.open-in-view to disable this warning
2026-06-05T12:38:49.290-03:00 TRACE 19284 --- [libraryapi] [main] eGlobalAuthenticationAutowiredConfigurer : Eagerly initializing {authorizationServerConfiguration=com.github.iuryrayam.libraryapi.config.AuthorizationServerConfiguration$$SpringCGLIB$$0@329b4b8b, securityConfiguration=com.github.iuryrayam.libraryapi.config.SecurityConfiguration$$SpringCGLIB$$0@6894d28d}
2026-06-05T12:38:49.294-03:00  INFO 19284 --- [libraryapi] [main] eAuthenticationProviderManagerConfigurer : Global AuthenticationManager configured with AuthenticationProvider bean with name customAuthenticationProvider
2026-06-05T12:38:49.645-03:00 DEBUG 19284 --- [libraryapi] [main] s.w.s.m.m.a.RequestMappingHandlerMapping : 21 mappings in 'requestMappingHandlerMapping'
2026-06-05T12:38:49.683-03:00 DEBUG 19284 --- [libraryapi] [main] o.s.w.s.handler.SimpleUrlHandlerMapping  : Patterns [/login] in 'viewControllerHandlerMapping'
2026-06-05T12:38:49.731-03:00 DEBUG 19284 --- [libraryapi] [main] o.s.w.s.handler.SimpleUrlHandlerMapping  : Patterns [/swagger-ui*/*swagger-initializer.js, /swagger-ui*/**] in 'resourceHandlerMapping'
2026-06-05T12:38:51.163-03:00 DEBUG 19284 --- [libraryapi] [main] o.s.s.web.DefaultSecurityFilterChain     : Will secure org.springframework.security.oauth2.server.authorization.config.annotation.web.configurers.OAuth2AuthorizationServerConfigurer$$Lambda/0x0000022d5aaec390@1199ac5 with filters: DisableEncodeUrlFilter, WebAsyncManagerIntegrationFilter, SecurityContextHolderFilter, AuthorizationServerContextFilter, HeaderWriterFilter, CsrfFilter, OidcLogoutEndpointFilter, LogoutFilter, OAuth2AuthorizationServerMetadataEndpointFilter, OAuth2AuthorizationEndpointFilter, OAuth2DeviceVerificationEndpointFilter, OidcProviderConfigurationEndpointFilter, NimbusJwkSetEndpointFilter, OAuth2ClientAuthenticationFilter, UsernamePasswordAuthenticationFilter, BearerTokenAuthenticationFilter, RequestCacheAwareFilter, SecurityContextHolderAwareRequestFilter, AnonymousAuthenticationFilter, ExceptionTranslationFilter, AuthorizationFilter, OAuth2TokenEndpointFilter, OAuth2TokenIntrospectionEndpointFilter, OAuth2TokenRevocationEndpointFilter, OAuth2DeviceAuthorizationEndpointFilter, OidcUserInfoEndpointFilter
2026-06-05T12:38:51.227-03:00 DEBUG 19284 --- [libraryapi] [main] o.s.s.web.DefaultSecurityFilterChain     : Will secure any request with filters: DisableEncodeUrlFilter, WebAsyncManagerIntegrationFilter, SecurityContextHolderFilter, HeaderWriterFilter, LogoutFilter, OAuth2AuthorizationRequestRedirectFilter, OAuth2LoginAuthenticationFilter, UsernamePasswordAuthenticationFilter, BearerTokenAuthenticationFilter, JwtCustomAuthenticationFilter, RequestCacheAwareFilter, SecurityContextHolderAwareRequestFilter, AnonymousAuthenticationFilter, ExceptionTranslationFilter, AuthorizationFilter
2026-06-05T12:38:51.239-03:00  WARN 19284 --- [libraryapi] [main] o.s.s.c.a.web.builders.WebSecurity       : You are asking Spring Security to ignore Deferred [Mvc [pattern='/v2/api-docs/**'], Ant [pattern='/v2/api-docs/**']]. This is not recommended -- please use permitAll via HttpSecurity#authorizeHttpRequests instead.
2026-06-05T12:38:51.239-03:00 DEBUG 19284 --- [libraryapi] [main] o.s.s.web.DefaultSecurityFilterChain     : Will not secure Deferred [Mvc [pattern='/v2/api-docs/**'], Ant [pattern='/v2/api-docs/**']]
2026-06-05T12:38:51.240-03:00  WARN 19284 --- [libraryapi] [main] o.s.s.c.a.web.builders.WebSecurity       : You are asking Spring Security to ignore Deferred [Mvc [pattern='v3/api-docs/**'], Ant [pattern='v3/api-docs/**']]. This is not recommended -- please use permitAll via HttpSecurity#authorizeHttpRequests instead.
2026-06-05T12:38:51.240-03:00 DEBUG 19284 --- [libraryapi] [main] o.s.s.web.DefaultSecurityFilterChain     : Will not secure Deferred [Mvc [pattern='v3/api-docs/**'], Ant [pattern='v3/api-docs/**']]
2026-06-05T12:38:51.240-03:00  WARN 19284 --- [libraryapi] [main] o.s.s.c.a.web.builders.WebSecurity       : You are asking Spring Security to ignore Deferred [Mvc [pattern='/swagger-resource/**'], Ant [pattern='/swagger-resource/**']]. This is not recommended -- please use permitAll via HttpSecurity#authorizeHttpRequests instead.
2026-06-05T12:38:51.240-03:00 DEBUG 19284 --- [libraryapi] [main] o.s.s.web.DefaultSecurityFilterChain     : Will not secure Deferred [Mvc [pattern='/swagger-resource/**'], Ant [pattern='/swagger-resource/**']]
2026-06-05T12:38:51.240-03:00  WARN 19284 --- [libraryapi] [main] o.s.s.c.a.web.builders.WebSecurity       : You are asking Spring Security to ignore Deferred [Mvc [pattern='/swagger-ui.html'], Ant [pattern='/swagger-ui.html']]. This is not recommended -- please use permitAll via HttpSecurity#authorizeHttpRequests instead.
2026-06-05T12:38:51.240-03:00 DEBUG 19284 --- [libraryapi] [main] o.s.s.web.DefaultSecurityFilterChain     : Will not secure Deferred [Mvc [pattern='/swagger-ui.html'], Ant [pattern='/swagger-ui.html']]
2026-06-05T12:38:51.240-03:00  WARN 19284 --- [libraryapi] [main] o.s.s.c.a.web.builders.WebSecurity       : You are asking Spring Security to ignore Deferred [Mvc [pattern='/swagger-ui/**'], Ant [pattern='/swagger-ui/**']]. This is not recommended -- please use permitAll via HttpSecurity#authorizeHttpRequests instead.
2026-06-05T12:38:51.240-03:00 DEBUG 19284 --- [libraryapi] [main] o.s.s.web.DefaultSecurityFilterChain     : Will not secure Deferred [Mvc [pattern='/swagger-ui/**'], Ant [pattern='/swagger-ui/**']]
2026-06-05T12:38:51.240-03:00  WARN 19284 --- [libraryapi] [main] o.s.s.c.a.web.builders.WebSecurity       : You are asking Spring Security to ignore Deferred [Mvc [pattern='/webjars/**'], Ant [pattern='/webjars/**']]. This is not recommended -- please use permitAll via HttpSecurity#authorizeHttpRequests instead.
2026-06-05T12:38:51.240-03:00 DEBUG 19284 --- [libraryapi] [main] o.s.s.web.DefaultSecurityFilterChain     : Will not secure Deferred [Mvc [pattern='/webjars/**'], Ant [pattern='/webjars/**']]
2026-06-05T12:38:51.240-03:00  WARN 19284 --- [libraryapi] [main] o.s.s.c.a.web.builders.WebSecurity       : You are asking Spring Security to ignore Deferred [Mvc [pattern='/actuator/**'], Ant [pattern='/actuator/**']]. This is not recommended -- please use permitAll via HttpSecurity#authorizeHttpRequests instead.
2026-06-05T12:38:51.241-03:00 DEBUG 19284 --- [libraryapi] [main] o.s.s.web.DefaultSecurityFilterChain     : Will not secure Deferred [Mvc [pattern='/actuator/**'], Ant [pattern='/actuator/**']]
2026-06-05T12:38:51.334-03:00 DEBUG 19284 --- [libraryapi] [main] s.w.s.m.m.a.RequestMappingHandlerAdapter : ControllerAdvice beans: 0 @ModelAttribute, 0 @InitBinder, 1 RequestBodyAdvice, 1 ResponseBodyAdvice
2026-06-05T12:38:51.393-03:00 DEBUG 19284 --- [libraryapi] [main] .m.m.a.ExceptionHandlerExceptionResolver : ControllerAdvice beans: 2 @ExceptionHandler, 1 ResponseBodyAdvice
2026-06-05T12:38:52.082-03:00  INFO 19284 --- [libraryapi] [main] c.g.iuryrayam.libraryapi.Application     : Started Application in 13.559 seconds (process running for 14.215)
2026-06-05T12:39:37.676-03:00  INFO 19284 --- [libraryapi] [http-nio-8080-exec-1] o.s.web.servlet.DispatcherServlet        : Initializing Servlet 'dispatcherServlet'
2026-06-05T12:39:37.677-03:00 DEBUG 19284 --- [libraryapi] [http-nio-8080-exec-1] o.s.web.servlet.DispatcherServlet        : Detected StandardServletMultipartResolver
2026-06-05T12:39:37.677-03:00 DEBUG 19284 --- [libraryapi] [http-nio-8080-exec-1] o.s.web.servlet.DispatcherServlet        : Detected AcceptHeaderLocaleResolver
2026-06-05T12:39:37.678-03:00 DEBUG 19284 --- [libraryapi] [http-nio-8080-exec-1] o.s.web.servlet.DispatcherServlet        : Detected FixedThemeResolver
2026-06-05T12:39:37.680-03:00 DEBUG 19284 --- [libraryapi] [http-nio-8080-exec-1] o.s.web.servlet.DispatcherServlet        : Detected org.springframework.web.servlet.view.DefaultRequestToViewNameTranslator@69c4bbfe
2026-06-05T12:39:37.681-03:00 DEBUG 19284 --- [libraryapi] [http-nio-8080-exec-1] o.s.web.servlet.DispatcherServlet        : Detected org.springframework.web.servlet.support.SessionFlashMapManager@393bd750
2026-06-05T12:39:37.682-03:00 DEBUG 19284 --- [libraryapi] [http-nio-8080-exec-1] o.s.web.servlet.DispatcherServlet        : enableLoggingRequestDetails='false': request parameters and headers will be masked to prevent unsafe logging of potentially sensitive data
2026-06-05T12:39:37.683-03:00  INFO 19284 --- [libraryapi] [http-nio-8080-exec-1] o.s.web.servlet.DispatcherServlet        : Completed initialization in 5 ms
2026-06-05T12:39:37.746-03:00 TRACE 19284 --- [libraryapi] [http-nio-8080-exec-1] o.s.security.web.FilterChainProxy        : Trying to match request against DefaultSecurityFilterChain [RequestMatcher=Deferred [Mvc [pattern='/v2/api-docs/**'], Ant [pattern='/v2/api-docs/**']], Filters=[]] (1/9)
2026-06-05T12:39:37.748-03:00 TRACE 19284 --- [libraryapi] [http-nio-8080-exec-1] o.s.security.web.FilterChainProxy        : Trying to match request against DefaultSecurityFilterChain [RequestMatcher=Deferred [Mvc [pattern='v3/api-docs/**'], Ant [pattern='v3/api-docs/**']], Filters=[]] (2/9)
2026-06-05T12:39:37.748-03:00 TRACE 19284 --- [libraryapi] [http-nio-8080-exec-1] o.s.security.web.FilterChainProxy        : Trying to match request against DefaultSecurityFilterChain [RequestMatcher=Deferred [Mvc [pattern='/swagger-resource/**'], Ant [pattern='/swagger-resource/**']], Filters=[]] (3/9)
2026-06-05T12:39:37.748-03:00 TRACE 19284 --- [libraryapi] [http-nio-8080-exec-1] o.s.security.web.FilterChainProxy        : Trying to match request against DefaultSecurityFilterChain [RequestMatcher=Deferred [Mvc [pattern='/swagger-ui.html'], Ant [pattern='/swagger-ui.html']], Filters=[]] (4/9)
2026-06-05T12:39:37.748-03:00 TRACE 19284 --- [libraryapi] [http-nio-8080-exec-1] o.s.security.web.FilterChainProxy        : Trying to match request against DefaultSecurityFilterChain [RequestMatcher=Deferred [Mvc [pattern='/swagger-ui/**'], Ant [pattern='/swagger-ui/**']], Filters=[]] (5/9)
2026-06-05T12:39:37.749-03:00 TRACE 19284 --- [libraryapi] [http-nio-8080-exec-1] o.s.security.web.FilterChainProxy        : Trying to match request against DefaultSecurityFilterChain [RequestMatcher=Deferred [Mvc [pattern='/webjars/**'], Ant [pattern='/webjars/**']], Filters=[]] (6/9)
2026-06-05T12:39:37.749-03:00 TRACE 19284 --- [libraryapi] [http-nio-8080-exec-1] o.s.security.web.FilterChainProxy        : Trying to match request against DefaultSecurityFilterChain [RequestMatcher=Deferred [Mvc [pattern='/actuator/**'], Ant [pattern='/actuator/**']], Filters=[]] (7/9)
2026-06-05T12:39:37.752-03:00 TRACE 19284 --- [libraryapi] [http-nio-8080-exec-1] o.s.security.web.FilterChainProxy        : No security for GET /actuator
2026-06-05T12:39:37.764-03:00 DEBUG 19284 --- [libraryapi] [http-nio-8080-exec-1] o.s.web.servlet.DispatcherServlet        : GET "/actuator", parameters={}
2026-06-05T12:39:37.810-03:00 DEBUG 19284 --- [libraryapi] [http-nio-8080-exec-1] m.m.a.RequestResponseBodyMethodProcessor : Using 'application/vnd.spring-boot.actuator.v3+json;q=0.8', given [text/html, application/xhtml+xml, image/avif, image/webp, image/apng, application/xml;q=0.9, */*;q=0.8, application/signed-exchange;v=b3;q=0.7] and supported [application/vnd.spring-boot.actuator.v3+json, application/vnd.spring-boot.actuator.v2+json, application/json]
2026-06-05T12:39:37.886-03:00 DEBUG 19284 --- [libraryapi] [http-nio-8080-exec-1] m.m.a.RequestResponseBodyMethodProcessor : Writing [{_links={self=[Link@56b727c8 href = 'http://localhost:8080/actuator'], health-path=[Link@5c40ab49 hr (truncated)...]
2026-06-05T12:39:37.958-03:00 DEBUG 19284 --- [libraryapi] [http-nio-8080-exec-1] o.s.web.servlet.DispatcherServlet        : Completed 200 OK
2026-06-05T12:39:38.010-03:00 TRACE 19284 --- [libraryapi] [http-nio-8080-exec-7] o.s.security.web.FilterChainProxy        : Trying to match request against DefaultSecurityFilterChain [RequestMatcher=Deferred [Mvc [pattern='/v2/api-docs/**'], Ant [pattern='/v2/api-docs/**']], Filters=[]] (1/9)
2026-06-05T12:39:38.011-03:00 TRACE 19284 --- [libraryapi] [http-nio-8080-exec-7] o.s.security.web.FilterChainProxy        : Trying to match request against DefaultSecurityFilterChain [RequestMatcher=Deferred [Mvc [pattern='v3/api-docs/**'], Ant [pattern='v3/api-docs/**']], Filters=[]] (2/9)
2026-06-05T12:39:38.012-03:00 TRACE 19284 --- [libraryapi] [http-nio-8080-exec-7] o.s.security.web.FilterChainProxy        : Trying to match request against DefaultSecurityFilterChain [RequestMatcher=Deferred [Mvc [pattern='/swagger-resource/**'], Ant [pattern='/swagger-resource/**']], Filters=[]] (3/9)
2026-06-05T12:39:38.014-03:00 TRACE 19284 --- [libraryapi] [http-nio-8080-exec-7] o.s.security.web.FilterChainProxy        : Trying to match request against DefaultSecurityFilterChain [RequestMatcher=Deferred [Mvc [pattern='/swagger-ui.html'], Ant [pattern='/swagger-ui.html']], Filters=[]] (4/9)
2026-06-05T12:39:38.014-03:00 TRACE 19284 --- [libraryapi] [http-nio-8080-exec-7] o.s.security.web.FilterChainProxy        : Trying to match request against DefaultSecurityFilterChain [RequestMatcher=Deferred [Mvc [pattern='/swagger-ui/**'], Ant [pattern='/swagger-ui/**']], Filters=[]] (5/9)
2026-06-05T12:39:38.015-03:00 TRACE 19284 --- [libraryapi] [http-nio-8080-exec-7] o.s.security.web.FilterChainProxy        : Trying to match request against DefaultSecurityFilterChain [RequestMatcher=Deferred [Mvc [pattern='/webjars/**'], Ant [pattern='/webjars/**']], Filters=[]] (6/9)
2026-06-05T12:39:38.015-03:00 TRACE 19284 --- [libraryapi] [http-nio-8080-exec-7] o.s.security.web.FilterChainProxy        : Trying to match request against DefaultSecurityFilterChain [RequestMatcher=Deferred [Mvc [pattern='/actuator/**'], Ant [pattern='/actuator/**']], Filters=[]] (7/9)
2026-06-05T12:39:38.016-03:00 TRACE 19284 --- [libraryapi] [http-nio-8080-exec-7] o.s.security.web.FilterChainProxy        : Trying to match request against DefaultSecurityFilterChain [RequestMatcher=org.springframework.security.oauth2.server.authorization.config.annotation.web.configurers.OAuth2AuthorizationServerConfigurer$$Lambda/0x0000022d5aaec390@1199ac5, Filters=[org.springframework.security.web.session.DisableEncodeUrlFilter@62c2eca2, org.springframework.security.web.context.request.async.WebAsyncManagerIntegrationFilter@5fdbb8c0, org.springframework.security.web.context.SecurityContextHolderFilter@6707ab9, org.springframework.security.oauth2.server.authorization.config.annotation.web.configurers.AuthorizationServerContextFilter@6cb890ac, org.springframework.security.web.header.HeaderWriterFilter@54d8c998, org.springframework.security.web.csrf.CsrfFilter@635ad140, org.springframework.security.oauth2.server.authorization.oidc.web.OidcLogoutEndpointFilter@293918f9, org.springframework.security.web.authentication.logout.LogoutFilter@3405202c, org.springframework.security.oauth2.server.authorization.web.OAuth2AuthorizationServerMetadataEndpointFilter@229d5d14, org.springframework.security.oauth2.server.authorization.web.OAuth2AuthorizationEndpointFilter@5c8ec2f6, org.springframework.security.oauth2.server.authorization.web.OAuth2DeviceVerificationEndpointFilter@3d039fe6, org.springframework.security.oauth2.server.authorization.oidc.web.OidcProviderConfigurationEndpointFilter@77f3bb3f, org.springframework.security.oauth2.server.authorization.web.NimbusJwkSetEndpointFilter@5eab3eac, org.springframework.security.oauth2.server.authorization.web.OAuth2ClientAuthenticationFilter@5d708ef6, org.springframework.security.web.authentication.UsernamePasswordAuthenticationFilter@1e5a8278, org.springframework.security.oauth2.server.resource.web.authentication.BearerTokenAuthenticationFilter@11def039, org.springframework.security.web.savedrequest.RequestCacheAwareFilter@3862381d, org.springframework.security.web.servletapi.SecurityContextHolderAwareRequestFilter@160ecb8f, org.springframework.security.web.authentication.AnonymousAuthenticationFilter@1a8c5c20, org.springframework.security.web.access.ExceptionTranslationFilter@4aca25e8, org.springframework.security.web.access.intercept.AuthorizationFilter@5ddd3150, org.springframework.security.oauth2.server.authorization.web.OAuth2TokenEndpointFilter@281e2377, org.springframework.security.oauth2.server.authorization.web.OAuth2TokenIntrospectionEndpointFilter@61ab2bcc, org.springframework.security.oauth2.server.authorization.web.OAuth2TokenRevocationEndpointFilter@35014251, org.springframework.security.oauth2.server.authorization.web.OAuth2DeviceAuthorizationEndpointFilter@258274cb, org.springframework.security.oauth2.server.authorization.oidc.web.OidcUserInfoEndpointFilter@2a987a5d]] (8/9)
2026-06-05T12:39:38.017-03:00 TRACE 19284 --- [libraryapi] [http-nio-8080-exec-7] o.s.security.web.FilterChainProxy        : Trying to match request against DefaultSecurityFilterChain [RequestMatcher=any request, Filters=[org.springframework.security.web.session.DisableEncodeUrlFilter@e50a9a2, org.springframework.security.web.context.request.async.WebAsyncManagerIntegrationFilter@7b02f336, org.springframework.security.web.context.SecurityContextHolderFilter@4037fcc, org.springframework.security.web.header.HeaderWriterFilter@708f8545, org.springframework.security.web.authentication.logout.LogoutFilter@51406cdd, org.springframework.security.oauth2.client.web.OAuth2AuthorizationRequestRedirectFilter@4c110f87, org.springframework.security.oauth2.client.web.OAuth2LoginAuthenticationFilter@32d00eea, org.springframework.security.web.authentication.UsernamePasswordAuthenticationFilter@55fee98a, org.springframework.security.oauth2.server.resource.web.authentication.BearerTokenAuthenticationFilter@39894485, com.github.iuryrayam.libraryapi.security.JwtCustomAuthenticationFilter@7df1fc5a, org.springframework.security.web.savedrequest.RequestCacheAwareFilter@599e81bd, org.springframework.security.web.servletapi.SecurityContextHolderAwareRequestFilter@7a4729e6, org.springframework.security.web.authentication.AnonymousAuthenticationFilter@799d492e, org.springframework.security.web.access.ExceptionTranslationFilter@59606589, org.springframework.security.web.access.intercept.AuthorizationFilter@6dcf902]] (9/9)
2026-06-05T12:39:38.018-03:00 DEBUG 19284 --- [libraryapi] [http-nio-8080-exec-7] o.s.security.web.FilterChainProxy        : Securing GET /favicon.ico
2026-06-05T12:39:38.024-03:00 TRACE 19284 --- [libraryapi] [http-nio-8080-exec-7] o.s.security.web.FilterChainProxy        : Invoking DisableEncodeUrlFilter (1/15)
2026-06-05T12:39:38.035-03:00 TRACE 19284 --- [libraryapi] [http-nio-8080-exec-7] o.s.security.web.FilterChainProxy        : Invoking WebAsyncManagerIntegrationFilter (2/15)
2026-06-05T12:39:38.036-03:00 TRACE 19284 --- [libraryapi] [http-nio-8080-exec-7] o.s.security.web.FilterChainProxy        : Invoking SecurityContextHolderFilter (3/15)
2026-06-05T12:39:38.038-03:00 TRACE 19284 --- [libraryapi] [http-nio-8080-exec-7] o.s.security.web.FilterChainProxy        : Invoking HeaderWriterFilter (4/15)
2026-06-05T12:39:38.041-03:00 TRACE 19284 --- [libraryapi] [http-nio-8080-exec-7] o.s.security.web.FilterChainProxy        : Invoking LogoutFilter (5/15)
2026-06-05T12:39:38.041-03:00 TRACE 19284 --- [libraryapi] [http-nio-8080-exec-7] o.s.s.w.a.logout.LogoutFilter            : Did not match request to Or [Ant [pattern='/logout', GET], Ant [pattern='/logout', POST], Ant [pattern='/logout', PUT], Ant [pattern='/logout', DELETE]]
2026-06-05T12:39:38.042-03:00 TRACE 19284 --- [libraryapi] [http-nio-8080-exec-7] o.s.security.web.FilterChainProxy        : Invoking OAuth2AuthorizationRequestRedirectFilter (6/15)
2026-06-05T12:39:38.042-03:00 TRACE 19284 --- [libraryapi] [http-nio-8080-exec-7] o.s.security.web.FilterChainProxy        : Invoking OAuth2LoginAuthenticationFilter (7/15)
2026-06-05T12:39:38.042-03:00 TRACE 19284 --- [libraryapi] [http-nio-8080-exec-7] .s.o.c.w.OAuth2LoginAuthenticationFilter : Did not match request to Ant [pattern='/login/oauth2/code/*']
2026-06-05T12:39:38.042-03:00 TRACE 19284 --- [libraryapi] [http-nio-8080-exec-7] o.s.security.web.FilterChainProxy        : Invoking UsernamePasswordAuthenticationFilter (8/15)
2026-06-05T12:39:38.042-03:00 TRACE 19284 --- [libraryapi] [http-nio-8080-exec-7] w.a.UsernamePasswordAuthenticationFilter : Did not match request to Ant [pattern='/login', POST]
2026-06-05T12:39:38.043-03:00 TRACE 19284 --- [libraryapi] [http-nio-8080-exec-7] o.s.security.web.FilterChainProxy        : Invoking BearerTokenAuthenticationFilter (9/15)
2026-06-05T12:39:38.043-03:00 TRACE 19284 --- [libraryapi] [http-nio-8080-exec-7] .s.r.w.a.BearerTokenAuthenticationFilter : Did not process request since did not find bearer token
2026-06-05T12:39:38.043-03:00 TRACE 19284 --- [libraryapi] [http-nio-8080-exec-7] o.s.security.web.FilterChainProxy        : Invoking JwtCustomAuthenticationFilter (10/15)
2026-06-05T12:39:38.044-03:00 TRACE 19284 --- [libraryapi] [http-nio-8080-exec-7] w.c.HttpSessionSecurityContextRepository : No HttpSession currently exists
2026-06-05T12:39:38.044-03:00 TRACE 19284 --- [libraryapi] [http-nio-8080-exec-7] .s.s.w.c.SupplierDeferredSecurityContext : Created SecurityContextImpl [Null authentication]
2026-06-05T12:39:38.044-03:00 TRACE 19284 --- [libraryapi] [http-nio-8080-exec-7] .s.s.w.c.SupplierDeferredSecurityContext : Created SecurityContextImpl [Null authentication]
2026-06-05T12:39:38.044-03:00 TRACE 19284 --- [libraryapi] [http-nio-8080-exec-7] o.s.security.web.FilterChainProxy        : Invoking RequestCacheAwareFilter (11/15)
2026-06-05T12:39:38.045-03:00 TRACE 19284 --- [libraryapi] [http-nio-8080-exec-7] o.s.s.w.s.HttpSessionRequestCache        : matchingRequestParameterName is required for getMatchingRequest to lookup a value, but not provided
2026-06-05T12:39:38.045-03:00 TRACE 19284 --- [libraryapi] [http-nio-8080-exec-7] o.s.security.web.FilterChainProxy        : Invoking SecurityContextHolderAwareRequestFilter (12/15)
2026-06-05T12:39:38.047-03:00 TRACE 19284 --- [libraryapi] [http-nio-8080-exec-7] o.s.security.web.FilterChainProxy        : Invoking AnonymousAuthenticationFilter (13/15)
2026-06-05T12:39:38.049-03:00 TRACE 19284 --- [libraryapi] [http-nio-8080-exec-7] o.s.security.web.FilterChainProxy        : Invoking ExceptionTranslationFilter (14/15)
2026-06-05T12:39:38.049-03:00 TRACE 19284 --- [libraryapi] [http-nio-8080-exec-7] o.s.security.web.FilterChainProxy        : Invoking AuthorizationFilter (15/15)
2026-06-05T12:39:38.055-03:00 TRACE 19284 --- [libraryapi] [http-nio-8080-exec-7] estMatcherDelegatingAuthorizationManager : Authorizing GET /favicon.ico
2026-06-05T12:39:38.056-03:00 TRACE 19284 --- [libraryapi] [http-nio-8080-exec-7] estMatcherDelegatingAuthorizationManager : Checking authorization on GET /favicon.ico using org.springframework.security.authorization.AuthenticatedAuthorizationManager@1a0dc622
2026-06-05T12:39:38.058-03:00 TRACE 19284 --- [libraryapi] [http-nio-8080-exec-7] o.s.s.w.a.AnonymousAuthenticationFilter  : Set SecurityContextHolder to AnonymousAuthenticationToken [Principal=anonymousUser, Credentials=[PROTECTED], Authenticated=true, Details=WebAuthenticationDetails [RemoteIpAddress=0:0:0:0:0:0:0:1, SessionId=null], Granted Authorities=[ROLE_ANONYMOUS]]
2026-06-05T12:39:38.068-03:00 TRACE 19284 --- [libraryapi] [http-nio-8080-exec-7] o.s.s.w.a.ExceptionTranslationFilter     : Sending AnonymousAuthenticationToken [Principal=anonymousUser, Credentials=[PROTECTED], Authenticated=true, Details=WebAuthenticationDetails [RemoteIpAddress=0:0:0:0:0:0:0:1, SessionId=null], Granted Authorities=[ROLE_ANONYMOUS]] to authentication entry point since access is denied

org.springframework.security.access.AccessDeniedException: Access Denied
	at org.springframework.security.web.access.intercept.AuthorizationFilter.doFilter(AuthorizationFilter.java:98) ~[spring-security-web-6.3.3.jar:6.3.3]
	at org.springframework.security.web.ObservationFilterChainDecorator$ObservationFilter.wrapFilter(ObservationFilterChainDecorator.java:240) ~[spring-security-web-6.3.3.jar:6.3.3]
	at org.springframework.security.web.ObservationFilterChainDecorator$ObservationFilter.doFilter(ObservationFilterChainDecorator.java:227) ~[spring-security-web-6.3.3.jar:6.3.3]
	at org.springframework.security.web.ObservationFilterChainDecorator$VirtualFilterChain.doFilter(ObservationFilterChainDecorator.java:137) ~[spring-security-web-6.3.3.jar:6.3.3]
	at org.springframework.security.web.access.ExceptionTranslationFilter.doFilter(ExceptionTranslationFilter.java:126) ~[spring-security-web-6.3.3.jar:6.3.3]
	at org.springframework.security.web.access.ExceptionTranslationFilter.doFilter(ExceptionTranslationFilter.java:120) ~[spring-security-web-6.3.3.jar:6.3.3]
	at org.springframework.security.web.ObservationFilterChainDecorator$ObservationFilter.wrapFilter(ObservationFilterChainDecorator.java:240) ~[spring-security-web-6.3.3.jar:6.3.3]
	at org.springframework.security.web.ObservationFilterChainDecorator$ObservationFilter.doFilter(ObservationFilterChainDecorator.java:227) ~[spring-security-web-6.3.3.jar:6.3.3]
	at org.springframework.security.web.ObservationFilterChainDecorator$VirtualFilterChain.doFilter(ObservationFilterChainDecorator.java:137) ~[spring-security-web-6.3.3.jar:6.3.3]
	at org.springframework.security.web.authentication.AnonymousAuthenticationFilter.doFilter(AnonymousAuthenticationFilter.java:100) ~[spring-security-web-6.3.3.jar:6.3.3]
	at org.springframework.security.web.ObservationFilterChainDecorator$ObservationFilter.wrapFilter(ObservationFilterChainDecorator.java:240) ~[spring-security-web-6.3.3.jar:6.3.3]
	at org.springframework.security.web.ObservationFilterChainDecorator$ObservationFilter.doFilter(ObservationFilterChainDecorator.java:227) ~[spring-security-web-6.3.3.jar:6.3.3]
	at org.springframework.security.web.ObservationFilterChainDecorator$VirtualFilterChain.doFilter(ObservationFilterChainDecorator.java:137) ~[spring-security-web-6.3.3.jar:6.3.3]
	at org.springframework.security.web.servletapi.SecurityContextHolderAwareRequestFilter.doFilter(SecurityContextHolderAwareRequestFilter.java:179) ~[spring-security-web-6.3.3.jar:6.3.3]
	at org.springframework.security.web.ObservationFilterChainDecorator$ObservationFilter.wrapFilter(ObservationFilterChainDecorator.java:240) ~[spring-security-web-6.3.3.jar:6.3.3]
	at org.springframework.security.web.ObservationFilterChainDecorator$ObservationFilter.doFilter(ObservationFilterChainDecorator.java:227) ~[spring-security-web-6.3.3.jar:6.3.3]
	at org.springframework.security.web.ObservationFilterChainDecorator$VirtualFilterChain.doFilter(ObservationFilterChainDecorator.java:137) ~[spring-security-web-6.3.3.jar:6.3.3]
	at org.springframework.security.web.savedrequest.RequestCacheAwareFilter.doFilter(RequestCacheAwareFilter.java:63) ~[spring-security-web-6.3.3.jar:6.3.3]
	at org.springframework.security.web.ObservationFilterChainDecorator$ObservationFilter.wrapFilter(ObservationFilterChainDecorator.java:240) ~[spring-security-web-6.3.3.jar:6.3.3]
	at org.springframework.security.web.ObservationFilterChainDecorator$ObservationFilter.doFilter(ObservationFilterChainDecorator.java:227) ~[spring-security-web-6.3.3.jar:6.3.3]
	at org.springframework.security.web.ObservationFilterChainDecorator$VirtualFilterChain.doFilter(ObservationFilterChainDecorator.java:137) ~[spring-security-web-6.3.3.jar:6.3.3]
	at com.github.iuryrayam.libraryapi.security.JwtCustomAuthenticationFilter.doFilterInternal(JwtCustomAuthenticationFilter.java:42) ~[classes/:na]
	at org.springframework.web.filter.OncePerRequestFilter.doFilter(OncePerRequestFilter.java:116) ~[spring-web-6.1.13.jar:6.1.13]
	at org.springframework.security.web.ObservationFilterChainDecorator$ObservationFilter.wrapFilter(ObservationFilterChainDecorator.java:240) ~[spring-security-web-6.3.3.jar:6.3.3]
	at org.springframework.security.web.ObservationFilterChainDecorator$ObservationFilter.doFilter(ObservationFilterChainDecorator.java:227) ~[spring-security-web-6.3.3.jar:6.3.3]
	at org.springframework.security.web.ObservationFilterChainDecorator$VirtualFilterChain.doFilter(ObservationFilterChainDecorator.java:137) ~[spring-security-web-6.3.3.jar:6.3.3]
	at org.springframework.security.oauth2.server.resource.web.authentication.BearerTokenAuthenticationFilter.doFilterInternal(BearerTokenAuthenticationFilter.java:128) ~[spring-security-oauth2-resource-server-6.3.3.jar:6.3.3]
	at org.springframework.web.filter.OncePerRequestFilter.doFilter(OncePerRequestFilter.java:116) ~[spring-web-6.1.13.jar:6.1.13]
	at org.springframework.security.web.ObservationFilterChainDecorator$ObservationFilter.wrapFilter(ObservationFilterChainDecorator.java:240) ~[spring-security-web-6.3.3.jar:6.3.3]
	at org.springframework.security.web.ObservationFilterChainDecorator$ObservationFilter.doFilter(ObservationFilterChainDecorator.java:227) ~[spring-security-web-6.3.3.jar:6.3.3]
	at org.springframework.security.web.ObservationFilterChainDecorator$VirtualFilterChain.doFilter(ObservationFilterChainDecorator.java:137) ~[spring-security-web-6.3.3.jar:6.3.3]
	at org.springframework.security.web.authentication.AbstractAuthenticationProcessingFilter.doFilter(AbstractAuthenticationProcessingFilter.java:227) ~[spring-security-web-6.3.3.jar:6.3.3]
	at org.springframework.security.web.authentication.AbstractAuthenticationProcessingFilter.doFilter(AbstractAuthenticationProcessingFilter.java:221) ~[spring-security-web-6.3.3.jar:6.3.3]
	at org.springframework.security.web.ObservationFilterChainDecorator$ObservationFilter.wrapFilter(ObservationFilterChainDecorator.java:240) ~[spring-security-web-6.3.3.jar:6.3.3]
	at org.springframework.security.web.ObservationFilterChainDecorator$ObservationFilter.doFilter(ObservationFilterChainDecorator.java:227) ~[spring-security-web-6.3.3.jar:6.3.3]
	at org.springframework.security.web.ObservationFilterChainDecorator$VirtualFilterChain.doFilter(ObservationFilterChainDecorator.java:137) ~[spring-security-web-6.3.3.jar:6.3.3]
	at org.springframework.security.web.authentication.AbstractAuthenticationProcessingFilter.doFilter(AbstractAuthenticationProcessingFilter.java:227) ~[spring-security-web-6.3.3.jar:6.3.3]
	at org.springframework.security.web.authentication.AbstractAuthenticationProcessingFilter.doFilter(AbstractAuthenticationProcessingFilter.java:221) ~[spring-security-web-6.3.3.jar:6.3.3]
	at org.springframework.security.web.ObservationFilterChainDecorator$ObservationFilter.wrapFilter(ObservationFilterChainDecorator.java:240) ~[spring-security-web-6.3.3.jar:6.3.3]
	at org.springframework.security.web.ObservationFilterChainDecorator$ObservationFilter.doFilter(ObservationFilterChainDecorator.java:227) ~[spring-security-web-6.3.3.jar:6.3.3]
	at org.springframework.security.web.ObservationFilterChainDecorator$VirtualFilterChain.doFilter(ObservationFilterChainDecorator.java:137) ~[spring-security-web-6.3.3.jar:6.3.3]
	at org.springframework.security.oauth2.client.web.OAuth2AuthorizationRequestRedirectFilter.doFilterInternal(OAuth2AuthorizationRequestRedirectFilter.java:198) ~[spring-security-oauth2-client-6.3.3.jar:6.3.3]
	at org.springframework.web.filter.OncePerRequestFilter.doFilter(OncePerRequestFilter.java:116) ~[spring-web-6.1.13.jar:6.1.13]
	at org.springframework.security.web.ObservationFilterChainDecorator$ObservationFilter.wrapFilter(ObservationFilterChainDecorator.java:240) ~[spring-security-web-6.3.3.jar:6.3.3]
	at org.springframework.security.web.ObservationFilterChainDecorator$ObservationFilter.doFilter(ObservationFilterChainDecorator.java:227) ~[spring-security-web-6.3.3.jar:6.3.3]
	at org.springframework.security.web.ObservationFilterChainDecorator$VirtualFilterChain.doFilter(ObservationFilterChainDecorator.java:137) ~[spring-security-web-6.3.3.jar:6.3.3]
	at org.springframework.security.web.authentication.logout.LogoutFilter.doFilter(LogoutFilter.java:107) ~[spring-security-web-6.3.3.jar:6.3.3]
	at org.springframework.security.web.authentication.logout.LogoutFilter.doFilter(LogoutFilter.java:93) ~[spring-security-web-6.3.3.jar:6.3.3]
	at org.springframework.security.web.ObservationFilterChainDecorator$ObservationFilter.wrapFilter(ObservationFilterChainDecorator.java:240) ~[spring-security-web-6.3.3.jar:6.3.3]
	at org.springframework.security.web.ObservationFilterChainDecorator$ObservationFilter.doFilter(ObservationFilterChainDecorator.java:227) ~[spring-security-web-6.3.3.jar:6.3.3]
	at org.springframework.security.web.ObservationFilterChainDecorator$VirtualFilterChain.doFilter(ObservationFilterChainDecorator.java:137) ~[spring-security-web-6.3.3.jar:6.3.3]
	at org.springframework.security.web.header.HeaderWriterFilter.doHeadersAfter(HeaderWriterFilter.java:90) ~[spring-security-web-6.3.3.jar:6.3.3]
	at org.springframework.security.web.header.HeaderWriterFilter.doFilterInternal(HeaderWriterFilter.java:75) ~[spring-security-web-6.3.3.jar:6.3.3]
	at org.springframework.web.filter.OncePerRequestFilter.doFilter(OncePerRequestFilter.java:116) ~[spring-web-6.1.13.jar:6.1.13]
	at org.springframework.security.web.ObservationFilterChainDecorator$ObservationFilter.wrapFilter(ObservationFilterChainDecorator.java:240) ~[spring-security-web-6.3.3.jar:6.3.3]
	at org.springframework.security.web.ObservationFilterChainDecorator$ObservationFilter.doFilter(ObservationFilterChainDecorator.java:227) ~[spring-security-web-6.3.3.jar:6.3.3]
	at org.springframework.security.web.ObservationFilterChainDecorator$VirtualFilterChain.doFilter(ObservationFilterChainDecorator.java:137) ~[spring-security-web-6.3.3.jar:6.3.3]
	at org.springframework.security.web.context.SecurityContextHolderFilter.doFilter(SecurityContextHolderFilter.java:82) ~[spring-security-web-6.3.3.jar:6.3.3]
	at org.springframework.security.web.context.SecurityContextHolderFilter.doFilter(SecurityContextHolderFilter.java:69) ~[spring-security-web-6.3.3.jar:6.3.3]
	at org.springframework.security.web.ObservationFilterChainDecorator$ObservationFilter.wrapFilter(ObservationFilterChainDecorator.java:240) ~[spring-security-web-6.3.3.jar:6.3.3]
	at org.springframework.security.web.ObservationFilterChainDecorator$ObservationFilter.doFilter(ObservationFilterChainDecorator.java:227) ~[spring-security-web-6.3.3.jar:6.3.3]
	at org.springframework.security.web.ObservationFilterChainDecorator$VirtualFilterChain.doFilter(ObservationFilterChainDecorator.java:137) ~[spring-security-web-6.3.3.jar:6.3.3]
	at org.springframework.security.web.context.request.async.WebAsyncManagerIntegrationFilter.doFilterInternal(WebAsyncManagerIntegrationFilter.java:62) ~[spring-security-web-6.3.3.jar:6.3.3]
	at org.springframework.web.filter.OncePerRequestFilter.doFilter(OncePerRequestFilter.java:116) ~[spring-web-6.1.13.jar:6.1.13]
	at org.springframework.security.web.ObservationFilterChainDecorator$ObservationFilter.wrapFilter(ObservationFilterChainDecorator.java:240) ~[spring-security-web-6.3.3.jar:6.3.3]
	at org.springframework.security.web.ObservationFilterChainDecorator$ObservationFilter.doFilter(ObservationFilterChainDecorator.java:227) ~[spring-security-web-6.3.3.jar:6.3.3]
	at org.springframework.security.web.ObservationFilterChainDecorator$VirtualFilterChain.doFilter(ObservationFilterChainDecorator.java:137) ~[spring-security-web-6.3.3.jar:6.3.3]
	at org.springframework.security.web.session.DisableEncodeUrlFilter.doFilterInternal(DisableEncodeUrlFilter.java:42) ~[spring-security-web-6.3.3.jar:6.3.3]
	at org.springframework.web.filter.OncePerRequestFilter.doFilter(OncePerRequestFilter.java:116) ~[spring-web-6.1.13.jar:6.1.13]
	at org.springframework.security.web.ObservationFilterChainDecorator$ObservationFilter.wrapFilter(ObservationFilterChainDecorator.java:240) ~[spring-security-web-6.3.3.jar:6.3.3]
	at org.springframework.security.web.ObservationFilterChainDecorator$AroundFilterObservation$SimpleAroundFilterObservation.lambda$wrap$0(ObservationFilterChainDecorator.java:323) ~[spring-security-web-6.3.3.jar:6.3.3]
	at org.springframework.security.web.ObservationFilterChainDecorator$ObservationFilter.doFilter(ObservationFilterChainDecorator.java:224) ~[spring-security-web-6.3.3.jar:6.3.3]
	at org.springframework.security.web.ObservationFilterChainDecorator$VirtualFilterChain.doFilter(ObservationFilterChainDecorator.java:137) ~[spring-security-web-6.3.3.jar:6.3.3]
	at org.springframework.security.web.FilterChainProxy.doFilterInternal(FilterChainProxy.java:233) ~[spring-security-web-6.3.3.jar:6.3.3]
	at org.springframework.security.web.FilterChainProxy.doFilter(FilterChainProxy.java:191) ~[spring-security-web-6.3.3.jar:6.3.3]
	at org.springframework.web.filter.CompositeFilter$VirtualFilterChain.doFilter(CompositeFilter.java:113) ~[spring-web-6.1.13.jar:6.1.13]
	at org.springframework.web.servlet.handler.HandlerMappingIntrospector.lambda$createCacheFilter$3(HandlerMappingIntrospector.java:195) ~[spring-webmvc-6.1.13.jar:6.1.13]
	at org.springframework.web.filter.CompositeFilter$VirtualFilterChain.doFilter(CompositeFilter.java:113) ~[spring-web-6.1.13.jar:6.1.13]
	at org.springframework.web.filter.CompositeFilter.doFilter(CompositeFilter.java:74) ~[spring-web-6.1.13.jar:6.1.13]
	at org.springframework.security.config.annotation.web.configuration.WebMvcSecurityConfiguration$CompositeFilterChainProxy.doFilter(WebMvcSecurityConfiguration.java:230) ~[spring-security-config-6.3.3.jar:6.3.3]
	at org.springframework.web.filter.DelegatingFilterProxy.invokeDelegate(DelegatingFilterProxy.java:352) ~[spring-web-6.1.13.jar:6.1.13]
	at org.springframework.web.filter.DelegatingFilterProxy.doFilter(DelegatingFilterProxy.java:268) ~[spring-web-6.1.13.jar:6.1.13]
	at org.apache.catalina.core.ApplicationFilterChain.internalDoFilter(ApplicationFilterChain.java:164) ~[tomcat-embed-core-10.1.30.jar:10.1.30]
	at org.apache.catalina.core.ApplicationFilterChain.doFilter(ApplicationFilterChain.java:140) ~[tomcat-embed-core-10.1.30.jar:10.1.30]
	at org.springframework.web.filter.ServerHttpObservationFilter.doFilterInternal(ServerHttpObservationFilter.java:113) ~[spring-web-6.1.13.jar:6.1.13]
	at org.springframework.web.filter.OncePerRequestFilter.doFilter(OncePerRequestFilter.java:116) ~[spring-web-6.1.13.jar:6.1.13]
	at org.apache.catalina.core.ApplicationFilterChain.internalDoFilter(ApplicationFilterChain.java:164) ~[tomcat-embed-core-10.1.30.jar:10.1.30]
	at org.apache.catalina.core.ApplicationFilterChain.doFilter(ApplicationFilterChain.java:140) ~[tomcat-embed-core-10.1.30.jar:10.1.30]
	at org.springframework.web.filter.CharacterEncodingFilter.doFilterInternal(CharacterEncodingFilter.java:201) ~[spring-web-6.1.13.jar:6.1.13]
	at org.springframework.web.filter.OncePerRequestFilter.doFilter(OncePerRequestFilter.java:116) ~[spring-web-6.1.13.jar:6.1.13]
	at org.apache.catalina.core.ApplicationFilterChain.internalDoFilter(ApplicationFilterChain.java:164) ~[tomcat-embed-core-10.1.30.jar:10.1.30]
	at org.apache.catalina.core.ApplicationFilterChain.doFilter(ApplicationFilterChain.java:140) ~[tomcat-embed-core-10.1.30.jar:10.1.30]
	at org.apache.catalina.core.StandardWrapperValve.invoke(StandardWrapperValve.java:167) ~[tomcat-embed-core-10.1.30.jar:10.1.30]
	at org.apache.catalina.core.StandardContextValve.invoke(StandardContextValve.java:90) ~[tomcat-embed-core-10.1.30.jar:10.1.30]
	at org.apache.catalina.authenticator.AuthenticatorBase.invoke(AuthenticatorBase.java:483) ~[tomcat-embed-core-10.1.30.jar:10.1.30]
	at org.apache.catalina.core.StandardHostValve.invoke(StandardHostValve.java:115) ~[tomcat-embed-core-10.1.30.jar:10.1.30]
	at org.apache.catalina.valves.ErrorReportValve.invoke(ErrorReportValve.java:93) ~[tomcat-embed-core-10.1.30.jar:10.1.30]
	at org.apache.catalina.core.StandardEngineValve.invoke(StandardEngineValve.java:74) ~[tomcat-embed-core-10.1.30.jar:10.1.30]
	at org.apache.catalina.connector.CoyoteAdapter.service(CoyoteAdapter.java:344) ~[tomcat-embed-core-10.1.30.jar:10.1.30]
	at org.apache.coyote.http11.Http11Processor.service(Http11Processor.java:384) ~[tomcat-embed-core-10.1.30.jar:10.1.30]
	at org.apache.coyote.AbstractProcessorLight.process(AbstractProcessorLight.java:63) ~[tomcat-embed-core-10.1.30.jar:10.1.30]
	at org.apache.coyote.AbstractProtocol$ConnectionHandler.process(AbstractProtocol.java:905) ~[tomcat-embed-core-10.1.30.jar:10.1.30]
	at org.apache.tomcat.util.net.NioEndpoint$SocketProcessor.doRun(NioEndpoint.java:1741) ~[tomcat-embed-core-10.1.30.jar:10.1.30]
	at org.apache.tomcat.util.net.SocketProcessorBase.run(SocketProcessorBase.java:52) ~[tomcat-embed-core-10.1.30.jar:10.1.30]
	at org.apache.tomcat.util.threads.ThreadPoolExecutor.runWorker(ThreadPoolExecutor.java:1190) ~[tomcat-embed-core-10.1.30.jar:10.1.30]
	at org.apache.tomcat.util.threads.ThreadPoolExecutor$Worker.run(ThreadPoolExecutor.java:659) ~[tomcat-embed-core-10.1.30.jar:10.1.30]
	at org.apache.tomcat.util.threads.TaskThread$WrappingRunnable.run(TaskThread.java:63) ~[tomcat-embed-core-10.1.30.jar:10.1.30]
	at java.base/java.lang.Thread.run(Thread.java:1583) ~[na:na]

2026-06-05T12:39:38.084-03:00 TRACE 19284 --- [libraryapi] [http-nio-8080-exec-7] o.s.s.w.s.HttpSessionRequestCache        : Did not save request since it did not match [And [Not [Ant [pattern='/**/favicon.*']], Not [MediaTypeRequestMatcher [contentNegotiationStrategy=org.springframework.web.accept.ContentNegotiationManager@3f693a39, matchingMediaTypes=[application/json], useEquals=false, ignoredMediaTypes=[*/*]]], Not [RequestHeaderRequestMatcher [expectedHeaderName=X-Requested-With, expectedHeaderValue=XMLHttpRequest]], Not [MediaTypeRequestMatcher [contentNegotiationStrategy=org.springframework.web.accept.ContentNegotiationManager@3f693a39, matchingMediaTypes=[multipart/form-data], useEquals=false, ignoredMediaTypes=[*/*]]], Not [MediaTypeRequestMatcher [contentNegotiationStrategy=org.springframework.web.accept.ContentNegotiationManager@3f693a39, matchingMediaTypes=[text/event-stream], useEquals=false, ignoredMediaTypes=[*/*]]]]]
2026-06-05T12:39:38.085-03:00 DEBUG 19284 --- [libraryapi] [http-nio-8080-exec-7] s.w.a.DelegatingAuthenticationEntryPoint : Trying to match using And [Not [RequestHeaderRequestMatcher [expectedHeaderName=X-Requested-With, expectedHeaderValue=XMLHttpRequest]], MediaTypeRequestMatcher [contentNegotiationStrategy=org.springframework.web.accept.ContentNegotiationManager@3f693a39, matchingMediaTypes=[application/xhtml+xml, image/*, text/html, text/plain], useEquals=false, ignoredMediaTypes=[*/*]]]
2026-06-05T12:39:38.086-03:00 DEBUG 19284 --- [libraryapi] [http-nio-8080-exec-7] s.w.a.DelegatingAuthenticationEntryPoint : Match found! Executing org.springframework.security.web.authentication.LoginUrlAuthenticationEntryPoint@47651c28
2026-06-05T12:39:38.088-03:00 DEBUG 19284 --- [libraryapi] [http-nio-8080-exec-7] o.s.s.web.DefaultRedirectStrategy        : Redirecting to http://localhost:8080/login
2026-06-05T12:39:38.088-03:00 TRACE 19284 --- [libraryapi] [http-nio-8080-exec-7] o.s.s.w.header.writers.HstsHeaderWriter  : Not injecting HSTS header since it did not match request to [Is Secure]
2026-06-05T12:39:38.098-03:00 TRACE 19284 --- [libraryapi] [http-nio-8080-exec-10] o.s.security.web.FilterChainProxy        : Trying to match request against DefaultSecurityFilterChain [RequestMatcher=Deferred [Mvc [pattern='/v2/api-docs/**'], Ant [pattern='/v2/api-docs/**']], Filters=[]] (1/9)
2026-06-05T12:39:38.100-03:00 TRACE 19284 --- [libraryapi] [http-nio-8080-exec-10] o.s.security.web.FilterChainProxy        : Trying to match request against DefaultSecurityFilterChain [RequestMatcher=Deferred [Mvc [pattern='v3/api-docs/**'], Ant [pattern='v3/api-docs/**']], Filters=[]] (2/9)
2026-06-05T12:39:38.101-03:00 TRACE 19284 --- [libraryapi] [http-nio-8080-exec-10] o.s.security.web.FilterChainProxy        : Trying to match request against DefaultSecurityFilterChain [RequestMatcher=Deferred [Mvc [pattern='/swagger-resource/**'], Ant [pattern='/swagger-resource/**']], Filters=[]] (3/9)
2026-06-05T12:39:38.102-03:00 TRACE 19284 --- [libraryapi] [http-nio-8080-exec-10] o.s.security.web.FilterChainProxy        : Trying to match request against DefaultSecurityFilterChain [RequestMatcher=Deferred [Mvc [pattern='/swagger-ui.html'], Ant [pattern='/swagger-ui.html']], Filters=[]] (4/9)
2026-06-05T12:39:38.102-03:00 TRACE 19284 --- [libraryapi] [http-nio-8080-exec-10] o.s.security.web.FilterChainProxy        : Trying to match request against DefaultSecurityFilterChain [RequestMatcher=Deferred [Mvc [pattern='/swagger-ui/**'], Ant [pattern='/swagger-ui/**']], Filters=[]] (5/9)
2026-06-05T12:39:38.102-03:00 TRACE 19284 --- [libraryapi] [http-nio-8080-exec-10] o.s.security.web.FilterChainProxy        : Trying to match request against DefaultSecurityFilterChain [RequestMatcher=Deferred [Mvc [pattern='/webjars/**'], Ant [pattern='/webjars/**']], Filters=[]] (6/9)
2026-06-05T12:39:38.103-03:00 TRACE 19284 --- [libraryapi] [http-nio-8080-exec-10] o.s.security.web.FilterChainProxy        : Trying to match request against DefaultSecurityFilterChain [RequestMatcher=Deferred [Mvc [pattern='/actuator/**'], Ant [pattern='/actuator/**']], Filters=[]] (7/9)
2026-06-05T12:39:38.103-03:00 TRACE 19284 --- [libraryapi] [http-nio-8080-exec-10] o.s.security.web.FilterChainProxy        : Trying to match request against DefaultSecurityFilterChain [RequestMatcher=org.springframework.security.oauth2.server.authorization.config.annotation.web.configurers.OAuth2AuthorizationServerConfigurer$$Lambda/0x0000022d5aaec390@1199ac5, Filters=[org.springframework.security.web.session.DisableEncodeUrlFilter@62c2eca2, org.springframework.security.web.context.request.async.WebAsyncManagerIntegrationFilter@5fdbb8c0, org.springframework.security.web.context.SecurityContextHolderFilter@6707ab9, org.springframework.security.oauth2.server.authorization.config.annotation.web.configurers.AuthorizationServerContextFilter@6cb890ac, org.springframework.security.web.header.HeaderWriterFilter@54d8c998, org.springframework.security.web.csrf.CsrfFilter@635ad140, org.springframework.security.oauth2.server.authorization.oidc.web.OidcLogoutEndpointFilter@293918f9, org.springframework.security.web.authentication.logout.LogoutFilter@3405202c, org.springframework.security.oauth2.server.authorization.web.OAuth2AuthorizationServerMetadataEndpointFilter@229d5d14, org.springframework.security.oauth2.server.authorization.web.OAuth2AuthorizationEndpointFilter@5c8ec2f6, org.springframework.security.oauth2.server.authorization.web.OAuth2DeviceVerificationEndpointFilter@3d039fe6, org.springframework.security.oauth2.server.authorization.oidc.web.OidcProviderConfigurationEndpointFilter@77f3bb3f, org.springframework.security.oauth2.server.authorization.web.NimbusJwkSetEndpointFilter@5eab3eac, org.springframework.security.oauth2.server.authorization.web.OAuth2ClientAuthenticationFilter@5d708ef6, org.springframework.security.web.authentication.UsernamePasswordAuthenticationFilter@1e5a8278, org.springframework.security.oauth2.server.resource.web.authentication.BearerTokenAuthenticationFilter@11def039, org.springframework.security.web.savedrequest.RequestCacheAwareFilter@3862381d, org.springframework.security.web.servletapi.SecurityContextHolderAwareRequestFilter@160ecb8f, org.springframework.security.web.authentication.AnonymousAuthenticationFilter@1a8c5c20, org.springframework.security.web.access.ExceptionTranslationFilter@4aca25e8, org.springframework.security.web.access.intercept.AuthorizationFilter@5ddd3150, org.springframework.security.oauth2.server.authorization.web.OAuth2TokenEndpointFilter@281e2377, org.springframework.security.oauth2.server.authorization.web.OAuth2TokenIntrospectionEndpointFilter@61ab2bcc, org.springframework.security.oauth2.server.authorization.web.OAuth2TokenRevocationEndpointFilter@35014251, org.springframework.security.oauth2.server.authorization.web.OAuth2DeviceAuthorizationEndpointFilter@258274cb, org.springframework.security.oauth2.server.authorization.oidc.web.OidcUserInfoEndpointFilter@2a987a5d]] (8/9)
2026-06-05T12:39:38.104-03:00 TRACE 19284 --- [libraryapi] [http-nio-8080-exec-10] o.s.security.web.FilterChainProxy        : Trying to match request against DefaultSecurityFilterChain [RequestMatcher=any request, Filters=[org.springframework.security.web.session.DisableEncodeUrlFilter@e50a9a2, org.springframework.security.web.context.request.async.WebAsyncManagerIntegrationFilter@7b02f336, org.springframework.security.web.context.SecurityContextHolderFilter@4037fcc, org.springframework.security.web.header.HeaderWriterFilter@708f8545, org.springframework.security.web.authentication.logout.LogoutFilter@51406cdd, org.springframework.security.oauth2.client.web.OAuth2AuthorizationRequestRedirectFilter@4c110f87, org.springframework.security.oauth2.client.web.OAuth2LoginAuthenticationFilter@32d00eea, org.springframework.security.web.authentication.UsernamePasswordAuthenticationFilter@55fee98a, org.springframework.security.oauth2.server.resource.web.authentication.BearerTokenAuthenticationFilter@39894485, com.github.iuryrayam.libraryapi.security.JwtCustomAuthenticationFilter@7df1fc5a, org.springframework.security.web.savedrequest.RequestCacheAwareFilter@599e81bd, org.springframework.security.web.servletapi.SecurityContextHolderAwareRequestFilter@7a4729e6, org.springframework.security.web.authentication.AnonymousAuthenticationFilter@799d492e, org.springframework.security.web.access.ExceptionTranslationFilter@59606589, org.springframework.security.web.access.intercept.AuthorizationFilter@6dcf902]] (9/9)
2026-06-05T12:39:38.104-03:00 DEBUG 19284 --- [libraryapi] [http-nio-8080-exec-10] o.s.security.web.FilterChainProxy        : Securing GET /login
2026-06-05T12:39:38.104-03:00 TRACE 19284 --- [libraryapi] [http-nio-8080-exec-10] o.s.security.web.FilterChainProxy        : Invoking DisableEncodeUrlFilter (1/15)
2026-06-05T12:39:38.105-03:00 TRACE 19284 --- [libraryapi] [http-nio-8080-exec-10] o.s.security.web.FilterChainProxy        : Invoking WebAsyncManagerIntegrationFilter (2/15)
2026-06-05T12:39:38.106-03:00 TRACE 19284 --- [libraryapi] [http-nio-8080-exec-10] o.s.security.web.FilterChainProxy        : Invoking SecurityContextHolderFilter (3/15)
2026-06-05T12:39:38.106-03:00 TRACE 19284 --- [libraryapi] [http-nio-8080-exec-10] o.s.security.web.FilterChainProxy        : Invoking HeaderWriterFilter (4/15)
2026-06-05T12:39:38.106-03:00 TRACE 19284 --- [libraryapi] [http-nio-8080-exec-10] o.s.security.web.FilterChainProxy        : Invoking LogoutFilter (5/15)
2026-06-05T12:39:38.107-03:00 TRACE 19284 --- [libraryapi] [http-nio-8080-exec-10] o.s.s.w.a.logout.LogoutFilter            : Did not match request to Or [Ant [pattern='/logout', GET], Ant [pattern='/logout', POST], Ant [pattern='/logout', PUT], Ant [pattern='/logout', DELETE]]
2026-06-05T12:39:38.107-03:00 TRACE 19284 --- [libraryapi] [http-nio-8080-exec-10] o.s.security.web.FilterChainProxy        : Invoking OAuth2AuthorizationRequestRedirectFilter (6/15)
2026-06-05T12:39:38.107-03:00 TRACE 19284 --- [libraryapi] [http-nio-8080-exec-10] o.s.security.web.FilterChainProxy        : Invoking OAuth2LoginAuthenticationFilter (7/15)
2026-06-05T12:39:38.107-03:00 TRACE 19284 --- [libraryapi] [http-nio-8080-exec-10] .s.o.c.w.OAuth2LoginAuthenticationFilter : Did not match request to Ant [pattern='/login/oauth2/code/*']
2026-06-05T12:39:38.107-03:00 TRACE 19284 --- [libraryapi] [http-nio-8080-exec-10] o.s.security.web.FilterChainProxy        : Invoking UsernamePasswordAuthenticationFilter (8/15)
2026-06-05T12:39:38.108-03:00 TRACE 19284 --- [libraryapi] [http-nio-8080-exec-10] w.a.UsernamePasswordAuthenticationFilter : Did not match request to Ant [pattern='/login', POST]
2026-06-05T12:39:38.108-03:00 TRACE 19284 --- [libraryapi] [http-nio-8080-exec-10] o.s.security.web.FilterChainProxy        : Invoking BearerTokenAuthenticationFilter (9/15)
2026-06-05T12:39:38.108-03:00 TRACE 19284 --- [libraryapi] [http-nio-8080-exec-10] .s.r.w.a.BearerTokenAuthenticationFilter : Did not process request since did not find bearer token
2026-06-05T12:39:38.108-03:00 TRACE 19284 --- [libraryapi] [http-nio-8080-exec-10] o.s.security.web.FilterChainProxy        : Invoking JwtCustomAuthenticationFilter (10/15)
2026-06-05T12:39:38.109-03:00 TRACE 19284 --- [libraryapi] [http-nio-8080-exec-10] w.c.HttpSessionSecurityContextRepository : No HttpSession currently exists
2026-06-05T12:39:38.109-03:00 TRACE 19284 --- [libraryapi] [http-nio-8080-exec-10] .s.s.w.c.SupplierDeferredSecurityContext : Created SecurityContextImpl [Null authentication]
2026-06-05T12:39:38.109-03:00 TRACE 19284 --- [libraryapi] [http-nio-8080-exec-10] .s.s.w.c.SupplierDeferredSecurityContext : Created SecurityContextImpl [Null authentication]
2026-06-05T12:39:38.110-03:00 TRACE 19284 --- [libraryapi] [http-nio-8080-exec-10] o.s.security.web.FilterChainProxy        : Invoking RequestCacheAwareFilter (11/15)
2026-06-05T12:39:38.110-03:00 TRACE 19284 --- [libraryapi] [http-nio-8080-exec-10] o.s.s.w.s.HttpSessionRequestCache        : matchingRequestParameterName is required for getMatchingRequest to lookup a value, but not provided
2026-06-05T12:39:38.110-03:00 TRACE 19284 --- [libraryapi] [http-nio-8080-exec-10] o.s.security.web.FilterChainProxy        : Invoking SecurityContextHolderAwareRequestFilter (12/15)
2026-06-05T12:39:38.110-03:00 TRACE 19284 --- [libraryapi] [http-nio-8080-exec-10] o.s.security.web.FilterChainProxy        : Invoking AnonymousAuthenticationFilter (13/15)
2026-06-05T12:39:38.110-03:00 TRACE 19284 --- [libraryapi] [http-nio-8080-exec-10] o.s.security.web.FilterChainProxy        : Invoking ExceptionTranslationFilter (14/15)
2026-06-05T12:39:38.111-03:00 TRACE 19284 --- [libraryapi] [http-nio-8080-exec-10] o.s.security.web.FilterChainProxy        : Invoking AuthorizationFilter (15/15)
2026-06-05T12:39:38.111-03:00 TRACE 19284 --- [libraryapi] [http-nio-8080-exec-10] estMatcherDelegatingAuthorizationManager : Authorizing GET /login
2026-06-05T12:39:38.111-03:00 TRACE 19284 --- [libraryapi] [http-nio-8080-exec-10] estMatcherDelegatingAuthorizationManager : Checking authorization on GET /login using org.springframework.security.config.annotation.web.configurers.AuthorizeHttpRequestsConfigurer$$Lambda/0x0000022d5aaec9c8@5b4b07a2
2026-06-05T12:39:38.113-03:00 DEBUG 19284 --- [libraryapi] [http-nio-8080-exec-10] o.s.security.web.FilterChainProxy        : Secured GET /login
2026-06-05T12:39:38.114-03:00 DEBUG 19284 --- [libraryapi] [http-nio-8080-exec-10] o.s.web.servlet.DispatcherServlet        : GET "/login", parameters={}
2026-06-05T12:39:38.115-03:00 DEBUG 19284 --- [libraryapi] [http-nio-8080-exec-10] o.s.w.s.handler.SimpleUrlHandlerMapping  : Mapped to ParameterizableViewController [view="login"]
2026-06-05T12:39:38.664-03:00 TRACE 19284 --- [libraryapi] [http-nio-8080-exec-10] o.s.s.w.header.writers.HstsHeaderWriter  : Not injecting HSTS header since it did not match request to [Is Secure]
2026-06-05T12:39:38.666-03:00 DEBUG 19284 --- [libraryapi] [http-nio-8080-exec-10] o.s.web.servlet.DispatcherServlet        : Completed 200 OK
2026-06-05T12:39:38.666-03:00 TRACE 19284 --- [libraryapi] [http-nio-8080-exec-10] o.s.s.w.a.AnonymousAuthenticationFilter  : Set SecurityContextHolder to AnonymousAuthenticationToken [Principal=anonymousUser, Credentials=[PROTECTED], Authenticated=true, Details=WebAuthenticationDetails [RemoteIpAddress=0:0:0:0:0:0:0:1, SessionId=null], Granted Authorities=[ROLE_ANONYMOUS]]
2026-06-05T12:39:59.592-03:00 TRACE 19284 --- [libraryapi] [http-nio-8080-exec-4] o.s.security.web.FilterChainProxy        : Trying to match request against DefaultSecurityFilterChain [RequestMatcher=Deferred [Mvc [pattern='/v2/api-docs/**'], Ant [pattern='/v2/api-docs/**']], Filters=[]] (1/9)
2026-06-05T12:39:59.592-03:00 TRACE 19284 --- [libraryapi] [http-nio-8080-exec-4] o.s.security.web.FilterChainProxy        : Trying to match request against DefaultSecurityFilterChain [RequestMatcher=Deferred [Mvc [pattern='v3/api-docs/**'], Ant [pattern='v3/api-docs/**']], Filters=[]] (2/9)
2026-06-05T12:39:59.593-03:00 TRACE 19284 --- [libraryapi] [http-nio-8080-exec-4] o.s.security.web.FilterChainProxy        : Trying to match request against DefaultSecurityFilterChain [RequestMatcher=Deferred [Mvc [pattern='/swagger-resource/**'], Ant [pattern='/swagger-resource/**']], Filters=[]] (3/9)
2026-06-05T12:39:59.593-03:00 TRACE 19284 --- [libraryapi] [http-nio-8080-exec-4] o.s.security.web.FilterChainProxy        : Trying to match request against DefaultSecurityFilterChain [RequestMatcher=Deferred [Mvc [pattern='/swagger-ui.html'], Ant [pattern='/swagger-ui.html']], Filters=[]] (4/9)
2026-06-05T12:39:59.594-03:00 TRACE 19284 --- [libraryapi] [http-nio-8080-exec-4] o.s.security.web.FilterChainProxy        : Trying to match request against DefaultSecurityFilterChain [RequestMatcher=Deferred [Mvc [pattern='/swagger-ui/**'], Ant [pattern='/swagger-ui/**']], Filters=[]] (5/9)
2026-06-05T12:39:59.594-03:00 TRACE 19284 --- [libraryapi] [http-nio-8080-exec-4] o.s.security.web.FilterChainProxy        : Trying to match request against DefaultSecurityFilterChain [RequestMatcher=Deferred [Mvc [pattern='/webjars/**'], Ant [pattern='/webjars/**']], Filters=[]] (6/9)
2026-06-05T12:39:59.595-03:00 TRACE 19284 --- [libraryapi] [http-nio-8080-exec-4] o.s.security.web.FilterChainProxy        : Trying to match request against DefaultSecurityFilterChain [RequestMatcher=Deferred [Mvc [pattern='/actuator/**'], Ant [pattern='/actuator/**']], Filters=[]] (7/9)
2026-06-05T12:39:59.595-03:00 TRACE 19284 --- [libraryapi] [http-nio-8080-exec-4] o.s.security.web.FilterChainProxy        : No security for GET /actuator/health
2026-06-05T12:39:59.596-03:00 DEBUG 19284 --- [libraryapi] [http-nio-8080-exec-4] o.s.web.servlet.DispatcherServlet        : GET "/actuator/health", parameters={}
2026-06-05T12:39:59.605-03:00 DEBUG 19284 --- [libraryapi] [http-nio-8080-exec-4] m.m.a.RequestResponseBodyMethodProcessor : Read "application/octet-stream" to []
2026-06-05T12:39:59.690-03:00 DEBUG 19284 --- [libraryapi] [http-nio-8080-exec-4] o.s.w.s.m.m.a.HttpEntityMethodProcessor  : Using 'application/vnd.spring-boot.actuator.v3+json;q=0.8', given [text/html, application/xhtml+xml, image/avif, image/webp, image/apng, application/xml;q=0.9, */*;q=0.8, application/signed-exchange;v=b3;q=0.7] and supported [application/vnd.spring-boot.actuator.v3+json, application/vnd.spring-boot.actuator.v2+json, application/json]
2026-06-05T12:39:59.710-03:00 DEBUG 19284 --- [libraryapi] [http-nio-8080-exec-4] o.s.w.s.m.m.a.HttpEntityMethodProcessor  : Writing [org.springframework.boot.actuate.health.SystemHealth@7fcba4a8]
2026-06-05T12:39:59.716-03:00 DEBUG 19284 --- [libraryapi] [http-nio-8080-exec-4] o.s.web.servlet.DispatcherServlet        : Completed 200 OK
2026-06-05T12:39:59.738-03:00 TRACE 19284 --- [libraryapi] [http-nio-8080-exec-5] o.s.security.web.FilterChainProxy        : Trying to match request against DefaultSecurityFilterChain [RequestMatcher=Deferred [Mvc [pattern='/v2/api-docs/**'], Ant [pattern='/v2/api-docs/**']], Filters=[]] (1/9)
2026-06-05T12:39:59.739-03:00 TRACE 19284 --- [libraryapi] [http-nio-8080-exec-5] o.s.security.web.FilterChainProxy        : Trying to match request against DefaultSecurityFilterChain [RequestMatcher=Deferred [Mvc [pattern='v3/api-docs/**'], Ant [pattern='v3/api-docs/**']], Filters=[]] (2/9)
2026-06-05T12:39:59.739-03:00 TRACE 19284 --- [libraryapi] [http-nio-8080-exec-5] o.s.security.web.FilterChainProxy        : Trying to match request against DefaultSecurityFilterChain [RequestMatcher=Deferred [Mvc [pattern='/swagger-resource/**'], Ant [pattern='/swagger-resource/**']], Filters=[]] (3/9)
2026-06-05T12:39:59.740-03:00 TRACE 19284 --- [libraryapi] [http-nio-8080-exec-5] o.s.security.web.FilterChainProxy        : Trying to match request against DefaultSecurityFilterChain [RequestMatcher=Deferred [Mvc [pattern='/swagger-ui.html'], Ant [pattern='/swagger-ui.html']], Filters=[]] (4/9)
2026-06-05T12:39:59.740-03:00 TRACE 19284 --- [libraryapi] [http-nio-8080-exec-5] o.s.security.web.FilterChainProxy        : Trying to match request against DefaultSecurityFilterChain [RequestMatcher=Deferred [Mvc [pattern='/swagger-ui/**'], Ant [pattern='/swagger-ui/**']], Filters=[]] (5/9)
2026-06-05T12:39:59.741-03:00 TRACE 19284 --- [libraryapi] [http-nio-8080-exec-5] o.s.security.web.FilterChainProxy        : Trying to match request against DefaultSecurityFilterChain [RequestMatcher=Deferred [Mvc [pattern='/webjars/**'], Ant [pattern='/webjars/**']], Filters=[]] (6/9)
2026-06-05T12:39:59.741-03:00 TRACE 19284 --- [libraryapi] [http-nio-8080-exec-5] o.s.security.web.FilterChainProxy        : Trying to match request against DefaultSecurityFilterChain [RequestMatcher=Deferred [Mvc [pattern='/actuator/**'], Ant [pattern='/actuator/**']], Filters=[]] (7/9)
2026-06-05T12:39:59.742-03:00 TRACE 19284 --- [libraryapi] [http-nio-8080-exec-5] o.s.security.web.FilterChainProxy        : Trying to match request against DefaultSecurityFilterChain [RequestMatcher=org.springframework.security.oauth2.server.authorization.config.annotation.web.configurers.OAuth2AuthorizationServerConfigurer$$Lambda/0x0000022d5aaec390@1199ac5, Filters=[org.springframework.security.web.session.DisableEncodeUrlFilter@62c2eca2, org.springframework.security.web.context.request.async.WebAsyncManagerIntegrationFilter@5fdbb8c0, org.springframework.security.web.context.SecurityContextHolderFilter@6707ab9, org.springframework.security.oauth2.server.authorization.config.annotation.web.configurers.AuthorizationServerContextFilter@6cb890ac, org.springframework.security.web.header.HeaderWriterFilter@54d8c998, org.springframework.security.web.csrf.CsrfFilter@635ad140, org.springframework.security.oauth2.server.authorization.oidc.web.OidcLogoutEndpointFilter@293918f9, org.springframework.security.web.authentication.logout.LogoutFilter@3405202c, org.springframework.security.oauth2.server.authorization.web.OAuth2AuthorizationServerMetadataEndpointFilter@229d5d14, org.springframework.security.oauth2.server.authorization.web.OAuth2AuthorizationEndpointFilter@5c8ec2f6, org.springframework.security.oauth2.server.authorization.web.OAuth2DeviceVerificationEndpointFilter@3d039fe6, org.springframework.security.oauth2.server.authorization.oidc.web.OidcProviderConfigurationEndpointFilter@77f3bb3f, org.springframework.security.oauth2.server.authorization.web.NimbusJwkSetEndpointFilter@5eab3eac, org.springframework.security.oauth2.server.authorization.web.OAuth2ClientAuthenticationFilter@5d708ef6, org.springframework.security.web.authentication.UsernamePasswordAuthenticationFilter@1e5a8278, org.springframework.security.oauth2.server.resource.web.authentication.BearerTokenAuthenticationFilter@11def039, org.springframework.security.web.savedrequest.RequestCacheAwareFilter@3862381d, org.springframework.security.web.servletapi.SecurityContextHolderAwareRequestFilter@160ecb8f, org.springframework.security.web.authentication.AnonymousAuthenticationFilter@1a8c5c20, org.springframework.security.web.access.ExceptionTranslationFilter@4aca25e8, org.springframework.security.web.access.intercept.AuthorizationFilter@5ddd3150, org.springframework.security.oauth2.server.authorization.web.OAuth2TokenEndpointFilter@281e2377, org.springframework.security.oauth2.server.authorization.web.OAuth2TokenIntrospectionEndpointFilter@61ab2bcc, org.springframework.security.oauth2.server.authorization.web.OAuth2TokenRevocationEndpointFilter@35014251, org.springframework.security.oauth2.server.authorization.web.OAuth2DeviceAuthorizationEndpointFilter@258274cb, org.springframework.security.oauth2.server.authorization.oidc.web.OidcUserInfoEndpointFilter@2a987a5d]] (8/9)
2026-06-05T12:39:59.743-03:00 TRACE 19284 --- [libraryapi] [http-nio-8080-exec-5] o.s.security.web.FilterChainProxy        : Trying to match request against DefaultSecurityFilterChain [RequestMatcher=any request, Filters=[org.springframework.security.web.session.DisableEncodeUrlFilter@e50a9a2, org.springframework.security.web.context.request.async.WebAsyncManagerIntegrationFilter@7b02f336, org.springframework.security.web.context.SecurityContextHolderFilter@4037fcc, org.springframework.security.web.header.HeaderWriterFilter@708f8545, org.springframework.security.web.authentication.logout.LogoutFilter@51406cdd, org.springframework.security.oauth2.client.web.OAuth2AuthorizationRequestRedirectFilter@4c110f87, org.springframework.security.oauth2.client.web.OAuth2LoginAuthenticationFilter@32d00eea, org.springframework.security.web.authentication.UsernamePasswordAuthenticationFilter@55fee98a, org.springframework.security.oauth2.server.resource.web.authentication.BearerTokenAuthenticationFilter@39894485, com.github.iuryrayam.libraryapi.security.JwtCustomAuthenticationFilter@7df1fc5a, org.springframework.security.web.savedrequest.RequestCacheAwareFilter@599e81bd, org.springframework.security.web.servletapi.SecurityContextHolderAwareRequestFilter@7a4729e6, org.springframework.security.web.authentication.AnonymousAuthenticationFilter@799d492e, org.springframework.security.web.access.ExceptionTranslationFilter@59606589, org.springframework.security.web.access.intercept.AuthorizationFilter@6dcf902]] (9/9)
2026-06-05T12:39:59.743-03:00 DEBUG 19284 --- [libraryapi] [http-nio-8080-exec-5] o.s.security.web.FilterChainProxy        : Securing GET /favicon.ico
2026-06-05T12:39:59.744-03:00 TRACE 19284 --- [libraryapi] [http-nio-8080-exec-5] o.s.security.web.FilterChainProxy        : Invoking DisableEncodeUrlFilter (1/15)
2026-06-05T12:39:59.744-03:00 TRACE 19284 --- [libraryapi] [http-nio-8080-exec-5] o.s.security.web.FilterChainProxy        : Invoking WebAsyncManagerIntegrationFilter (2/15)
2026-06-05T12:39:59.745-03:00 TRACE 19284 --- [libraryapi] [http-nio-8080-exec-5] o.s.security.web.FilterChainProxy        : Invoking SecurityContextHolderFilter (3/15)
2026-06-05T12:39:59.745-03:00 TRACE 19284 --- [libraryapi] [http-nio-8080-exec-5] o.s.security.web.FilterChainProxy        : Invoking HeaderWriterFilter (4/15)
2026-06-05T12:39:59.746-03:00 TRACE 19284 --- [libraryapi] [http-nio-8080-exec-5] o.s.security.web.FilterChainProxy        : Invoking LogoutFilter (5/15)
2026-06-05T12:39:59.746-03:00 TRACE 19284 --- [libraryapi] [http-nio-8080-exec-5] o.s.s.w.a.logout.LogoutFilter            : Did not match request to Or [Ant [pattern='/logout', GET], Ant [pattern='/logout', POST], Ant [pattern='/logout', PUT], Ant [pattern='/logout', DELETE]]
2026-06-05T12:39:59.747-03:00 TRACE 19284 --- [libraryapi] [http-nio-8080-exec-5] o.s.security.web.FilterChainProxy        : Invoking OAuth2AuthorizationRequestRedirectFilter (6/15)
2026-06-05T12:39:59.747-03:00 TRACE 19284 --- [libraryapi] [http-nio-8080-exec-5] o.s.security.web.FilterChainProxy        : Invoking OAuth2LoginAuthenticationFilter (7/15)
2026-06-05T12:39:59.747-03:00 TRACE 19284 --- [libraryapi] [http-nio-8080-exec-5] .s.o.c.w.OAuth2LoginAuthenticationFilter : Did not match request to Ant [pattern='/login/oauth2/code/*']
2026-06-05T12:39:59.748-03:00 TRACE 19284 --- [libraryapi] [http-nio-8080-exec-5] o.s.security.web.FilterChainProxy        : Invoking UsernamePasswordAuthenticationFilter (8/15)
2026-06-05T12:39:59.748-03:00 TRACE 19284 --- [libraryapi] [http-nio-8080-exec-5] w.a.UsernamePasswordAuthenticationFilter : Did not match request to Ant [pattern='/login', POST]
2026-06-05T12:39:59.748-03:00 TRACE 19284 --- [libraryapi] [http-nio-8080-exec-5] o.s.security.web.FilterChainProxy        : Invoking BearerTokenAuthenticationFilter (9/15)
2026-06-05T12:39:59.748-03:00 TRACE 19284 --- [libraryapi] [http-nio-8080-exec-5] .s.r.w.a.BearerTokenAuthenticationFilter : Did not process request since did not find bearer token
2026-06-05T12:39:59.748-03:00 TRACE 19284 --- [libraryapi] [http-nio-8080-exec-5] o.s.security.web.FilterChainProxy        : Invoking JwtCustomAuthenticationFilter (10/15)
2026-06-05T12:39:59.749-03:00 TRACE 19284 --- [libraryapi] [http-nio-8080-exec-5] w.c.HttpSessionSecurityContextRepository : No HttpSession currently exists
2026-06-05T12:39:59.749-03:00 TRACE 19284 --- [libraryapi] [http-nio-8080-exec-5] .s.s.w.c.SupplierDeferredSecurityContext : Created SecurityContextImpl [Null authentication]
2026-06-05T12:39:59.749-03:00 TRACE 19284 --- [libraryapi] [http-nio-8080-exec-5] .s.s.w.c.SupplierDeferredSecurityContext : Created SecurityContextImpl [Null authentication]
2026-06-05T12:39:59.749-03:00 TRACE 19284 --- [libraryapi] [http-nio-8080-exec-5] o.s.security.web.FilterChainProxy        : Invoking RequestCacheAwareFilter (11/15)
2026-06-05T12:39:59.749-03:00 TRACE 19284 --- [libraryapi] [http-nio-8080-exec-5] o.s.s.w.s.HttpSessionRequestCache        : matchingRequestParameterName is required for getMatchingRequest to lookup a value, but not provided
2026-06-05T12:39:59.749-03:00 TRACE 19284 --- [libraryapi] [http-nio-8080-exec-5] o.s.security.web.FilterChainProxy        : Invoking SecurityContextHolderAwareRequestFilter (12/15)
2026-06-05T12:39:59.749-03:00 TRACE 19284 --- [libraryapi] [http-nio-8080-exec-5] o.s.security.web.FilterChainProxy        : Invoking AnonymousAuthenticationFilter (13/15)
2026-06-05T12:39:59.750-03:00 TRACE 19284 --- [libraryapi] [http-nio-8080-exec-5] o.s.security.web.FilterChainProxy        : Invoking ExceptionTranslationFilter (14/15)
2026-06-05T12:39:59.750-03:00 TRACE 19284 --- [libraryapi] [http-nio-8080-exec-5] o.s.security.web.FilterChainProxy        : Invoking AuthorizationFilter (15/15)
2026-06-05T12:39:59.751-03:00 TRACE 19284 --- [libraryapi] [http-nio-8080-exec-5] estMatcherDelegatingAuthorizationManager : Authorizing GET /favicon.ico
2026-06-05T12:39:59.751-03:00 TRACE 19284 --- [libraryapi] [http-nio-8080-exec-5] estMatcherDelegatingAuthorizationManager : Checking authorization on GET /favicon.ico using org.springframework.security.authorization.AuthenticatedAuthorizationManager@1a0dc622
2026-06-05T12:39:59.752-03:00 TRACE 19284 --- [libraryapi] [http-nio-8080-exec-5] o.s.s.w.a.AnonymousAuthenticationFilter  : Set SecurityContextHolder to AnonymousAuthenticationToken [Principal=anonymousUser, Credentials=[PROTECTED], Authenticated=true, Details=WebAuthenticationDetails [RemoteIpAddress=0:0:0:0:0:0:0:1, SessionId=null], Granted Authorities=[ROLE_ANONYMOUS]]
2026-06-05T12:39:59.752-03:00 TRACE 19284 --- [libraryapi] [http-nio-8080-exec-5] o.s.s.w.a.ExceptionTranslationFilter     : Sending AnonymousAuthenticationToken [Principal=anonymousUser, Credentials=[PROTECTED], Authenticated=true, Details=WebAuthenticationDetails [RemoteIpAddress=0:0:0:0:0:0:0:1, SessionId=null], Granted Authorities=[ROLE_ANONYMOUS]] to authentication entry point since access is denied

org.springframework.security.access.AccessDeniedException: Access Denied
	at org.springframework.security.web.access.intercept.AuthorizationFilter.doFilter(AuthorizationFilter.java:98) ~[spring-security-web-6.3.3.jar:6.3.3]
	at org.springframework.security.web.ObservationFilterChainDecorator$ObservationFilter.wrapFilter(ObservationFilterChainDecorator.java:240) ~[spring-security-web-6.3.3.jar:6.3.3]
	at org.springframework.security.web.ObservationFilterChainDecorator$ObservationFilter.doFilter(ObservationFilterChainDecorator.java:227) ~[spring-security-web-6.3.3.jar:6.3.3]
	at org.springframework.security.web.ObservationFilterChainDecorator$VirtualFilterChain.doFilter(ObservationFilterChainDecorator.java:137) ~[spring-security-web-6.3.3.jar:6.3.3]
	at org.springframework.security.web.access.ExceptionTranslationFilter.doFilter(ExceptionTranslationFilter.java:126) ~[spring-security-web-6.3.3.jar:6.3.3]
	at org.springframework.security.web.access.ExceptionTranslationFilter.doFilter(ExceptionTranslationFilter.java:120) ~[spring-security-web-6.3.3.jar:6.3.3]
	at org.springframework.security.web.ObservationFilterChainDecorator$ObservationFilter.wrapFilter(ObservationFilterChainDecorator.java:240) ~[spring-security-web-6.3.3.jar:6.3.3]
	at org.springframework.security.web.ObservationFilterChainDecorator$ObservationFilter.doFilter(ObservationFilterChainDecorator.java:227) ~[spring-security-web-6.3.3.jar:6.3.3]
	at org.springframework.security.web.ObservationFilterChainDecorator$VirtualFilterChain.doFilter(ObservationFilterChainDecorator.java:137) ~[spring-security-web-6.3.3.jar:6.3.3]
	at org.springframework.security.web.authentication.AnonymousAuthenticationFilter.doFilter(AnonymousAuthenticationFilter.java:100) ~[spring-security-web-6.3.3.jar:6.3.3]
	at org.springframework.security.web.ObservationFilterChainDecorator$ObservationFilter.wrapFilter(ObservationFilterChainDecorator.java:240) ~[spring-security-web-6.3.3.jar:6.3.3]
	at org.springframework.security.web.ObservationFilterChainDecorator$ObservationFilter.doFilter(ObservationFilterChainDecorator.java:227) ~[spring-security-web-6.3.3.jar:6.3.3]
	at org.springframework.security.web.ObservationFilterChainDecorator$VirtualFilterChain.doFilter(ObservationFilterChainDecorator.java:137) ~[spring-security-web-6.3.3.jar:6.3.3]
	at org.springframework.security.web.servletapi.SecurityContextHolderAwareRequestFilter.doFilter(SecurityContextHolderAwareRequestFilter.java:179) ~[spring-security-web-6.3.3.jar:6.3.3]
	at org.springframework.security.web.ObservationFilterChainDecorator$ObservationFilter.wrapFilter(ObservationFilterChainDecorator.java:240) ~[spring-security-web-6.3.3.jar:6.3.3]
	at org.springframework.security.web.ObservationFilterChainDecorator$ObservationFilter.doFilter(ObservationFilterChainDecorator.java:227) ~[spring-security-web-6.3.3.jar:6.3.3]
	at org.springframework.security.web.ObservationFilterChainDecorator$VirtualFilterChain.doFilter(ObservationFilterChainDecorator.java:137) ~[spring-security-web-6.3.3.jar:6.3.3]
	at org.springframework.security.web.savedrequest.RequestCacheAwareFilter.doFilter(RequestCacheAwareFilter.java:63) ~[spring-security-web-6.3.3.jar:6.3.3]
	at org.springframework.security.web.ObservationFilterChainDecorator$ObservationFilter.wrapFilter(ObservationFilterChainDecorator.java:240) ~[spring-security-web-6.3.3.jar:6.3.3]
	at org.springframework.security.web.ObservationFilterChainDecorator$ObservationFilter.doFilter(ObservationFilterChainDecorator.java:227) ~[spring-security-web-6.3.3.jar:6.3.3]
	at org.springframework.security.web.ObservationFilterChainDecorator$VirtualFilterChain.doFilter(ObservationFilterChainDecorator.java:137) ~[spring-security-web-6.3.3.jar:6.3.3]
	at com.github.iuryrayam.libraryapi.security.JwtCustomAuthenticationFilter.doFilterInternal(JwtCustomAuthenticationFilter.java:42) ~[classes/:na]
	at org.springframework.web.filter.OncePerRequestFilter.doFilter(OncePerRequestFilter.java:116) ~[spring-web-6.1.13.jar:6.1.13]
	at org.springframework.security.web.ObservationFilterChainDecorator$ObservationFilter.wrapFilter(ObservationFilterChainDecorator.java:240) ~[spring-security-web-6.3.3.jar:6.3.3]
	at org.springframework.security.web.ObservationFilterChainDecorator$ObservationFilter.doFilter(ObservationFilterChainDecorator.java:227) ~[spring-security-web-6.3.3.jar:6.3.3]
	at org.springframework.security.web.ObservationFilterChainDecorator$VirtualFilterChain.doFilter(ObservationFilterChainDecorator.java:137) ~[spring-security-web-6.3.3.jar:6.3.3]
	at org.springframework.security.oauth2.server.resource.web.authentication.BearerTokenAuthenticationFilter.doFilterInternal(BearerTokenAuthenticationFilter.java:128) ~[spring-security-oauth2-resource-server-6.3.3.jar:6.3.3]
	at org.springframework.web.filter.OncePerRequestFilter.doFilter(OncePerRequestFilter.java:116) ~[spring-web-6.1.13.jar:6.1.13]
	at org.springframework.security.web.ObservationFilterChainDecorator$ObservationFilter.wrapFilter(ObservationFilterChainDecorator.java:240) ~[spring-security-web-6.3.3.jar:6.3.3]
	at org.springframework.security.web.ObservationFilterChainDecorator$ObservationFilter.doFilter(ObservationFilterChainDecorator.java:227) ~[spring-security-web-6.3.3.jar:6.3.3]
	at org.springframework.security.web.ObservationFilterChainDecorator$VirtualFilterChain.doFilter(ObservationFilterChainDecorator.java:137) ~[spring-security-web-6.3.3.jar:6.3.3]
	at org.springframework.security.web.authentication.AbstractAuthenticationProcessingFilter.doFilter(AbstractAuthenticationProcessingFilter.java:227) ~[spring-security-web-6.3.3.jar:6.3.3]
	at org.springframework.security.web.authentication.AbstractAuthenticationProcessingFilter.doFilter(AbstractAuthenticationProcessingFilter.java:221) ~[spring-security-web-6.3.3.jar:6.3.3]
	at org.springframework.security.web.ObservationFilterChainDecorator$ObservationFilter.wrapFilter(ObservationFilterChainDecorator.java:240) ~[spring-security-web-6.3.3.jar:6.3.3]
	at org.springframework.security.web.ObservationFilterChainDecorator$ObservationFilter.doFilter(ObservationFilterChainDecorator.java:227) ~[spring-security-web-6.3.3.jar:6.3.3]
	at org.springframework.security.web.ObservationFilterChainDecorator$VirtualFilterChain.doFilter(ObservationFilterChainDecorator.java:137) ~[spring-security-web-6.3.3.jar:6.3.3]
	at org.springframework.security.web.authentication.AbstractAuthenticationProcessingFilter.doFilter(AbstractAuthenticationProcessingFilter.java:227) ~[spring-security-web-6.3.3.jar:6.3.3]
	at org.springframework.security.web.authentication.AbstractAuthenticationProcessingFilter.doFilter(AbstractAuthenticationProcessingFilter.java:221) ~[spring-security-web-6.3.3.jar:6.3.3]
	at org.springframework.security.web.ObservationFilterChainDecorator$ObservationFilter.wrapFilter(ObservationFilterChainDecorator.java:240) ~[spring-security-web-6.3.3.jar:6.3.3]
	at org.springframework.security.web.ObservationFilterChainDecorator$ObservationFilter.doFilter(ObservationFilterChainDecorator.java:227) ~[spring-security-web-6.3.3.jar:6.3.3]
	at org.springframework.security.web.ObservationFilterChainDecorator$VirtualFilterChain.doFilter(ObservationFilterChainDecorator.java:137) ~[spring-security-web-6.3.3.jar:6.3.3]
	at org.springframework.security.oauth2.client.web.OAuth2AuthorizationRequestRedirectFilter.doFilterInternal(OAuth2AuthorizationRequestRedirectFilter.java:198) ~[spring-security-oauth2-client-6.3.3.jar:6.3.3]
	at org.springframework.web.filter.OncePerRequestFilter.doFilter(OncePerRequestFilter.java:116) ~[spring-web-6.1.13.jar:6.1.13]
	at org.springframework.security.web.ObservationFilterChainDecorator$ObservationFilter.wrapFilter(ObservationFilterChainDecorator.java:240) ~[spring-security-web-6.3.3.jar:6.3.3]
	at org.springframework.security.web.ObservationFilterChainDecorator$ObservationFilter.doFilter(ObservationFilterChainDecorator.java:227) ~[spring-security-web-6.3.3.jar:6.3.3]
	at org.springframework.security.web.ObservationFilterChainDecorator$VirtualFilterChain.doFilter(ObservationFilterChainDecorator.java:137) ~[spring-security-web-6.3.3.jar:6.3.3]
	at org.springframework.security.web.authentication.logout.LogoutFilter.doFilter(LogoutFilter.java:107) ~[spring-security-web-6.3.3.jar:6.3.3]
	at org.springframework.security.web.authentication.logout.LogoutFilter.doFilter(LogoutFilter.java:93) ~[spring-security-web-6.3.3.jar:6.3.3]
	at org.springframework.security.web.ObservationFilterChainDecorator$ObservationFilter.wrapFilter(ObservationFilterChainDecorator.java:240) ~[spring-security-web-6.3.3.jar:6.3.3]
	at org.springframework.security.web.ObservationFilterChainDecorator$ObservationFilter.doFilter(ObservationFilterChainDecorator.java:227) ~[spring-security-web-6.3.3.jar:6.3.3]
	at org.springframework.security.web.ObservationFilterChainDecorator$VirtualFilterChain.doFilter(ObservationFilterChainDecorator.java:137) ~[spring-security-web-6.3.3.jar:6.3.3]
	at org.springframework.security.web.header.HeaderWriterFilter.doHeadersAfter(HeaderWriterFilter.java:90) ~[spring-security-web-6.3.3.jar:6.3.3]
	at org.springframework.security.web.header.HeaderWriterFilter.doFilterInternal(HeaderWriterFilter.java:75) ~[spring-security-web-6.3.3.jar:6.3.3]
	at org.springframework.web.filter.OncePerRequestFilter.doFilter(OncePerRequestFilter.java:116) ~[spring-web-6.1.13.jar:6.1.13]
	at org.springframework.security.web.ObservationFilterChainDecorator$ObservationFilter.wrapFilter(ObservationFilterChainDecorator.java:240) ~[spring-security-web-6.3.3.jar:6.3.3]
	at org.springframework.security.web.ObservationFilterChainDecorator$ObservationFilter.doFilter(ObservationFilterChainDecorator.java:227) ~[spring-security-web-6.3.3.jar:6.3.3]
	at org.springframework.security.web.ObservationFilterChainDecorator$VirtualFilterChain.doFilter(ObservationFilterChainDecorator.java:137) ~[spring-security-web-6.3.3.jar:6.3.3]
	at org.springframework.security.web.context.SecurityContextHolderFilter.doFilter(SecurityContextHolderFilter.java:82) ~[spring-security-web-6.3.3.jar:6.3.3]
	at org.springframework.security.web.context.SecurityContextHolderFilter.doFilter(SecurityContextHolderFilter.java:69) ~[spring-security-web-6.3.3.jar:6.3.3]
	at org.springframework.security.web.ObservationFilterChainDecorator$ObservationFilter.wrapFilter(ObservationFilterChainDecorator.java:240) ~[spring-security-web-6.3.3.jar:6.3.3]
	at org.springframework.security.web.ObservationFilterChainDecorator$ObservationFilter.doFilter(ObservationFilterChainDecorator.java:227) ~[spring-security-web-6.3.3.jar:6.3.3]
	at org.springframework.security.web.ObservationFilterChainDecorator$VirtualFilterChain.doFilter(ObservationFilterChainDecorator.java:137) ~[spring-security-web-6.3.3.jar:6.3.3]
	at org.springframework.security.web.context.request.async.WebAsyncManagerIntegrationFilter.doFilterInternal(WebAsyncManagerIntegrationFilter.java:62) ~[spring-security-web-6.3.3.jar:6.3.3]
	at org.springframework.web.filter.OncePerRequestFilter.doFilter(OncePerRequestFilter.java:116) ~[spring-web-6.1.13.jar:6.1.13]
	at org.springframework.security.web.ObservationFilterChainDecorator$ObservationFilter.wrapFilter(ObservationFilterChainDecorator.java:240) ~[spring-security-web-6.3.3.jar:6.3.3]
	at org.springframework.security.web.ObservationFilterChainDecorator$ObservationFilter.doFilter(ObservationFilterChainDecorator.java:227) ~[spring-security-web-6.3.3.jar:6.3.3]
	at org.springframework.security.web.ObservationFilterChainDecorator$VirtualFilterChain.doFilter(ObservationFilterChainDecorator.java:137) ~[spring-security-web-6.3.3.jar:6.3.3]
	at org.springframework.security.web.session.DisableEncodeUrlFilter.doFilterInternal(DisableEncodeUrlFilter.java:42) ~[spring-security-web-6.3.3.jar:6.3.3]
	at org.springframework.web.filter.OncePerRequestFilter.doFilter(OncePerRequestFilter.java:116) ~[spring-web-6.1.13.jar:6.1.13]
	at org.springframework.security.web.ObservationFilterChainDecorator$ObservationFilter.wrapFilter(ObservationFilterChainDecorator.java:240) ~[spring-security-web-6.3.3.jar:6.3.3]
	at org.springframework.security.web.ObservationFilterChainDecorator$AroundFilterObservation$SimpleAroundFilterObservation.lambda$wrap$0(ObservationFilterChainDecorator.java:323) ~[spring-security-web-6.3.3.jar:6.3.3]
	at org.springframework.security.web.ObservationFilterChainDecorator$ObservationFilter.doFilter(ObservationFilterChainDecorator.java:224) ~[spring-security-web-6.3.3.jar:6.3.3]
	at org.springframework.security.web.ObservationFilterChainDecorator$VirtualFilterChain.doFilter(ObservationFilterChainDecorator.java:137) ~[spring-security-web-6.3.3.jar:6.3.3]
	at org.springframework.security.web.FilterChainProxy.doFilterInternal(FilterChainProxy.java:233) ~[spring-security-web-6.3.3.jar:6.3.3]
	at org.springframework.security.web.FilterChainProxy.doFilter(FilterChainProxy.java:191) ~[spring-security-web-6.3.3.jar:6.3.3]
	at org.springframework.web.filter.CompositeFilter$VirtualFilterChain.doFilter(CompositeFilter.java:113) ~[spring-web-6.1.13.jar:6.1.13]
	at org.springframework.web.servlet.handler.HandlerMappingIntrospector.lambda$createCacheFilter$3(HandlerMappingIntrospector.java:195) ~[spring-webmvc-6.1.13.jar:6.1.13]
	at org.springframework.web.filter.CompositeFilter$VirtualFilterChain.doFilter(CompositeFilter.java:113) ~[spring-web-6.1.13.jar:6.1.13]
	at org.springframework.web.filter.CompositeFilter.doFilter(CompositeFilter.java:74) ~[spring-web-6.1.13.jar:6.1.13]
	at org.springframework.security.config.annotation.web.configuration.WebMvcSecurityConfiguration$CompositeFilterChainProxy.doFilter(WebMvcSecurityConfiguration.java:230) ~[spring-security-config-6.3.3.jar:6.3.3]
	at org.springframework.web.filter.DelegatingFilterProxy.invokeDelegate(DelegatingFilterProxy.java:352) ~[spring-web-6.1.13.jar:6.1.13]
	at org.springframework.web.filter.DelegatingFilterProxy.doFilter(DelegatingFilterProxy.java:268) ~[spring-web-6.1.13.jar:6.1.13]
	at org.apache.catalina.core.ApplicationFilterChain.internalDoFilter(ApplicationFilterChain.java:164) ~[tomcat-embed-core-10.1.30.jar:10.1.30]
	at org.apache.catalina.core.ApplicationFilterChain.doFilter(ApplicationFilterChain.java:140) ~[tomcat-embed-core-10.1.30.jar:10.1.30]
	at org.springframework.web.filter.ServerHttpObservationFilter.doFilterInternal(ServerHttpObservationFilter.java:113) ~[spring-web-6.1.13.jar:6.1.13]
	at org.springframework.web.filter.OncePerRequestFilter.doFilter(OncePerRequestFilter.java:116) ~[spring-web-6.1.13.jar:6.1.13]
	at org.apache.catalina.core.ApplicationFilterChain.internalDoFilter(ApplicationFilterChain.java:164) ~[tomcat-embed-core-10.1.30.jar:10.1.30]
	at org.apache.catalina.core.ApplicationFilterChain.doFilter(ApplicationFilterChain.java:140) ~[tomcat-embed-core-10.1.30.jar:10.1.30]
	at org.springframework.web.filter.CharacterEncodingFilter.doFilterInternal(CharacterEncodingFilter.java:201) ~[spring-web-6.1.13.jar:6.1.13]
	at org.springframework.web.filter.OncePerRequestFilter.doFilter(OncePerRequestFilter.java:116) ~[spring-web-6.1.13.jar:6.1.13]
	at org.apache.catalina.core.ApplicationFilterChain.internalDoFilter(ApplicationFilterChain.java:164) ~[tomcat-embed-core-10.1.30.jar:10.1.30]
	at org.apache.catalina.core.ApplicationFilterChain.doFilter(ApplicationFilterChain.java:140) ~[tomcat-embed-core-10.1.30.jar:10.1.30]
	at org.apache.catalina.core.StandardWrapperValve.invoke(StandardWrapperValve.java:167) ~[tomcat-embed-core-10.1.30.jar:10.1.30]
	at org.apache.catalina.core.StandardContextValve.invoke(StandardContextValve.java:90) ~[tomcat-embed-core-10.1.30.jar:10.1.30]
	at org.apache.catalina.authenticator.AuthenticatorBase.invoke(AuthenticatorBase.java:483) ~[tomcat-embed-core-10.1.30.jar:10.1.30]
	at org.apache.catalina.core.StandardHostValve.invoke(StandardHostValve.java:115) ~[tomcat-embed-core-10.1.30.jar:10.1.30]
	at org.apache.catalina.valves.ErrorReportValve.invoke(ErrorReportValve.java:93) ~[tomcat-embed-core-10.1.30.jar:10.1.30]
	at org.apache.catalina.core.StandardEngineValve.invoke(StandardEngineValve.java:74) ~[tomcat-embed-core-10.1.30.jar:10.1.30]
	at org.apache.catalina.connector.CoyoteAdapter.service(CoyoteAdapter.java:344) ~[tomcat-embed-core-10.1.30.jar:10.1.30]
	at org.apache.coyote.http11.Http11Processor.service(Http11Processor.java:384) ~[tomcat-embed-core-10.1.30.jar:10.1.30]
	at org.apache.coyote.AbstractProcessorLight.process(AbstractProcessorLight.java:63) ~[tomcat-embed-core-10.1.30.jar:10.1.30]
	at org.apache.coyote.AbstractProtocol$ConnectionHandler.process(AbstractProtocol.java:905) ~[tomcat-embed-core-10.1.30.jar:10.1.30]
	at org.apache.tomcat.util.net.NioEndpoint$SocketProcessor.doRun(NioEndpoint.java:1741) ~[tomcat-embed-core-10.1.30.jar:10.1.30]
	at org.apache.tomcat.util.net.SocketProcessorBase.run(SocketProcessorBase.java:52) ~[tomcat-embed-core-10.1.30.jar:10.1.30]
	at org.apache.tomcat.util.threads.ThreadPoolExecutor.runWorker(ThreadPoolExecutor.java:1190) ~[tomcat-embed-core-10.1.30.jar:10.1.30]
	at org.apache.tomcat.util.threads.ThreadPoolExecutor$Worker.run(ThreadPoolExecutor.java:659) ~[tomcat-embed-core-10.1.30.jar:10.1.30]
	at org.apache.tomcat.util.threads.TaskThread$WrappingRunnable.run(TaskThread.java:63) ~[tomcat-embed-core-10.1.30.jar:10.1.30]
	at java.base/java.lang.Thread.run(Thread.java:1583) ~[na:na]

2026-06-05T12:39:59.756-03:00 TRACE 19284 --- [libraryapi] [http-nio-8080-exec-5] o.s.s.w.s.HttpSessionRequestCache        : Did not save request since it did not match [And [Not [Ant [pattern='/**/favicon.*']], Not [MediaTypeRequestMatcher [contentNegotiationStrategy=org.springframework.web.accept.ContentNegotiationManager@3f693a39, matchingMediaTypes=[application/json], useEquals=false, ignoredMediaTypes=[*/*]]], Not [RequestHeaderRequestMatcher [expectedHeaderName=X-Requested-With, expectedHeaderValue=XMLHttpRequest]], Not [MediaTypeRequestMatcher [contentNegotiationStrategy=org.springframework.web.accept.ContentNegotiationManager@3f693a39, matchingMediaTypes=[multipart/form-data], useEquals=false, ignoredMediaTypes=[*/*]]], Not [MediaTypeRequestMatcher [contentNegotiationStrategy=org.springframework.web.accept.ContentNegotiationManager@3f693a39, matchingMediaTypes=[text/event-stream], useEquals=false, ignoredMediaTypes=[*/*]]]]]
2026-06-05T12:39:59.757-03:00 DEBUG 19284 --- [libraryapi] [http-nio-8080-exec-5] s.w.a.DelegatingAuthenticationEntryPoint : Trying to match using And [Not [RequestHeaderRequestMatcher [expectedHeaderName=X-Requested-With, expectedHeaderValue=XMLHttpRequest]], MediaTypeRequestMatcher [contentNegotiationStrategy=org.springframework.web.accept.ContentNegotiationManager@3f693a39, matchingMediaTypes=[application/xhtml+xml, image/*, text/html, text/plain], useEquals=false, ignoredMediaTypes=[*/*]]]
2026-06-05T12:39:59.757-03:00 DEBUG 19284 --- [libraryapi] [http-nio-8080-exec-5] s.w.a.DelegatingAuthenticationEntryPoint : Match found! Executing org.springframework.security.web.authentication.LoginUrlAuthenticationEntryPoint@47651c28
2026-06-05T12:39:59.758-03:00 DEBUG 19284 --- [libraryapi] [http-nio-8080-exec-5] o.s.s.web.DefaultRedirectStrategy        : Redirecting to http://localhost:8080/login
2026-06-05T12:39:59.758-03:00 TRACE 19284 --- [libraryapi] [http-nio-8080-exec-5] o.s.s.w.header.writers.HstsHeaderWriter  : Not injecting HSTS header since it did not match request to [Is Secure]
2026-06-05T12:39:59.765-03:00 TRACE 19284 --- [libraryapi] [http-nio-8080-exec-6] o.s.security.web.FilterChainProxy        : Trying to match request against DefaultSecurityFilterChain [RequestMatcher=Deferred [Mvc [pattern='/v2/api-docs/**'], Ant [pattern='/v2/api-docs/**']], Filters=[]] (1/9)
2026-06-05T12:39:59.766-03:00 TRACE 19284 --- [libraryapi] [http-nio-8080-exec-6] o.s.security.web.FilterChainProxy        : Trying to match request against DefaultSecurityFilterChain [RequestMatcher=Deferred [Mvc [pattern='v3/api-docs/**'], Ant [pattern='v3/api-docs/**']], Filters=[]] (2/9)
2026-06-05T12:39:59.766-03:00 TRACE 19284 --- [libraryapi] [http-nio-8080-exec-6] o.s.security.web.FilterChainProxy        : Trying to match request against DefaultSecurityFilterChain [RequestMatcher=Deferred [Mvc [pattern='/swagger-resource/**'], Ant [pattern='/swagger-resource/**']], Filters=[]] (3/9)
2026-06-05T12:39:59.766-03:00 TRACE 19284 --- [libraryapi] [http-nio-8080-exec-6] o.s.security.web.FilterChainProxy        : Trying to match request against DefaultSecurityFilterChain [RequestMatcher=Deferred [Mvc [pattern='/swagger-ui.html'], Ant [pattern='/swagger-ui.html']], Filters=[]] (4/9)
2026-06-05T12:39:59.767-03:00 TRACE 19284 --- [libraryapi] [http-nio-8080-exec-6] o.s.security.web.FilterChainProxy        : Trying to match request against DefaultSecurityFilterChain [RequestMatcher=Deferred [Mvc [pattern='/swagger-ui/**'], Ant [pattern='/swagger-ui/**']], Filters=[]] (5/9)
2026-06-05T12:39:59.767-03:00 TRACE 19284 --- [libraryapi] [http-nio-8080-exec-6] o.s.security.web.FilterChainProxy        : Trying to match request against DefaultSecurityFilterChain [RequestMatcher=Deferred [Mvc [pattern='/webjars/**'], Ant [pattern='/webjars/**']], Filters=[]] (6/9)
2026-06-05T12:39:59.767-03:00 TRACE 19284 --- [libraryapi] [http-nio-8080-exec-6] o.s.security.web.FilterChainProxy        : Trying to match request against DefaultSecurityFilterChain [RequestMatcher=Deferred [Mvc [pattern='/actuator/**'], Ant [pattern='/actuator/**']], Filters=[]] (7/9)
2026-06-05T12:39:59.768-03:00 TRACE 19284 --- [libraryapi] [http-nio-8080-exec-6] o.s.security.web.FilterChainProxy        : Trying to match request against DefaultSecurityFilterChain [RequestMatcher=org.springframework.security.oauth2.server.authorization.config.annotation.web.configurers.OAuth2AuthorizationServerConfigurer$$Lambda/0x0000022d5aaec390@1199ac5, Filters=[org.springframework.security.web.session.DisableEncodeUrlFilter@62c2eca2, org.springframework.security.web.context.request.async.WebAsyncManagerIntegrationFilter@5fdbb8c0, org.springframework.security.web.context.SecurityContextHolderFilter@6707ab9, org.springframework.security.oauth2.server.authorization.config.annotation.web.configurers.AuthorizationServerContextFilter@6cb890ac, org.springframework.security.web.header.HeaderWriterFilter@54d8c998, org.springframework.security.web.csrf.CsrfFilter@635ad140, org.springframework.security.oauth2.server.authorization.oidc.web.OidcLogoutEndpointFilter@293918f9, org.springframework.security.web.authentication.logout.LogoutFilter@3405202c, org.springframework.security.oauth2.server.authorization.web.OAuth2AuthorizationServerMetadataEndpointFilter@229d5d14, org.springframework.security.oauth2.server.authorization.web.OAuth2AuthorizationEndpointFilter@5c8ec2f6, org.springframework.security.oauth2.server.authorization.web.OAuth2DeviceVerificationEndpointFilter@3d039fe6, org.springframework.security.oauth2.server.authorization.oidc.web.OidcProviderConfigurationEndpointFilter@77f3bb3f, org.springframework.security.oauth2.server.authorization.web.NimbusJwkSetEndpointFilter@5eab3eac, org.springframework.security.oauth2.server.authorization.web.OAuth2ClientAuthenticationFilter@5d708ef6, org.springframework.security.web.authentication.UsernamePasswordAuthenticationFilter@1e5a8278, org.springframework.security.oauth2.server.resource.web.authentication.BearerTokenAuthenticationFilter@11def039, org.springframework.security.web.savedrequest.RequestCacheAwareFilter@3862381d, org.springframework.security.web.servletapi.SecurityContextHolderAwareRequestFilter@160ecb8f, org.springframework.security.web.authentication.AnonymousAuthenticationFilter@1a8c5c20, org.springframework.security.web.access.ExceptionTranslationFilter@4aca25e8, org.springframework.security.web.access.intercept.AuthorizationFilter@5ddd3150, org.springframework.security.oauth2.server.authorization.web.OAuth2TokenEndpointFilter@281e2377, org.springframework.security.oauth2.server.authorization.web.OAuth2TokenIntrospectionEndpointFilter@61ab2bcc, org.springframework.security.oauth2.server.authorization.web.OAuth2TokenRevocationEndpointFilter@35014251, org.springframework.security.oauth2.server.authorization.web.OAuth2DeviceAuthorizationEndpointFilter@258274cb, org.springframework.security.oauth2.server.authorization.oidc.web.OidcUserInfoEndpointFilter@2a987a5d]] (8/9)
2026-06-05T12:39:59.769-03:00 TRACE 19284 --- [libraryapi] [http-nio-8080-exec-6] o.s.security.web.FilterChainProxy        : Trying to match request against DefaultSecurityFilterChain [RequestMatcher=any request, Filters=[org.springframework.security.web.session.DisableEncodeUrlFilter@e50a9a2, org.springframework.security.web.context.request.async.WebAsyncManagerIntegrationFilter@7b02f336, org.springframework.security.web.context.SecurityContextHolderFilter@4037fcc, org.springframework.security.web.header.HeaderWriterFilter@708f8545, org.springframework.security.web.authentication.logout.LogoutFilter@51406cdd, org.springframework.security.oauth2.client.web.OAuth2AuthorizationRequestRedirectFilter@4c110f87, org.springframework.security.oauth2.client.web.OAuth2LoginAuthenticationFilter@32d00eea, org.springframework.security.web.authentication.UsernamePasswordAuthenticationFilter@55fee98a, org.springframework.security.oauth2.server.resource.web.authentication.BearerTokenAuthenticationFilter@39894485, com.github.iuryrayam.libraryapi.security.JwtCustomAuthenticationFilter@7df1fc5a, org.springframework.security.web.savedrequest.RequestCacheAwareFilter@599e81bd, org.springframework.security.web.servletapi.SecurityContextHolderAwareRequestFilter@7a4729e6, org.springframework.security.web.authentication.AnonymousAuthenticationFilter@799d492e, org.springframework.security.web.access.ExceptionTranslationFilter@59606589, org.springframework.security.web.access.intercept.AuthorizationFilter@6dcf902]] (9/9)
2026-06-05T12:39:59.769-03:00 DEBUG 19284 --- [libraryapi] [http-nio-8080-exec-6] o.s.security.web.FilterChainProxy        : Securing GET /login
2026-06-05T12:39:59.770-03:00 TRACE 19284 --- [libraryapi] [http-nio-8080-exec-6] o.s.security.web.FilterChainProxy        : Invoking DisableEncodeUrlFilter (1/15)
2026-06-05T12:39:59.770-03:00 TRACE 19284 --- [libraryapi] [http-nio-8080-exec-6] o.s.security.web.FilterChainProxy        : Invoking WebAsyncManagerIntegrationFilter (2/15)
2026-06-05T12:39:59.771-03:00 TRACE 19284 --- [libraryapi] [http-nio-8080-exec-6] o.s.security.web.FilterChainProxy        : Invoking SecurityContextHolderFilter (3/15)
2026-06-05T12:39:59.771-03:00 TRACE 19284 --- [libraryapi] [http-nio-8080-exec-6] o.s.security.web.FilterChainProxy        : Invoking HeaderWriterFilter (4/15)
2026-06-05T12:39:59.771-03:00 TRACE 19284 --- [libraryapi] [http-nio-8080-exec-6] o.s.security.web.FilterChainProxy        : Invoking LogoutFilter (5/15)
2026-06-05T12:39:59.771-03:00 TRACE 19284 --- [libraryapi] [http-nio-8080-exec-6] o.s.s.w.a.logout.LogoutFilter            : Did not match request to Or [Ant [pattern='/logout', GET], Ant [pattern='/logout', POST], Ant [pattern='/logout', PUT], Ant [pattern='/logout', DELETE]]
2026-06-05T12:39:59.773-03:00 TRACE 19284 --- [libraryapi] [http-nio-8080-exec-6] o.s.security.web.FilterChainProxy        : Invoking OAuth2AuthorizationRequestRedirectFilter (6/15)
2026-06-05T12:39:59.773-03:00 TRACE 19284 --- [libraryapi] [http-nio-8080-exec-6] o.s.security.web.FilterChainProxy        : Invoking OAuth2LoginAuthenticationFilter (7/15)
2026-06-05T12:39:59.773-03:00 TRACE 19284 --- [libraryapi] [http-nio-8080-exec-6] .s.o.c.w.OAuth2LoginAuthenticationFilter : Did not match request to Ant [pattern='/login/oauth2/code/*']
2026-06-05T12:39:59.773-03:00 TRACE 19284 --- [libraryapi] [http-nio-8080-exec-6] o.s.security.web.FilterChainProxy        : Invoking UsernamePasswordAuthenticationFilter (8/15)
2026-06-05T12:39:59.773-03:00 TRACE 19284 --- [libraryapi] [http-nio-8080-exec-6] w.a.UsernamePasswordAuthenticationFilter : Did not match request to Ant [pattern='/login', POST]
2026-06-05T12:39:59.773-03:00 TRACE 19284 --- [libraryapi] [http-nio-8080-exec-6] o.s.security.web.FilterChainProxy        : Invoking BearerTokenAuthenticationFilter (9/15)
2026-06-05T12:39:59.774-03:00 TRACE 19284 --- [libraryapi] [http-nio-8080-exec-6] .s.r.w.a.BearerTokenAuthenticationFilter : Did not process request since did not find bearer token
2026-06-05T12:39:59.774-03:00 TRACE 19284 --- [libraryapi] [http-nio-8080-exec-6] o.s.security.web.FilterChainProxy        : Invoking JwtCustomAuthenticationFilter (10/15)
2026-06-05T12:39:59.774-03:00 TRACE 19284 --- [libraryapi] [http-nio-8080-exec-6] w.c.HttpSessionSecurityContextRepository : No HttpSession currently exists
2026-06-05T12:39:59.774-03:00 TRACE 19284 --- [libraryapi] [http-nio-8080-exec-6] .s.s.w.c.SupplierDeferredSecurityContext : Created SecurityContextImpl [Null authentication]
2026-06-05T12:39:59.774-03:00 TRACE 19284 --- [libraryapi] [http-nio-8080-exec-6] .s.s.w.c.SupplierDeferredSecurityContext : Created SecurityContextImpl [Null authentication]
2026-06-05T12:39:59.774-03:00 TRACE 19284 --- [libraryapi] [http-nio-8080-exec-6] o.s.security.web.FilterChainProxy        : Invoking RequestCacheAwareFilter (11/15)
2026-06-05T12:39:59.774-03:00 TRACE 19284 --- [libraryapi] [http-nio-8080-exec-6] o.s.s.w.s.HttpSessionRequestCache        : matchingRequestParameterName is required for getMatchingRequest to lookup a value, but not provided
2026-06-05T12:39:59.774-03:00 TRACE 19284 --- [libraryapi] [http-nio-8080-exec-6] o.s.security.web.FilterChainProxy        : Invoking SecurityContextHolderAwareRequestFilter (12/15)
2026-06-05T12:39:59.776-03:00 TRACE 19284 --- [libraryapi] [http-nio-8080-exec-6] o.s.security.web.FilterChainProxy        : Invoking AnonymousAuthenticationFilter (13/15)
2026-06-05T12:39:59.776-03:00 TRACE 19284 --- [libraryapi] [http-nio-8080-exec-6] o.s.security.web.FilterChainProxy        : Invoking ExceptionTranslationFilter (14/15)
2026-06-05T12:39:59.776-03:00 TRACE 19284 --- [libraryapi] [http-nio-8080-exec-6] o.s.security.web.FilterChainProxy        : Invoking AuthorizationFilter (15/15)
2026-06-05T12:39:59.777-03:00 TRACE 19284 --- [libraryapi] [http-nio-8080-exec-6] estMatcherDelegatingAuthorizationManager : Authorizing GET /login
2026-06-05T12:39:59.777-03:00 TRACE 19284 --- [libraryapi] [http-nio-8080-exec-6] estMatcherDelegatingAuthorizationManager : Checking authorization on GET /login using org.springframework.security.config.annotation.web.configurers.AuthorizeHttpRequestsConfigurer$$Lambda/0x0000022d5aaec9c8@5b4b07a2
2026-06-05T12:39:59.778-03:00 DEBUG 19284 --- [libraryapi] [http-nio-8080-exec-6] o.s.security.web.FilterChainProxy        : Secured GET /login
2026-06-05T12:39:59.778-03:00 DEBUG 19284 --- [libraryapi] [http-nio-8080-exec-6] o.s.web.servlet.DispatcherServlet        : GET "/login", parameters={}
2026-06-05T12:39:59.779-03:00 DEBUG 19284 --- [libraryapi] [http-nio-8080-exec-6] o.s.w.s.handler.SimpleUrlHandlerMapping  : Mapped to ParameterizableViewController [view="login"]
2026-06-05T12:39:59.783-03:00 TRACE 19284 --- [libraryapi] [http-nio-8080-exec-6] o.s.s.w.header.writers.HstsHeaderWriter  : Not injecting HSTS header since it did not match request to [Is Secure]
2026-06-05T12:39:59.783-03:00 DEBUG 19284 --- [libraryapi] [http-nio-8080-exec-6] o.s.web.servlet.DispatcherServlet        : Completed 200 OK
2026-06-05T12:39:59.784-03:00 TRACE 19284 --- [libraryapi] [http-nio-8080-exec-6] o.s.s.w.a.AnonymousAuthenticationFilter  : Set SecurityContextHolder to AnonymousAuthenticationToken [Principal=anonymousUser, Credentials=[PROTECTED], Authenticated=true, Details=WebAuthenticationDetails [RemoteIpAddress=0:0:0:0:0:0:0:1, SessionId=null], Granted Authorities=[ROLE_ANONYMOUS]]
2026-06-05T12:40:14.949-03:00 TRACE 19284 --- [libraryapi] [http-nio-8080-exec-3] o.s.security.web.FilterChainProxy        : Trying to match request against DefaultSecurityFilterChain [RequestMatcher=Deferred [Mvc [pattern='/v2/api-docs/**'], Ant [pattern='/v2/api-docs/**']], Filters=[]] (1/9)
2026-06-05T12:40:14.950-03:00 TRACE 19284 --- [libraryapi] [http-nio-8080-exec-3] o.s.security.web.FilterChainProxy        : Trying to match request against DefaultSecurityFilterChain [RequestMatcher=Deferred [Mvc [pattern='v3/api-docs/**'], Ant [pattern='v3/api-docs/**']], Filters=[]] (2/9)
2026-06-05T12:40:14.950-03:00 TRACE 19284 --- [libraryapi] [http-nio-8080-exec-3] o.s.security.web.FilterChainProxy        : Trying to match request against DefaultSecurityFilterChain [RequestMatcher=Deferred [Mvc [pattern='/swagger-resource/**'], Ant [pattern='/swagger-resource/**']], Filters=[]] (3/9)
2026-06-05T12:40:14.950-03:00 TRACE 19284 --- [libraryapi] [http-nio-8080-exec-3] o.s.security.web.FilterChainProxy        : Trying to match request against DefaultSecurityFilterChain [RequestMatcher=Deferred [Mvc [pattern='/swagger-ui.html'], Ant [pattern='/swagger-ui.html']], Filters=[]] (4/9)
2026-06-05T12:40:14.951-03:00 TRACE 19284 --- [libraryapi] [http-nio-8080-exec-3] o.s.security.web.FilterChainProxy        : Trying to match request against DefaultSecurityFilterChain [RequestMatcher=Deferred [Mvc [pattern='/swagger-ui/**'], Ant [pattern='/swagger-ui/**']], Filters=[]] (5/9)
2026-06-05T12:40:14.951-03:00 TRACE 19284 --- [libraryapi] [http-nio-8080-exec-3] o.s.security.web.FilterChainProxy        : Trying to match request against DefaultSecurityFilterChain [RequestMatcher=Deferred [Mvc [pattern='/webjars/**'], Ant [pattern='/webjars/**']], Filters=[]] (6/9)
2026-06-05T12:40:14.952-03:00 TRACE 19284 --- [libraryapi] [http-nio-8080-exec-3] o.s.security.web.FilterChainProxy        : Trying to match request against DefaultSecurityFilterChain [RequestMatcher=Deferred [Mvc [pattern='/actuator/**'], Ant [pattern='/actuator/**']], Filters=[]] (7/9)
2026-06-05T12:40:14.953-03:00 TRACE 19284 --- [libraryapi] [http-nio-8080-exec-3] o.s.security.web.FilterChainProxy        : No security for GET /actuator
2026-06-05T12:40:14.954-03:00 DEBUG 19284 --- [libraryapi] [http-nio-8080-exec-3] o.s.web.servlet.DispatcherServlet        : GET "/actuator", parameters={}
2026-06-05T12:40:14.956-03:00 DEBUG 19284 --- [libraryapi] [http-nio-8080-exec-3] m.m.a.RequestResponseBodyMethodProcessor : Using 'application/vnd.spring-boot.actuator.v3+json;q=0.8', given [text/html, application/xhtml+xml, image/avif, image/webp, image/apng, application/xml;q=0.9, */*;q=0.8, application/signed-exchange;v=b3;q=0.7] and supported [application/vnd.spring-boot.actuator.v3+json, application/vnd.spring-boot.actuator.v2+json, application/json]
2026-06-05T12:40:14.956-03:00 DEBUG 19284 --- [libraryapi] [http-nio-8080-exec-3] m.m.a.RequestResponseBodyMethodProcessor : Writing [{_links={self=[Link@4d87ee88 href = 'http://localhost:8080/actuator'], health-path=[Link@49b873e0 hr (truncated)...]
2026-06-05T12:40:14.957-03:00 DEBUG 19284 --- [libraryapi] [http-nio-8080-exec-3] o.s.web.servlet.DispatcherServlet        : Completed 200 OK
2026-06-05T12:40:14.979-03:00 TRACE 19284 --- [libraryapi] [http-nio-8080-exec-8] o.s.security.web.FilterChainProxy        : Trying to match request against DefaultSecurityFilterChain [RequestMatcher=Deferred [Mvc [pattern='/v2/api-docs/**'], Ant [pattern='/v2/api-docs/**']], Filters=[]] (1/9)
2026-06-05T12:40:14.980-03:00 TRACE 19284 --- [libraryapi] [http-nio-8080-exec-8] o.s.security.web.FilterChainProxy        : Trying to match request against DefaultSecurityFilterChain [RequestMatcher=Deferred [Mvc [pattern='v3/api-docs/**'], Ant [pattern='v3/api-docs/**']], Filters=[]] (2/9)
2026-06-05T12:40:14.980-03:00 TRACE 19284 --- [libraryapi] [http-nio-8080-exec-8] o.s.security.web.FilterChainProxy        : Trying to match request against DefaultSecurityFilterChain [RequestMatcher=Deferred [Mvc [pattern='/swagger-resource/**'], Ant [pattern='/swagger-resource/**']], Filters=[]] (3/9)
2026-06-05T12:40:14.980-03:00 TRACE 19284 --- [libraryapi] [http-nio-8080-exec-8] o.s.security.web.FilterChainProxy        : Trying to match request against DefaultSecurityFilterChain [RequestMatcher=Deferred [Mvc [pattern='/swagger-ui.html'], Ant [pattern='/swagger-ui.html']], Filters=[]] (4/9)
2026-06-05T12:40:14.980-03:00 TRACE 19284 --- [libraryapi] [http-nio-8080-exec-8] o.s.security.web.FilterChainProxy        : Trying to match request against DefaultSecurityFilterChain [RequestMatcher=Deferred [Mvc [pattern='/swagger-ui/**'], Ant [pattern='/swagger-ui/**']], Filters=[]] (5/9)
2026-06-05T12:40:14.981-03:00 TRACE 19284 --- [libraryapi] [http-nio-8080-exec-8] o.s.security.web.FilterChainProxy        : Trying to match request against DefaultSecurityFilterChain [RequestMatcher=Deferred [Mvc [pattern='/webjars/**'], Ant [pattern='/webjars/**']], Filters=[]] (6/9)
2026-06-05T12:40:14.981-03:00 TRACE 19284 --- [libraryapi] [http-nio-8080-exec-8] o.s.security.web.FilterChainProxy        : Trying to match request against DefaultSecurityFilterChain [RequestMatcher=Deferred [Mvc [pattern='/actuator/**'], Ant [pattern='/actuator/**']], Filters=[]] (7/9)
2026-06-05T12:40:14.982-03:00 TRACE 19284 --- [libraryapi] [http-nio-8080-exec-8] o.s.security.web.FilterChainProxy        : Trying to match request against DefaultSecurityFilterChain [RequestMatcher=org.springframework.security.oauth2.server.authorization.config.annotation.web.configurers.OAuth2AuthorizationServerConfigurer$$Lambda/0x0000022d5aaec390@1199ac5, Filters=[org.springframework.security.web.session.DisableEncodeUrlFilter@62c2eca2, org.springframework.security.web.context.request.async.WebAsyncManagerIntegrationFilter@5fdbb8c0, org.springframework.security.web.context.SecurityContextHolderFilter@6707ab9, org.springframework.security.oauth2.server.authorization.config.annotation.web.configurers.AuthorizationServerContextFilter@6cb890ac, org.springframework.security.web.header.HeaderWriterFilter@54d8c998, org.springframework.security.web.csrf.CsrfFilter@635ad140, org.springframework.security.oauth2.server.authorization.oidc.web.OidcLogoutEndpointFilter@293918f9, org.springframework.security.web.authentication.logout.LogoutFilter@3405202c, org.springframework.security.oauth2.server.authorization.web.OAuth2AuthorizationServerMetadataEndpointFilter@229d5d14, org.springframework.security.oauth2.server.authorization.web.OAuth2AuthorizationEndpointFilter@5c8ec2f6, org.springframework.security.oauth2.server.authorization.web.OAuth2DeviceVerificationEndpointFilter@3d039fe6, org.springframework.security.oauth2.server.authorization.oidc.web.OidcProviderConfigurationEndpointFilter@77f3bb3f, org.springframework.security.oauth2.server.authorization.web.NimbusJwkSetEndpointFilter@5eab3eac, org.springframework.security.oauth2.server.authorization.web.OAuth2ClientAuthenticationFilter@5d708ef6, org.springframework.security.web.authentication.UsernamePasswordAuthenticationFilter@1e5a8278, org.springframework.security.oauth2.server.resource.web.authentication.BearerTokenAuthenticationFilter@11def039, org.springframework.security.web.savedrequest.RequestCacheAwareFilter@3862381d, org.springframework.security.web.servletapi.SecurityContextHolderAwareRequestFilter@160ecb8f, org.springframework.security.web.authentication.AnonymousAuthenticationFilter@1a8c5c20, org.springframework.security.web.access.ExceptionTranslationFilter@4aca25e8, org.springframework.security.web.access.intercept.AuthorizationFilter@5ddd3150, org.springframework.security.oauth2.server.authorization.web.OAuth2TokenEndpointFilter@281e2377, org.springframework.security.oauth2.server.authorization.web.OAuth2TokenIntrospectionEndpointFilter@61ab2bcc, org.springframework.security.oauth2.server.authorization.web.OAuth2TokenRevocationEndpointFilter@35014251, org.springframework.security.oauth2.server.authorization.web.OAuth2DeviceAuthorizationEndpointFilter@258274cb, org.springframework.security.oauth2.server.authorization.oidc.web.OidcUserInfoEndpointFilter@2a987a5d]] (8/9)
2026-06-05T12:40:14.982-03:00 TRACE 19284 --- [libraryapi] [http-nio-8080-exec-8] o.s.security.web.FilterChainProxy        : Trying to match request against DefaultSecurityFilterChain [RequestMatcher=any request, Filters=[org.springframework.security.web.session.DisableEncodeUrlFilter@e50a9a2, org.springframework.security.web.context.request.async.WebAsyncManagerIntegrationFilter@7b02f336, org.springframework.security.web.context.SecurityContextHolderFilter@4037fcc, org.springframework.security.web.header.HeaderWriterFilter@708f8545, org.springframework.security.web.authentication.logout.LogoutFilter@51406cdd, org.springframework.security.oauth2.client.web.OAuth2AuthorizationRequestRedirectFilter@4c110f87, org.springframework.security.oauth2.client.web.OAuth2LoginAuthenticationFilter@32d00eea, org.springframework.security.web.authentication.UsernamePasswordAuthenticationFilter@55fee98a, org.springframework.security.oauth2.server.resource.web.authentication.BearerTokenAuthenticationFilter@39894485, com.github.iuryrayam.libraryapi.security.JwtCustomAuthenticationFilter@7df1fc5a, org.springframework.security.web.savedrequest.RequestCacheAwareFilter@599e81bd, org.springframework.security.web.servletapi.SecurityContextHolderAwareRequestFilter@7a4729e6, org.springframework.security.web.authentication.AnonymousAuthenticationFilter@799d492e, org.springframework.security.web.access.ExceptionTranslationFilter@59606589, org.springframework.security.web.access.intercept.AuthorizationFilter@6dcf902]] (9/9)
2026-06-05T12:40:14.982-03:00 DEBUG 19284 --- [libraryapi] [http-nio-8080-exec-8] o.s.security.web.FilterChainProxy        : Securing GET /favicon.ico
2026-06-05T12:40:14.984-03:00 TRACE 19284 --- [libraryapi] [http-nio-8080-exec-8] o.s.security.web.FilterChainProxy        : Invoking DisableEncodeUrlFilter (1/15)
2026-06-05T12:40:14.984-03:00 TRACE 19284 --- [libraryapi] [http-nio-8080-exec-8] o.s.security.web.FilterChainProxy        : Invoking WebAsyncManagerIntegrationFilter (2/15)
2026-06-05T12:40:14.985-03:00 TRACE 19284 --- [libraryapi] [http-nio-8080-exec-8] o.s.security.web.FilterChainProxy        : Invoking SecurityContextHolderFilter (3/15)
2026-06-05T12:40:14.985-03:00 TRACE 19284 --- [libraryapi] [http-nio-8080-exec-8] o.s.security.web.FilterChainProxy        : Invoking HeaderWriterFilter (4/15)
2026-06-05T12:40:14.986-03:00 TRACE 19284 --- [libraryapi] [http-nio-8080-exec-8] o.s.security.web.FilterChainProxy        : Invoking LogoutFilter (5/15)
2026-06-05T12:40:14.986-03:00 TRACE 19284 --- [libraryapi] [http-nio-8080-exec-8] o.s.s.w.a.logout.LogoutFilter            : Did not match request to Or [Ant [pattern='/logout', GET], Ant [pattern='/logout', POST], Ant [pattern='/logout', PUT], Ant [pattern='/logout', DELETE]]
2026-06-05T12:40:14.986-03:00 TRACE 19284 --- [libraryapi] [http-nio-8080-exec-8] o.s.security.web.FilterChainProxy        : Invoking OAuth2AuthorizationRequestRedirectFilter (6/15)
2026-06-05T12:40:14.987-03:00 TRACE 19284 --- [libraryapi] [http-nio-8080-exec-8] o.s.security.web.FilterChainProxy        : Invoking OAuth2LoginAuthenticationFilter (7/15)
2026-06-05T12:40:14.987-03:00 TRACE 19284 --- [libraryapi] [http-nio-8080-exec-8] .s.o.c.w.OAuth2LoginAuthenticationFilter : Did not match request to Ant [pattern='/login/oauth2/code/*']
2026-06-05T12:40:14.987-03:00 TRACE 19284 --- [libraryapi] [http-nio-8080-exec-8] o.s.security.web.FilterChainProxy        : Invoking UsernamePasswordAuthenticationFilter (8/15)
2026-06-05T12:40:14.988-03:00 TRACE 19284 --- [libraryapi] [http-nio-8080-exec-8] w.a.UsernamePasswordAuthenticationFilter : Did not match request to Ant [pattern='/login', POST]
2026-06-05T12:40:14.988-03:00 TRACE 19284 --- [libraryapi] [http-nio-8080-exec-8] o.s.security.web.FilterChainProxy        : Invoking BearerTokenAuthenticationFilter (9/15)
2026-06-05T12:40:14.988-03:00 TRACE 19284 --- [libraryapi] [http-nio-8080-exec-8] .s.r.w.a.BearerTokenAuthenticationFilter : Did not process request since did not find bearer token
2026-06-05T12:40:14.988-03:00 TRACE 19284 --- [libraryapi] [http-nio-8080-exec-8] o.s.security.web.FilterChainProxy        : Invoking JwtCustomAuthenticationFilter (10/15)
2026-06-05T12:40:14.988-03:00 TRACE 19284 --- [libraryapi] [http-nio-8080-exec-8] w.c.HttpSessionSecurityContextRepository : No HttpSession currently exists
2026-06-05T12:40:14.988-03:00 TRACE 19284 --- [libraryapi] [http-nio-8080-exec-8] .s.s.w.c.SupplierDeferredSecurityContext : Created SecurityContextImpl [Null authentication]
2026-06-05T12:40:14.988-03:00 TRACE 19284 --- [libraryapi] [http-nio-8080-exec-8] .s.s.w.c.SupplierDeferredSecurityContext : Created SecurityContextImpl [Null authentication]
2026-06-05T12:40:14.989-03:00 TRACE 19284 --- [libraryapi] [http-nio-8080-exec-8] o.s.security.web.FilterChainProxy        : Invoking RequestCacheAwareFilter (11/15)
2026-06-05T12:40:14.989-03:00 TRACE 19284 --- [libraryapi] [http-nio-8080-exec-8] o.s.s.w.s.HttpSessionRequestCache        : matchingRequestParameterName is required for getMatchingRequest to lookup a value, but not provided
2026-06-05T12:40:14.989-03:00 TRACE 19284 --- [libraryapi] [http-nio-8080-exec-8] o.s.security.web.FilterChainProxy        : Invoking SecurityContextHolderAwareRequestFilter (12/15)
2026-06-05T12:40:14.989-03:00 TRACE 19284 --- [libraryapi] [http-nio-8080-exec-8] o.s.security.web.FilterChainProxy        : Invoking AnonymousAuthenticationFilter (13/15)
2026-06-05T12:40:14.989-03:00 TRACE 19284 --- [libraryapi] [http-nio-8080-exec-8] o.s.security.web.FilterChainProxy        : Invoking ExceptionTranslationFilter (14/15)
2026-06-05T12:40:14.989-03:00 TRACE 19284 --- [libraryapi] [http-nio-8080-exec-8] o.s.security.web.FilterChainProxy        : Invoking AuthorizationFilter (15/15)
2026-06-05T12:40:14.990-03:00 TRACE 19284 --- [libraryapi] [http-nio-8080-exec-8] estMatcherDelegatingAuthorizationManager : Authorizing GET /favicon.ico
2026-06-05T12:40:14.990-03:00 TRACE 19284 --- [libraryapi] [http-nio-8080-exec-8] estMatcherDelegatingAuthorizationManager : Checking authorization on GET /favicon.ico using org.springframework.security.authorization.AuthenticatedAuthorizationManager@1a0dc622
2026-06-05T12:40:14.991-03:00 TRACE 19284 --- [libraryapi] [http-nio-8080-exec-8] o.s.s.w.a.AnonymousAuthenticationFilter  : Set SecurityContextHolder to AnonymousAuthenticationToken [Principal=anonymousUser, Credentials=[PROTECTED], Authenticated=true, Details=WebAuthenticationDetails [RemoteIpAddress=0:0:0:0:0:0:0:1, SessionId=null], Granted Authorities=[ROLE_ANONYMOUS]]
2026-06-05T12:40:14.992-03:00 TRACE 19284 --- [libraryapi] [http-nio-8080-exec-8] o.s.s.w.a.ExceptionTranslationFilter     : Sending AnonymousAuthenticationToken [Principal=anonymousUser, Credentials=[PROTECTED], Authenticated=true, Details=WebAuthenticationDetails [RemoteIpAddress=0:0:0:0:0:0:0:1, SessionId=null], Granted Authorities=[ROLE_ANONYMOUS]] to authentication entry point since access is denied

org.springframework.security.access.AccessDeniedException: Access Denied
	at org.springframework.security.web.access.intercept.AuthorizationFilter.doFilter(AuthorizationFilter.java:98) ~[spring-security-web-6.3.3.jar:6.3.3]
	at org.springframework.security.web.ObservationFilterChainDecorator$ObservationFilter.wrapFilter(ObservationFilterChainDecorator.java:240) ~[spring-security-web-6.3.3.jar:6.3.3]
	at org.springframework.security.web.ObservationFilterChainDecorator$ObservationFilter.doFilter(ObservationFilterChainDecorator.java:227) ~[spring-security-web-6.3.3.jar:6.3.3]
	at org.springframework.security.web.ObservationFilterChainDecorator$VirtualFilterChain.doFilter(ObservationFilterChainDecorator.java:137) ~[spring-security-web-6.3.3.jar:6.3.3]
	at org.springframework.security.web.access.ExceptionTranslationFilter.doFilter(ExceptionTranslationFilter.java:126) ~[spring-security-web-6.3.3.jar:6.3.3]
	at org.springframework.security.web.access.ExceptionTranslationFilter.doFilter(ExceptionTranslationFilter.java:120) ~[spring-security-web-6.3.3.jar:6.3.3]
	at org.springframework.security.web.ObservationFilterChainDecorator$ObservationFilter.wrapFilter(ObservationFilterChainDecorator.java:240) ~[spring-security-web-6.3.3.jar:6.3.3]
	at org.springframework.security.web.ObservationFilterChainDecorator$ObservationFilter.doFilter(ObservationFilterChainDecorator.java:227) ~[spring-security-web-6.3.3.jar:6.3.3]
	at org.springframework.security.web.ObservationFilterChainDecorator$VirtualFilterChain.doFilter(ObservationFilterChainDecorator.java:137) ~[spring-security-web-6.3.3.jar:6.3.3]
	at org.springframework.security.web.authentication.AnonymousAuthenticationFilter.doFilter(AnonymousAuthenticationFilter.java:100) ~[spring-security-web-6.3.3.jar:6.3.3]
	at org.springframework.security.web.ObservationFilterChainDecorator$ObservationFilter.wrapFilter(ObservationFilterChainDecorator.java:240) ~[spring-security-web-6.3.3.jar:6.3.3]
	at org.springframework.security.web.ObservationFilterChainDecorator$ObservationFilter.doFilter(ObservationFilterChainDecorator.java:227) ~[spring-security-web-6.3.3.jar:6.3.3]
	at org.springframework.security.web.ObservationFilterChainDecorator$VirtualFilterChain.doFilter(ObservationFilterChainDecorator.java:137) ~[spring-security-web-6.3.3.jar:6.3.3]
	at org.springframework.security.web.servletapi.SecurityContextHolderAwareRequestFilter.doFilter(SecurityContextHolderAwareRequestFilter.java:179) ~[spring-security-web-6.3.3.jar:6.3.3]
	at org.springframework.security.web.ObservationFilterChainDecorator$ObservationFilter.wrapFilter(ObservationFilterChainDecorator.java:240) ~[spring-security-web-6.3.3.jar:6.3.3]
	at org.springframework.security.web.ObservationFilterChainDecorator$ObservationFilter.doFilter(ObservationFilterChainDecorator.java:227) ~[spring-security-web-6.3.3.jar:6.3.3]
	at org.springframework.security.web.ObservationFilterChainDecorator$VirtualFilterChain.doFilter(ObservationFilterChainDecorator.java:137) ~[spring-security-web-6.3.3.jar:6.3.3]
	at org.springframework.security.web.savedrequest.RequestCacheAwareFilter.doFilter(RequestCacheAwareFilter.java:63) ~[spring-security-web-6.3.3.jar:6.3.3]
	at org.springframework.security.web.ObservationFilterChainDecorator$ObservationFilter.wrapFilter(ObservationFilterChainDecorator.java:240) ~[spring-security-web-6.3.3.jar:6.3.3]
	at org.springframework.security.web.ObservationFilterChainDecorator$ObservationFilter.doFilter(ObservationFilterChainDecorator.java:227) ~[spring-security-web-6.3.3.jar:6.3.3]
	at org.springframework.security.web.ObservationFilterChainDecorator$VirtualFilterChain.doFilter(ObservationFilterChainDecorator.java:137) ~[spring-security-web-6.3.3.jar:6.3.3]
	at com.github.iuryrayam.libraryapi.security.JwtCustomAuthenticationFilter.doFilterInternal(JwtCustomAuthenticationFilter.java:42) ~[classes/:na]
	at org.springframework.web.filter.OncePerRequestFilter.doFilter(OncePerRequestFilter.java:116) ~[spring-web-6.1.13.jar:6.1.13]
	at org.springframework.security.web.ObservationFilterChainDecorator$ObservationFilter.wrapFilter(ObservationFilterChainDecorator.java:240) ~[spring-security-web-6.3.3.jar:6.3.3]
	at org.springframework.security.web.ObservationFilterChainDecorator$ObservationFilter.doFilter(ObservationFilterChainDecorator.java:227) ~[spring-security-web-6.3.3.jar:6.3.3]
	at org.springframework.security.web.ObservationFilterChainDecorator$VirtualFilterChain.doFilter(ObservationFilterChainDecorator.java:137) ~[spring-security-web-6.3.3.jar:6.3.3]
	at org.springframework.security.oauth2.server.resource.web.authentication.BearerTokenAuthenticationFilter.doFilterInternal(BearerTokenAuthenticationFilter.java:128) ~[spring-security-oauth2-resource-server-6.3.3.jar:6.3.3]
	at org.springframework.web.filter.OncePerRequestFilter.doFilter(OncePerRequestFilter.java:116) ~[spring-web-6.1.13.jar:6.1.13]
	at org.springframework.security.web.ObservationFilterChainDecorator$ObservationFilter.wrapFilter(ObservationFilterChainDecorator.java:240) ~[spring-security-web-6.3.3.jar:6.3.3]
	at org.springframework.security.web.ObservationFilterChainDecorator$ObservationFilter.doFilter(ObservationFilterChainDecorator.java:227) ~[spring-security-web-6.3.3.jar:6.3.3]
	at org.springframework.security.web.ObservationFilterChainDecorator$VirtualFilterChain.doFilter(ObservationFilterChainDecorator.java:137) ~[spring-security-web-6.3.3.jar:6.3.3]
	at org.springframework.security.web.authentication.AbstractAuthenticationProcessingFilter.doFilter(AbstractAuthenticationProcessingFilter.java:227) ~[spring-security-web-6.3.3.jar:6.3.3]
	at org.springframework.security.web.authentication.AbstractAuthenticationProcessingFilter.doFilter(AbstractAuthenticationProcessingFilter.java:221) ~[spring-security-web-6.3.3.jar:6.3.3]
	at org.springframework.security.web.ObservationFilterChainDecorator$ObservationFilter.wrapFilter(ObservationFilterChainDecorator.java:240) ~[spring-security-web-6.3.3.jar:6.3.3]
	at org.springframework.security.web.ObservationFilterChainDecorator$ObservationFilter.doFilter(ObservationFilterChainDecorator.java:227) ~[spring-security-web-6.3.3.jar:6.3.3]
	at org.springframework.security.web.ObservationFilterChainDecorator$VirtualFilterChain.doFilter(ObservationFilterChainDecorator.java:137) ~[spring-security-web-6.3.3.jar:6.3.3]
	at org.springframework.security.web.authentication.AbstractAuthenticationProcessingFilter.doFilter(AbstractAuthenticationProcessingFilter.java:227) ~[spring-security-web-6.3.3.jar:6.3.3]
	at org.springframework.security.web.authentication.AbstractAuthenticationProcessingFilter.doFilter(AbstractAuthenticationProcessingFilter.java:221) ~[spring-security-web-6.3.3.jar:6.3.3]
	at org.springframework.security.web.ObservationFilterChainDecorator$ObservationFilter.wrapFilter(ObservationFilterChainDecorator.java:240) ~[spring-security-web-6.3.3.jar:6.3.3]
	at org.springframework.security.web.ObservationFilterChainDecorator$ObservationFilter.doFilter(ObservationFilterChainDecorator.java:227) ~[spring-security-web-6.3.3.jar:6.3.3]
	at org.springframework.security.web.ObservationFilterChainDecorator$VirtualFilterChain.doFilter(ObservationFilterChainDecorator.java:137) ~[spring-security-web-6.3.3.jar:6.3.3]
	at org.springframework.security.oauth2.client.web.OAuth2AuthorizationRequestRedirectFilter.doFilterInternal(OAuth2AuthorizationRequestRedirectFilter.java:198) ~[spring-security-oauth2-client-6.3.3.jar:6.3.3]
	at org.springframework.web.filter.OncePerRequestFilter.doFilter(OncePerRequestFilter.java:116) ~[spring-web-6.1.13.jar:6.1.13]
	at org.springframework.security.web.ObservationFilterChainDecorator$ObservationFilter.wrapFilter(ObservationFilterChainDecorator.java:240) ~[spring-security-web-6.3.3.jar:6.3.3]
	at org.springframework.security.web.ObservationFilterChainDecorator$ObservationFilter.doFilter(ObservationFilterChainDecorator.java:227) ~[spring-security-web-6.3.3.jar:6.3.3]
	at org.springframework.security.web.ObservationFilterChainDecorator$VirtualFilterChain.doFilter(ObservationFilterChainDecorator.java:137) ~[spring-security-web-6.3.3.jar:6.3.3]
	at org.springframework.security.web.authentication.logout.LogoutFilter.doFilter(LogoutFilter.java:107) ~[spring-security-web-6.3.3.jar:6.3.3]
	at org.springframework.security.web.authentication.logout.LogoutFilter.doFilter(LogoutFilter.java:93) ~[spring-security-web-6.3.3.jar:6.3.3]
	at org.springframework.security.web.ObservationFilterChainDecorator$ObservationFilter.wrapFilter(ObservationFilterChainDecorator.java:240) ~[spring-security-web-6.3.3.jar:6.3.3]
	at org.springframework.security.web.ObservationFilterChainDecorator$ObservationFilter.doFilter(ObservationFilterChainDecorator.java:227) ~[spring-security-web-6.3.3.jar:6.3.3]
	at org.springframework.security.web.ObservationFilterChainDecorator$VirtualFilterChain.doFilter(ObservationFilterChainDecorator.java:137) ~[spring-security-web-6.3.3.jar:6.3.3]
	at org.springframework.security.web.header.HeaderWriterFilter.doHeadersAfter(HeaderWriterFilter.java:90) ~[spring-security-web-6.3.3.jar:6.3.3]
	at org.springframework.security.web.header.HeaderWriterFilter.doFilterInternal(HeaderWriterFilter.java:75) ~[spring-security-web-6.3.3.jar:6.3.3]
	at org.springframework.web.filter.OncePerRequestFilter.doFilter(OncePerRequestFilter.java:116) ~[spring-web-6.1.13.jar:6.1.13]
	at org.springframework.security.web.ObservationFilterChainDecorator$ObservationFilter.wrapFilter(ObservationFilterChainDecorator.java:240) ~[spring-security-web-6.3.3.jar:6.3.3]
	at org.springframework.security.web.ObservationFilterChainDecorator$ObservationFilter.doFilter(ObservationFilterChainDecorator.java:227) ~[spring-security-web-6.3.3.jar:6.3.3]
	at org.springframework.security.web.ObservationFilterChainDecorator$VirtualFilterChain.doFilter(ObservationFilterChainDecorator.java:137) ~[spring-security-web-6.3.3.jar:6.3.3]
	at org.springframework.security.web.context.SecurityContextHolderFilter.doFilter(SecurityContextHolderFilter.java:82) ~[spring-security-web-6.3.3.jar:6.3.3]
	at org.springframework.security.web.context.SecurityContextHolderFilter.doFilter(SecurityContextHolderFilter.java:69) ~[spring-security-web-6.3.3.jar:6.3.3]
	at org.springframework.security.web.ObservationFilterChainDecorator$ObservationFilter.wrapFilter(ObservationFilterChainDecorator.java:240) ~[spring-security-web-6.3.3.jar:6.3.3]
	at org.springframework.security.web.ObservationFilterChainDecorator$ObservationFilter.doFilter(ObservationFilterChainDecorator.java:227) ~[spring-security-web-6.3.3.jar:6.3.3]
	at org.springframework.security.web.ObservationFilterChainDecorator$VirtualFilterChain.doFilter(ObservationFilterChainDecorator.java:137) ~[spring-security-web-6.3.3.jar:6.3.3]
	at org.springframework.security.web.context.request.async.WebAsyncManagerIntegrationFilter.doFilterInternal(WebAsyncManagerIntegrationFilter.java:62) ~[spring-security-web-6.3.3.jar:6.3.3]
	at org.springframework.web.filter.OncePerRequestFilter.doFilter(OncePerRequestFilter.java:116) ~[spring-web-6.1.13.jar:6.1.13]
	at org.springframework.security.web.ObservationFilterChainDecorator$ObservationFilter.wrapFilter(ObservationFilterChainDecorator.java:240) ~[spring-security-web-6.3.3.jar:6.3.3]
	at org.springframework.security.web.ObservationFilterChainDecorator$ObservationFilter.doFilter(ObservationFilterChainDecorator.java:227) ~[spring-security-web-6.3.3.jar:6.3.3]
	at org.springframework.security.web.ObservationFilterChainDecorator$VirtualFilterChain.doFilter(ObservationFilterChainDecorator.java:137) ~[spring-security-web-6.3.3.jar:6.3.3]
	at org.springframework.security.web.session.DisableEncodeUrlFilter.doFilterInternal(DisableEncodeUrlFilter.java:42) ~[spring-security-web-6.3.3.jar:6.3.3]
	at org.springframework.web.filter.OncePerRequestFilter.doFilter(OncePerRequestFilter.java:116) ~[spring-web-6.1.13.jar:6.1.13]
	at org.springframework.security.web.ObservationFilterChainDecorator$ObservationFilter.wrapFilter(ObservationFilterChainDecorator.java:240) ~[spring-security-web-6.3.3.jar:6.3.3]
	at org.springframework.security.web.ObservationFilterChainDecorator$AroundFilterObservation$SimpleAroundFilterObservation.lambda$wrap$0(ObservationFilterChainDecorator.java:323) ~[spring-security-web-6.3.3.jar:6.3.3]
	at org.springframework.security.web.ObservationFilterChainDecorator$ObservationFilter.doFilter(ObservationFilterChainDecorator.java:224) ~[spring-security-web-6.3.3.jar:6.3.3]
	at org.springframework.security.web.ObservationFilterChainDecorator$VirtualFilterChain.doFilter(ObservationFilterChainDecorator.java:137) ~[spring-security-web-6.3.3.jar:6.3.3]
	at org.springframework.security.web.FilterChainProxy.doFilterInternal(FilterChainProxy.java:233) ~[spring-security-web-6.3.3.jar:6.3.3]
	at org.springframework.security.web.FilterChainProxy.doFilter(FilterChainProxy.java:191) ~[spring-security-web-6.3.3.jar:6.3.3]
	at org.springframework.web.filter.CompositeFilter$VirtualFilterChain.doFilter(CompositeFilter.java:113) ~[spring-web-6.1.13.jar:6.1.13]
	at org.springframework.web.servlet.handler.HandlerMappingIntrospector.lambda$createCacheFilter$3(HandlerMappingIntrospector.java:195) ~[spring-webmvc-6.1.13.jar:6.1.13]
	at org.springframework.web.filter.CompositeFilter$VirtualFilterChain.doFilter(CompositeFilter.java:113) ~[spring-web-6.1.13.jar:6.1.13]
	at org.springframework.web.filter.CompositeFilter.doFilter(CompositeFilter.java:74) ~[spring-web-6.1.13.jar:6.1.13]
	at org.springframework.security.config.annotation.web.configuration.WebMvcSecurityConfiguration$CompositeFilterChainProxy.doFilter(WebMvcSecurityConfiguration.java:230) ~[spring-security-config-6.3.3.jar:6.3.3]
	at org.springframework.web.filter.DelegatingFilterProxy.invokeDelegate(DelegatingFilterProxy.java:352) ~[spring-web-6.1.13.jar:6.1.13]
	at org.springframework.web.filter.DelegatingFilterProxy.doFilter(DelegatingFilterProxy.java:268) ~[spring-web-6.1.13.jar:6.1.13]
	at org.apache.catalina.core.ApplicationFilterChain.internalDoFilter(ApplicationFilterChain.java:164) ~[tomcat-embed-core-10.1.30.jar:10.1.30]
	at org.apache.catalina.core.ApplicationFilterChain.doFilter(ApplicationFilterChain.java:140) ~[tomcat-embed-core-10.1.30.jar:10.1.30]
	at org.springframework.web.filter.ServerHttpObservationFilter.doFilterInternal(ServerHttpObservationFilter.java:113) ~[spring-web-6.1.13.jar:6.1.13]
	at org.springframework.web.filter.OncePerRequestFilter.doFilter(OncePerRequestFilter.java:116) ~[spring-web-6.1.13.jar:6.1.13]
	at org.apache.catalina.core.ApplicationFilterChain.internalDoFilter(ApplicationFilterChain.java:164) ~[tomcat-embed-core-10.1.30.jar:10.1.30]
	at org.apache.catalina.core.ApplicationFilterChain.doFilter(ApplicationFilterChain.java:140) ~[tomcat-embed-core-10.1.30.jar:10.1.30]
	at org.springframework.web.filter.CharacterEncodingFilter.doFilterInternal(CharacterEncodingFilter.java:201) ~[spring-web-6.1.13.jar:6.1.13]
	at org.springframework.web.filter.OncePerRequestFilter.doFilter(OncePerRequestFilter.java:116) ~[spring-web-6.1.13.jar:6.1.13]
	at org.apache.catalina.core.ApplicationFilterChain.internalDoFilter(ApplicationFilterChain.java:164) ~[tomcat-embed-core-10.1.30.jar:10.1.30]
	at org.apache.catalina.core.ApplicationFilterChain.doFilter(ApplicationFilterChain.java:140) ~[tomcat-embed-core-10.1.30.jar:10.1.30]
	at org.apache.catalina.core.StandardWrapperValve.invoke(StandardWrapperValve.java:167) ~[tomcat-embed-core-10.1.30.jar:10.1.30]
	at org.apache.catalina.core.StandardContextValve.invoke(StandardContextValve.java:90) ~[tomcat-embed-core-10.1.30.jar:10.1.30]
	at org.apache.catalina.authenticator.AuthenticatorBase.invoke(AuthenticatorBase.java:483) ~[tomcat-embed-core-10.1.30.jar:10.1.30]
	at org.apache.catalina.core.StandardHostValve.invoke(StandardHostValve.java:115) ~[tomcat-embed-core-10.1.30.jar:10.1.30]
	at org.apache.catalina.valves.ErrorReportValve.invoke(ErrorReportValve.java:93) ~[tomcat-embed-core-10.1.30.jar:10.1.30]
	at org.apache.catalina.core.StandardEngineValve.invoke(StandardEngineValve.java:74) ~[tomcat-embed-core-10.1.30.jar:10.1.30]
	at org.apache.catalina.connector.CoyoteAdapter.service(CoyoteAdapter.java:344) ~[tomcat-embed-core-10.1.30.jar:10.1.30]
	at org.apache.coyote.http11.Http11Processor.service(Http11Processor.java:384) ~[tomcat-embed-core-10.1.30.jar:10.1.30]
	at org.apache.coyote.AbstractProcessorLight.process(AbstractProcessorLight.java:63) ~[tomcat-embed-core-10.1.30.jar:10.1.30]
	at org.apache.coyote.AbstractProtocol$ConnectionHandler.process(AbstractProtocol.java:905) ~[tomcat-embed-core-10.1.30.jar:10.1.30]
	at org.apache.tomcat.util.net.NioEndpoint$SocketProcessor.doRun(NioEndpoint.java:1741) ~[tomcat-embed-core-10.1.30.jar:10.1.30]
	at org.apache.tomcat.util.net.SocketProcessorBase.run(SocketProcessorBase.java:52) ~[tomcat-embed-core-10.1.30.jar:10.1.30]
	at org.apache.tomcat.util.threads.ThreadPoolExecutor.runWorker(ThreadPoolExecutor.java:1190) ~[tomcat-embed-core-10.1.30.jar:10.1.30]
	at org.apache.tomcat.util.threads.ThreadPoolExecutor$Worker.run(ThreadPoolExecutor.java:659) ~[tomcat-embed-core-10.1.30.jar:10.1.30]
	at org.apache.tomcat.util.threads.TaskThread$WrappingRunnable.run(TaskThread.java:63) ~[tomcat-embed-core-10.1.30.jar:10.1.30]
	at java.base/java.lang.Thread.run(Thread.java:1583) ~[na:na]

2026-06-05T12:40:14.996-03:00 TRACE 19284 --- [libraryapi] [http-nio-8080-exec-8] o.s.s.w.s.HttpSessionRequestCache        : Did not save request since it did not match [And [Not [Ant [pattern='/**/favicon.*']], Not [MediaTypeRequestMatcher [contentNegotiationStrategy=org.springframework.web.accept.ContentNegotiationManager@3f693a39, matchingMediaTypes=[application/json], useEquals=false, ignoredMediaTypes=[*/*]]], Not [RequestHeaderRequestMatcher [expectedHeaderName=X-Requested-With, expectedHeaderValue=XMLHttpRequest]], Not [MediaTypeRequestMatcher [contentNegotiationStrategy=org.springframework.web.accept.ContentNegotiationManager@3f693a39, matchingMediaTypes=[multipart/form-data], useEquals=false, ignoredMediaTypes=[*/*]]], Not [MediaTypeRequestMatcher [contentNegotiationStrategy=org.springframework.web.accept.ContentNegotiationManager@3f693a39, matchingMediaTypes=[text/event-stream], useEquals=false, ignoredMediaTypes=[*/*]]]]]
2026-06-05T12:40:14.996-03:00 DEBUG 19284 --- [libraryapi] [http-nio-8080-exec-8] s.w.a.DelegatingAuthenticationEntryPoint : Trying to match using And [Not [RequestHeaderRequestMatcher [expectedHeaderName=X-Requested-With, expectedHeaderValue=XMLHttpRequest]], MediaTypeRequestMatcher [contentNegotiationStrategy=org.springframework.web.accept.ContentNegotiationManager@3f693a39, matchingMediaTypes=[application/xhtml+xml, image/*, text/html, text/plain], useEquals=false, ignoredMediaTypes=[*/*]]]
2026-06-05T12:40:14.997-03:00 DEBUG 19284 --- [libraryapi] [http-nio-8080-exec-8] s.w.a.DelegatingAuthenticationEntryPoint : Match found! Executing org.springframework.security.web.authentication.LoginUrlAuthenticationEntryPoint@47651c28
2026-06-05T12:40:14.998-03:00 DEBUG 19284 --- [libraryapi] [http-nio-8080-exec-8] o.s.s.web.DefaultRedirectStrategy        : Redirecting to http://localhost:8080/login
2026-06-05T12:40:14.998-03:00 TRACE 19284 --- [libraryapi] [http-nio-8080-exec-8] o.s.s.w.header.writers.HstsHeaderWriter  : Not injecting HSTS header since it did not match request to [Is Secure]
2026-06-05T12:40:15.005-03:00 TRACE 19284 --- [libraryapi] [http-nio-8080-exec-9] o.s.security.web.FilterChainProxy        : Trying to match request against DefaultSecurityFilterChain [RequestMatcher=Deferred [Mvc [pattern='/v2/api-docs/**'], Ant [pattern='/v2/api-docs/**']], Filters=[]] (1/9)
2026-06-05T12:40:15.006-03:00 TRACE 19284 --- [libraryapi] [http-nio-8080-exec-9] o.s.security.web.FilterChainProxy        : Trying to match request against DefaultSecurityFilterChain [RequestMatcher=Deferred [Mvc [pattern='v3/api-docs/**'], Ant [pattern='v3/api-docs/**']], Filters=[]] (2/9)
2026-06-05T12:40:15.006-03:00 TRACE 19284 --- [libraryapi] [http-nio-8080-exec-9] o.s.security.web.FilterChainProxy        : Trying to match request against DefaultSecurityFilterChain [RequestMatcher=Deferred [Mvc [pattern='/swagger-resource/**'], Ant [pattern='/swagger-resource/**']], Filters=[]] (3/9)
2026-06-05T12:40:15.007-03:00 TRACE 19284 --- [libraryapi] [http-nio-8080-exec-9] o.s.security.web.FilterChainProxy        : Trying to match request against DefaultSecurityFilterChain [RequestMatcher=Deferred [Mvc [pattern='/swagger-ui.html'], Ant [pattern='/swagger-ui.html']], Filters=[]] (4/9)
2026-06-05T12:40:15.007-03:00 TRACE 19284 --- [libraryapi] [http-nio-8080-exec-9] o.s.security.web.FilterChainProxy        : Trying to match request against DefaultSecurityFilterChain [RequestMatcher=Deferred [Mvc [pattern='/swagger-ui/**'], Ant [pattern='/swagger-ui/**']], Filters=[]] (5/9)
2026-06-05T12:40:15.009-03:00 TRACE 19284 --- [libraryapi] [http-nio-8080-exec-9] o.s.security.web.FilterChainProxy        : Trying to match request against DefaultSecurityFilterChain [RequestMatcher=Deferred [Mvc [pattern='/webjars/**'], Ant [pattern='/webjars/**']], Filters=[]] (6/9)
2026-06-05T12:40:15.009-03:00 TRACE 19284 --- [libraryapi] [http-nio-8080-exec-9] o.s.security.web.FilterChainProxy        : Trying to match request against DefaultSecurityFilterChain [RequestMatcher=Deferred [Mvc [pattern='/actuator/**'], Ant [pattern='/actuator/**']], Filters=[]] (7/9)
2026-06-05T12:40:15.010-03:00 TRACE 19284 --- [libraryapi] [http-nio-8080-exec-9] o.s.security.web.FilterChainProxy        : Trying to match request against DefaultSecurityFilterChain [RequestMatcher=org.springframework.security.oauth2.server.authorization.config.annotation.web.configurers.OAuth2AuthorizationServerConfigurer$$Lambda/0x0000022d5aaec390@1199ac5, Filters=[org.springframework.security.web.session.DisableEncodeUrlFilter@62c2eca2, org.springframework.security.web.context.request.async.WebAsyncManagerIntegrationFilter@5fdbb8c0, org.springframework.security.web.context.SecurityContextHolderFilter@6707ab9, org.springframework.security.oauth2.server.authorization.config.annotation.web.configurers.AuthorizationServerContextFilter@6cb890ac, org.springframework.security.web.header.HeaderWriterFilter@54d8c998, org.springframework.security.web.csrf.CsrfFilter@635ad140, org.springframework.security.oauth2.server.authorization.oidc.web.OidcLogoutEndpointFilter@293918f9, org.springframework.security.web.authentication.logout.LogoutFilter@3405202c, org.springframework.security.oauth2.server.authorization.web.OAuth2AuthorizationServerMetadataEndpointFilter@229d5d14, org.springframework.security.oauth2.server.authorization.web.OAuth2AuthorizationEndpointFilter@5c8ec2f6, org.springframework.security.oauth2.server.authorization.web.OAuth2DeviceVerificationEndpointFilter@3d039fe6, org.springframework.security.oauth2.server.authorization.oidc.web.OidcProviderConfigurationEndpointFilter@77f3bb3f, org.springframework.security.oauth2.server.authorization.web.NimbusJwkSetEndpointFilter@5eab3eac, org.springframework.security.oauth2.server.authorization.web.OAuth2ClientAuthenticationFilter@5d708ef6, org.springframework.security.web.authentication.UsernamePasswordAuthenticationFilter@1e5a8278, org.springframework.security.oauth2.server.resource.web.authentication.BearerTokenAuthenticationFilter@11def039, org.springframework.security.web.savedrequest.RequestCacheAwareFilter@3862381d, org.springframework.security.web.servletapi.SecurityContextHolderAwareRequestFilter@160ecb8f, org.springframework.security.web.authentication.AnonymousAuthenticationFilter@1a8c5c20, org.springframework.security.web.access.ExceptionTranslationFilter@4aca25e8, org.springframework.security.web.access.intercept.AuthorizationFilter@5ddd3150, org.springframework.security.oauth2.server.authorization.web.OAuth2TokenEndpointFilter@281e2377, org.springframework.security.oauth2.server.authorization.web.OAuth2TokenIntrospectionEndpointFilter@61ab2bcc, org.springframework.security.oauth2.server.authorization.web.OAuth2TokenRevocationEndpointFilter@35014251, org.springframework.security.oauth2.server.authorization.web.OAuth2DeviceAuthorizationEndpointFilter@258274cb, org.springframework.security.oauth2.server.authorization.oidc.web.OidcUserInfoEndpointFilter@2a987a5d]] (8/9)
2026-06-05T12:40:15.011-03:00 TRACE 19284 --- [libraryapi] [http-nio-8080-exec-9] o.s.security.web.FilterChainProxy        : Trying to match request against DefaultSecurityFilterChain [RequestMatcher=any request, Filters=[org.springframework.security.web.session.DisableEncodeUrlFilter@e50a9a2, org.springframework.security.web.context.request.async.WebAsyncManagerIntegrationFilter@7b02f336, org.springframework.security.web.context.SecurityContextHolderFilter@4037fcc, org.springframework.security.web.header.HeaderWriterFilter@708f8545, org.springframework.security.web.authentication.logout.LogoutFilter@51406cdd, org.springframework.security.oauth2.client.web.OAuth2AuthorizationRequestRedirectFilter@4c110f87, org.springframework.security.oauth2.client.web.OAuth2LoginAuthenticationFilter@32d00eea, org.springframework.security.web.authentication.UsernamePasswordAuthenticationFilter@55fee98a, org.springframework.security.oauth2.server.resource.web.authentication.BearerTokenAuthenticationFilter@39894485, com.github.iuryrayam.libraryapi.security.JwtCustomAuthenticationFilter@7df1fc5a, org.springframework.security.web.savedrequest.RequestCacheAwareFilter@599e81bd, org.springframework.security.web.servletapi.SecurityContextHolderAwareRequestFilter@7a4729e6, org.springframework.security.web.authentication.AnonymousAuthenticationFilter@799d492e, org.springframework.security.web.access.ExceptionTranslationFilter@59606589, org.springframework.security.web.access.intercept.AuthorizationFilter@6dcf902]] (9/9)
2026-06-05T12:40:15.011-03:00 DEBUG 19284 --- [libraryapi] [http-nio-8080-exec-9] o.s.security.web.FilterChainProxy        : Securing GET /login
2026-06-05T12:40:15.011-03:00 TRACE 19284 --- [libraryapi] [http-nio-8080-exec-9] o.s.security.web.FilterChainProxy        : Invoking DisableEncodeUrlFilter (1/15)
2026-06-05T12:40:15.012-03:00 TRACE 19284 --- [libraryapi] [http-nio-8080-exec-9] o.s.security.web.FilterChainProxy        : Invoking WebAsyncManagerIntegrationFilter (2/15)
2026-06-05T12:40:15.012-03:00 TRACE 19284 --- [libraryapi] [http-nio-8080-exec-9] o.s.security.web.FilterChainProxy        : Invoking SecurityContextHolderFilter (3/15)
2026-06-05T12:40:15.014-03:00 TRACE 19284 --- [libraryapi] [http-nio-8080-exec-9] o.s.security.web.FilterChainProxy        : Invoking HeaderWriterFilter (4/15)
2026-06-05T12:40:15.015-03:00 TRACE 19284 --- [libraryapi] [http-nio-8080-exec-9] o.s.security.web.FilterChainProxy        : Invoking LogoutFilter (5/15)
2026-06-05T12:40:15.016-03:00 TRACE 19284 --- [libraryapi] [http-nio-8080-exec-9] o.s.s.w.a.logout.LogoutFilter            : Did not match request to Or [Ant [pattern='/logout', GET], Ant [pattern='/logout', POST], Ant [pattern='/logout', PUT], Ant [pattern='/logout', DELETE]]
2026-06-05T12:40:15.016-03:00 TRACE 19284 --- [libraryapi] [http-nio-8080-exec-9] o.s.security.web.FilterChainProxy        : Invoking OAuth2AuthorizationRequestRedirectFilter (6/15)
2026-06-05T12:40:15.016-03:00 TRACE 19284 --- [libraryapi] [http-nio-8080-exec-9] o.s.security.web.FilterChainProxy        : Invoking OAuth2LoginAuthenticationFilter (7/15)
2026-06-05T12:40:15.017-03:00 TRACE 19284 --- [libraryapi] [http-nio-8080-exec-9] .s.o.c.w.OAuth2LoginAuthenticationFilter : Did not match request to Ant [pattern='/login/oauth2/code/*']
2026-06-05T12:40:15.017-03:00 TRACE 19284 --- [libraryapi] [http-nio-8080-exec-9] o.s.security.web.FilterChainProxy        : Invoking UsernamePasswordAuthenticationFilter (8/15)
2026-06-05T12:40:15.018-03:00 TRACE 19284 --- [libraryapi] [http-nio-8080-exec-9] w.a.UsernamePasswordAuthenticationFilter : Did not match request to Ant [pattern='/login', POST]
2026-06-05T12:40:15.018-03:00 TRACE 19284 --- [libraryapi] [http-nio-8080-exec-9] o.s.security.web.FilterChainProxy        : Invoking BearerTokenAuthenticationFilter (9/15)
2026-06-05T12:40:15.018-03:00 TRACE 19284 --- [libraryapi] [http-nio-8080-exec-9] .s.r.w.a.BearerTokenAuthenticationFilter : Did not process request since did not find bearer token
2026-06-05T12:40:15.020-03:00 TRACE 19284 --- [libraryapi] [http-nio-8080-exec-9] o.s.security.web.FilterChainProxy        : Invoking JwtCustomAuthenticationFilter (10/15)
2026-06-05T12:40:15.020-03:00 TRACE 19284 --- [libraryapi] [http-nio-8080-exec-9] w.c.HttpSessionSecurityContextRepository : No HttpSession currently exists
2026-06-05T12:40:15.021-03:00 TRACE 19284 --- [libraryapi] [http-nio-8080-exec-9] .s.s.w.c.SupplierDeferredSecurityContext : Created SecurityContextImpl [Null authentication]
2026-06-05T12:40:15.021-03:00 TRACE 19284 --- [libraryapi] [http-nio-8080-exec-9] .s.s.w.c.SupplierDeferredSecurityContext : Created SecurityContextImpl [Null authentication]
2026-06-05T12:40:15.021-03:00 TRACE 19284 --- [libraryapi] [http-nio-8080-exec-9] o.s.security.web.FilterChainProxy        : Invoking RequestCacheAwareFilter (11/15)
2026-06-05T12:40:15.022-03:00 TRACE 19284 --- [libraryapi] [http-nio-8080-exec-9] o.s.s.w.s.HttpSessionRequestCache        : matchingRequestParameterName is required for getMatchingRequest to lookup a value, but not provided
2026-06-05T12:40:15.022-03:00 TRACE 19284 --- [libraryapi] [http-nio-8080-exec-9] o.s.security.web.FilterChainProxy        : Invoking SecurityContextHolderAwareRequestFilter (12/15)
2026-06-05T12:40:15.023-03:00 TRACE 19284 --- [libraryapi] [http-nio-8080-exec-9] o.s.security.web.FilterChainProxy        : Invoking AnonymousAuthenticationFilter (13/15)
2026-06-05T12:40:15.023-03:00 TRACE 19284 --- [libraryapi] [http-nio-8080-exec-9] o.s.security.web.FilterChainProxy        : Invoking ExceptionTranslationFilter (14/15)
2026-06-05T12:40:15.023-03:00 TRACE 19284 --- [libraryapi] [http-nio-8080-exec-9] o.s.security.web.FilterChainProxy        : Invoking AuthorizationFilter (15/15)
2026-06-05T12:40:15.023-03:00 TRACE 19284 --- [libraryapi] [http-nio-8080-exec-9] estMatcherDelegatingAuthorizationManager : Authorizing GET /login
2026-06-05T12:40:15.023-03:00 TRACE 19284 --- [libraryapi] [http-nio-8080-exec-9] estMatcherDelegatingAuthorizationManager : Checking authorization on GET /login using org.springframework.security.config.annotation.web.configurers.AuthorizeHttpRequestsConfigurer$$Lambda/0x0000022d5aaec9c8@5b4b07a2
2026-06-05T12:40:15.025-03:00 DEBUG 19284 --- [libraryapi] [http-nio-8080-exec-9] o.s.security.web.FilterChainProxy        : Secured GET /login
2026-06-05T12:40:15.026-03:00 DEBUG 19284 --- [libraryapi] [http-nio-8080-exec-9] o.s.web.servlet.DispatcherServlet        : GET "/login", parameters={}
2026-06-05T12:40:15.026-03:00 DEBUG 19284 --- [libraryapi] [http-nio-8080-exec-9] o.s.w.s.handler.SimpleUrlHandlerMapping  : Mapped to ParameterizableViewController [view="login"]
2026-06-05T12:40:15.028-03:00 TRACE 19284 --- [libraryapi] [http-nio-8080-exec-9] o.s.s.w.header.writers.HstsHeaderWriter  : Not injecting HSTS header since it did not match request to [Is Secure]
2026-06-05T12:40:15.032-03:00 DEBUG 19284 --- [libraryapi] [http-nio-8080-exec-9] o.s.web.servlet.DispatcherServlet        : Completed 200 OK
2026-06-05T12:40:15.033-03:00 TRACE 19284 --- [libraryapi] [http-nio-8080-exec-9] o.s.s.w.a.AnonymousAuthenticationFilter  : Set SecurityContextHolder to AnonymousAuthenticationToken [Principal=anonymousUser, Credentials=[PROTECTED], Authenticated=true, Details=WebAuthenticationDetails [RemoteIpAddress=0:0:0:0:0:0:0:1, SessionId=null], Granted Authorities=[ROLE_ANONYMOUS]]
